-- MySQL dump 10.13  Distrib 8.0.19, for Win64 (x86_64)
--
-- Host: 172.22.25.248    Database: captioneer
-- ------------------------------------------------------
-- Server version	8.0.34-0ubuntu0.22.04.1

/*!40101 SET @OLD_CHARACTER_SET_CLIENT=@@CHARACTER_SET_CLIENT */;
/*!40101 SET @OLD_CHARACTER_SET_RESULTS=@@CHARACTER_SET_RESULTS */;
/*!40101 SET @OLD_COLLATION_CONNECTION=@@COLLATION_CONNECTION */;
/*!50503 SET NAMES utf8mb4 */;
/*!40103 SET @OLD_TIME_ZONE=@@TIME_ZONE */;
/*!40103 SET TIME_ZONE='+00:00' */;
/*!40014 SET @OLD_UNIQUE_CHECKS=@@UNIQUE_CHECKS, UNIQUE_CHECKS=0 */;
/*!40014 SET @OLD_FOREIGN_KEY_CHECKS=@@FOREIGN_KEY_CHECKS, FOREIGN_KEY_CHECKS=0 */;
/*!40101 SET @OLD_SQL_MODE=@@SQL_MODE, SQL_MODE='NO_AUTO_VALUE_ON_ZERO' */;
/*!40111 SET @OLD_SQL_NOTES=@@SQL_NOTES, SQL_NOTES=0 */;

--
-- Table structure for table `Actors`
--

DROP TABLE IF EXISTS `Actors`;
/*!40101 SET @saved_cs_client     = @@character_set_client */;
/*!50503 SET character_set_client = utf8mb4 */;
CREATE TABLE `Actors` (
  `ID` int NOT NULL AUTO_INCREMENT,
  `FirstName` varchar(20) CHARACTER SET utf8mb4 COLLATE utf8mb4_0900_ai_ci NOT NULL,
  `Surname` varchar(25) CHARACTER SET utf8mb4 COLLATE utf8mb4_0900_ai_ci NOT NULL,
  `Portrait` longtext CHARACTER SET utf8mb4 COLLATE utf8mb4_0900_ai_ci,
  PRIMARY KEY (`ID`)
) ENGINE=InnoDB DEFAULT CHARSET=utf8mb4 COLLATE=utf8mb4_0900_ai_ci;
/*!40101 SET character_set_client = @saved_cs_client */;

--
-- Dumping data for table `Actors`
--

LOCK TABLES `Actors` WRITE;
/*!40000 ALTER TABLE `Actors` DISABLE KEYS */;
/*!40000 ALTER TABLE `Actors` ENABLE KEYS */;
UNLOCK TABLES;

--
-- Table structure for table `Creators`
--

DROP TABLE IF EXISTS `Creators`;
/*!40101 SET @saved_cs_client     = @@character_set_client */;
/*!50503 SET character_set_client = utf8mb4 */;
CREATE TABLE `Creators` (
  `ID` int NOT NULL AUTO_INCREMENT,
  `FirstName` varchar(20) CHARACTER SET utf8mb4 COLLATE utf8mb4_0900_ai_ci NOT NULL,
  `Surname` varchar(25) CHARACTER SET utf8mb4 COLLATE utf8mb4_0900_ai_ci NOT NULL,
  PRIMARY KEY (`ID`)
) ENGINE=InnoDB DEFAULT CHARSET=utf8mb4 COLLATE=utf8mb4_0900_ai_ci;
/*!40101 SET character_set_client = @saved_cs_client */;

--
-- Dumping data for table `Creators`
--

LOCK TABLES `Creators` WRITE;
/*!40000 ALTER TABLE `Creators` DISABLE KEYS */;
/*!40000 ALTER TABLE `Creators` ENABLE KEYS */;
UNLOCK TABLES;

--
-- Table structure for table `Genres`
--

DROP TABLE IF EXISTS `Genres`;
/*!40101 SET @saved_cs_client     = @@character_set_client */;
/*!50503 SET character_set_client = utf8mb4 */;
CREATE TABLE `Genres` (
  `ID` int NOT NULL AUTO_INCREMENT,
  `Name` varchar(20) CHARACTER SET utf8mb4 COLLATE utf8mb4_0900_ai_ci NOT NULL,
  PRIMARY KEY (`ID`)
) ENGINE=InnoDB DEFAULT CHARSET=utf8mb4 COLLATE=utf8mb4_0900_ai_ci;
/*!40101 SET character_set_client = @saved_cs_client */;

--
-- Dumping data for table `Genres`
--

LOCK TABLES `Genres` WRITE;
/*!40000 ALTER TABLE `Genres` DISABLE KEYS */;
/*!40000 ALTER TABLE `Genres` ENABLE KEYS */;
UNLOCK TABLES;

--
-- Table structure for table `Languages`
--

DROP TABLE IF EXISTS `Languages`;
/*!40101 SET @saved_cs_client     = @@character_set_client */;
/*!50503 SET character_set_client = utf8mb4 */;
CREATE TABLE `Languages` (
  `ID` int NOT NULL AUTO_INCREMENT,
  `Name` longtext CHARACTER SET utf8mb4 COLLATE utf8mb4_0900_ai_ci NOT NULL,
  `EnglishName` longtext CHARACTER SET utf8mb4 COLLATE utf8mb4_0900_ai_ci NOT NULL,
  `Flag` longtext CHARACTER SET utf8mb4 COLLATE utf8mb4_0900_ai_ci,
  PRIMARY KEY (`ID`)
) ENGINE=InnoDB DEFAULT CHARSET=utf8mb4 COLLATE=utf8mb4_0900_ai_ci;
/*!40101 SET character_set_client = @saved_cs_client */;

--
-- Dumping data for table `Languages`
--

LOCK TABLES `Languages` WRITE;
/*!40000 ALTER TABLE `Languages` DISABLE KEYS */;
/*!40000 ALTER TABLE `Languages` ENABLE KEYS */;
UNLOCK TABLES;

--
-- Table structure for table `Movies`
--

DROP TABLE IF EXISTS `Movies`;
/*!40101 SET @saved_cs_client     = @@character_set_client */;
/*!50503 SET character_set_client = utf8mb4 */;
CREATE TABLE `Movies` (
  `ID` int NOT NULL AUTO_INCREMENT,
  `Synopsis` varchar(600) CHARACTER SET utf8mb4 COLLATE utf8mb4_0900_ai_ci NOT NULL,
  `Year` int NOT NULL,
  `Runtime` int NOT NULL,
  `RatingValue` double NOT NULL,
  `RatingCount` int NOT NULL,
  `CoverArt` longtext CHARACTER SET utf8mb4 COLLATE utf8mb4_0900_ai_ci,
  PRIMARY KEY (`ID`)
) ENGINE=InnoDB DEFAULT CHARSET=utf8mb4 COLLATE=utf8mb4_0900_ai_ci;
/*!40101 SET character_set_client = @saved_cs_client */;

--
-- Dumping data for table `Movies`
--

LOCK TABLES `Movies` WRITE;
/*!40000 ALTER TABLE `Movies` DISABLE KEYS */;
/*!40000 ALTER TABLE `Movies` ENABLE KEYS */;
UNLOCK TABLES;

--
-- Table structure for table `ShootingPlaces`
--

DROP TABLE IF EXISTS `ShootingPlaces`;
/*!40101 SET @saved_cs_client     = @@character_set_client */;
/*!50503 SET character_set_client = utf8mb4 */;
CREATE TABLE `ShootingPlaces` (
  `ID` int NOT NULL AUTO_INCREMENT,
  `Country` varchar(20) CHARACTER SET utf8mb4 COLLATE utf8mb4_0900_ai_ci NOT NULL,
  `City` varchar(20) CHARACTER SET utf8mb4 COLLATE utf8mb4_0900_ai_ci DEFAULT NULL,
  `MapsCoordinates` longtext CHARACTER SET utf8mb4 COLLATE utf8mb4_0900_ai_ci NOT NULL,
  PRIMARY KEY (`ID`)
) ENGINE=InnoDB DEFAULT CHARSET=utf8mb4 COLLATE=utf8mb4_0900_ai_ci;
/*!40101 SET character_set_client = @saved_cs_client */;

--
-- Dumping data for table `ShootingPlaces`
--

LOCK TABLES `ShootingPlaces` WRITE;
/*!40000 ALTER TABLE `ShootingPlaces` DISABLE KEYS */;
/*!40000 ALTER TABLE `ShootingPlaces` ENABLE KEYS */;
UNLOCK TABLES;

--
-- Table structure for table `TVShows`
--

DROP TABLE IF EXISTS `TVShows`;
/*!40101 SET @saved_cs_client     = @@character_set_client */;
/*!50503 SET character_set_client = utf8mb4 */;
CREATE TABLE `TVShows` (
  `ID` int NOT NULL AUTO_INCREMENT,
  `Synopsis` varchar(600) CHARACTER SET utf8mb4 COLLATE utf8mb4_0900_ai_ci NOT NULL,
  `Year` int NOT NULL,
  `SeasonCount` int NOT NULL,
  `EpisodeCount` int NOT NULL,
  `RatingValue` double NOT NULL,
  `RatingCount` int NOT NULL,
  `CoverArt` longtext CHARACTER SET utf8mb4 COLLATE utf8mb4_0900_ai_ci,
  PRIMARY KEY (`ID`)
) ENGINE=InnoDB DEFAULT CHARSET=utf8mb4 COLLATE=utf8mb4_0900_ai_ci;
/*!40101 SET character_set_client = @saved_cs_client */;

--
-- Dumping data for table `TVShows`
--

LOCK TABLES `TVShows` WRITE;
/*!40000 ALTER TABLE `TVShows` DISABLE KEYS */;
/*!40000 ALTER TABLE `TVShows` ENABLE KEYS */;
UNLOCK TABLES;

--
-- Table structure for table `Users`
--

DROP TABLE IF EXISTS `Users`;
/*!40101 SET @saved_cs_client     = @@character_set_client */;
/*!50503 SET character_set_client = utf8mb4 */;
CREATE TABLE `Users` (
  `ID` int NOT NULL AUTO_INCREMENT,
  `Username` varchar(10) CHARACTER SET utf8mb4 COLLATE utf8mb4_0900_ai_ci NOT NULL,
  `Email` longtext CHARACTER SET utf8mb4 COLLATE utf8mb4_0900_ai_ci NOT NULL,
  `Password` varchar(15) CHARACTER SET utf8mb4 COLLATE utf8mb4_0900_ai_ci NOT NULL,
  `ProfileImage` longtext CHARACTER SET utf8mb4 COLLATE utf8mb4_0900_ai_ci,
  `AdminID` int DEFAULT NULL,
  `Discriminator` longtext CHARACTER SET utf8mb4 COLLATE utf8mb4_0900_ai_ci NOT NULL,
  PRIMARY KEY (`ID`),
  KEY `FK_Users_Users_AdminID` (`AdminID`),
  CONSTRAINT `FK_Users_Users_AdminID` FOREIGN KEY (`AdminID`) REFERENCES `Users` (`ID`)
) ENGINE=InnoDB DEFAULT CHARSET=utf8mb4 COLLATE=utf8mb4_0900_ai_ci;
/*!40101 SET character_set_client = @saved_cs_client */;

--
-- Dumping data for table `Users`
--

LOCK TABLES `Users` WRITE;
/*!40000 ALTER TABLE `Users` DISABLE KEYS */;
/*!40000 ALTER TABLE `Users` ENABLE KEYS */;
UNLOCK TABLES;

--
-- Table structure for table `__EFMigrationsHistory`
--

DROP TABLE IF EXISTS `__EFMigrationsHistory`;
/*!40101 SET @saved_cs_client     = @@character_set_client */;
/*!50503 SET character_set_client = utf8mb4 */;
CREATE TABLE `__EFMigrationsHistory` (
  `MigrationId` varchar(150) CHARACTER SET utf8mb4 COLLATE utf8mb4_0900_ai_ci NOT NULL,
  `ProductVersion` varchar(32) CHARACTER SET utf8mb4 COLLATE utf8mb4_0900_ai_ci NOT NULL,
  PRIMARY KEY (`MigrationId`)
) ENGINE=InnoDB DEFAULT CHARSET=utf8mb4 COLLATE=utf8mb4_0900_ai_ci;
/*!40101 SET character_set_client = @saved_cs_client */;

--
-- Dumping data for table `__EFMigrationsHistory`
--

LOCK TABLES `__EFMigrationsHistory` WRITE;
/*!40000 ALTER TABLE `__EFMigrationsHistory` DISABLE KEYS */;
INSERT INTO `__EFMigrationsHistory` VALUES ('20230818085126_admin class update','6.0.11');
/*!40000 ALTER TABLE `__EFMigrationsHistory` ENABLE KEYS */;
UNLOCK TABLES;

--
-- Table structure for table `__efmigrationshistory`
--

DROP TABLE IF EXISTS `__efmigrationshistory`;
/*!40101 SET @saved_cs_client     = @@character_set_client */;
/*!50503 SET character_set_client = utf8mb4 */;
CREATE TABLE `__efmigrationshistory` (
  `MigrationId` varchar(150) CHARACTER SET utf8mb4 COLLATE utf8mb4_0900_ai_ci NOT NULL,
  `ProductVersion` varchar(32) CHARACTER SET utf8mb4 COLLATE utf8mb4_0900_ai_ci NOT NULL,
  PRIMARY KEY (`MigrationId`)
) ENGINE=InnoDB DEFAULT CHARSET=utf8mb4 COLLATE=utf8mb4_0900_ai_ci;
/*!40101 SET character_set_client = @saved_cs_client */;

--
-- Dumping data for table `__efmigrationshistory`
--

LOCK TABLES `__efmigrationshistory` WRITE;
/*!40000 ALTER TABLE `__efmigrationshistory` DISABLE KEYS */;
INSERT INTO `__efmigrationshistory` VALUES ('20221109235306_InitialMigration','6.0.11'),('20221110205311_FixAdmin','6.0.11'),('20221114123807_AddTitles','6.0.11'),('20221114192045_FixTVShowYear','6.0.11'),('20221114204030_RemoveProperties','6.0.11'),('20221114205353_AddedProperties','6.0.11'),('20221114222520_NullableMapsCoordinates','6.0.11'),('20221115161440_AddIMDBID','6.0.11'),('20221115161838_ChangeYearToString','6.0.11'),('20221115163605_ChangeMovieShowTitle','6.0.11'),('20221116154444_NullableEpisodeCount','6.0.11'),('20221116154735_ChangeYearLength','6.0.11'),('20221117153110_ChangeSeason','6.0.11'),('20221117165924_EditEpisode','6.0.11'),('20221117172539_AddEpisodeNumber','6.0.11'),('20221117183102_AddEpisodeNumber','6.0.11'),('20221122170016_AddUsersLanguages','6.0.11'),('20221122185628_AddLanguageCode','6.0.11'),('20230108125115_AddFavoriteMovies','6.0.11'),('20230108135011_AddUserMovies','6.0.11'),('20230108143411_AddUserTVShows','6.0.12'),('20230110205310_NullableCommentFKs','6.0.12'),('20230111165012_User','6.0.12'),('20230111170950_User','6.0.12'),('20230111171402_User','6.0.12'),('20230116234805_SubtitleMovie','6.0.13'),('20230117140701_AddReleaseToTranslation','6.0.13'),('20230307165916_RemoveStringLimits','6.0.11'),('20230307181128_RemoveTitleLengthLimit','6.0.11'),('20230307181430_RemoveCountryLimitLength','6.0.11'),('20230510170240_Added-Followers-SQLTable','6.0.11'),('20230510170507_Updated-Followers-SQLTable','6.0.11'),('20230511160542_Updated-Follower-Table-V2','6.0.11'),('20230511171117_Updated-Follower-Table-V3','6.0.11'),('20230511171355_Updated-Follower-Table-V4','6.0.11'),('20230520101327_Added-isBannedPropertyInUser','6.0.11');
/*!40000 ALTER TABLE `__efmigrationshistory` ENABLE KEYS */;
UNLOCK TABLES;

--
-- Table structure for table `actormovies`
--

DROP TABLE IF EXISTS `actormovies`;
/*!40101 SET @saved_cs_client     = @@character_set_client */;
/*!50503 SET character_set_client = utf8mb4 */;
CREATE TABLE `actormovies` (
  `ActorID` int NOT NULL,
  `MovieID` int NOT NULL,
  PRIMARY KEY (`ActorID`,`MovieID`),
  KEY `IX_ActorMovies_MovieID` (`MovieID`),
  CONSTRAINT `FK_ActorMovies_Actors_ActorID` FOREIGN KEY (`ActorID`) REFERENCES `actors` (`ID`) ON DELETE CASCADE,
  CONSTRAINT `FK_ActorMovies_Movies_MovieID` FOREIGN KEY (`MovieID`) REFERENCES `movies` (`ID`) ON DELETE CASCADE
) ENGINE=InnoDB DEFAULT CHARSET=utf8mb4 COLLATE=utf8mb4_0900_ai_ci;
/*!40101 SET character_set_client = @saved_cs_client */;

--
-- Dumping data for table `actormovies`
--

LOCK TABLES `actormovies` WRITE;
/*!40000 ALTER TABLE `actormovies` DISABLE KEYS */;
INSERT INTO `actormovies` VALUES (25,16),(26,16),(27,16),(25,17),(33,17),(34,17),(30,18),(31,18),(32,18),(10,19),(11,19),(12,19),(10,20),(11,20),(35,20),(10,22),(11,22),(35,22),(38,23),(39,23),(40,23),(41,24),(42,24),(43,24),(27,25),(65,25),(66,25),(67,26),(13,27),(68,27),(69,27),(73,28),(74,28),(75,28),(85,34),(86,34),(87,34),(12,37),(28,37),(29,37),(96,38),(97,38),(98,38),(99,38),(100,39),(101,39),(102,39),(103,40),(104,40),(105,40),(106,41),(107,41),(108,41),(113,43),(114,43),(115,43),(116,44),(117,44),(118,44),(119,45),(120,45),(121,45),(125,47),(126,47),(127,47),(131,49),(132,49),(133,49),(23,51),(146,51),(147,51),(160,52),(161,52),(162,52),(101,53),(166,53),(167,53),(168,54),(169,54),(170,54),(171,55),(172,55),(173,55),(174,56),(175,56),(176,56),(178,58),(179,58),(180,58),(181,59),(182,59),(183,59),(184,60),(185,60),(186,60),(187,61),(188,61),(189,61),(190,62),(191,62),(192,62),(187,63),(188,63),(194,63),(171,64),(195,64),(196,64),(197,65),(198,65),(199,65),(200,66),(201,66),(202,66),(203,67),(204,67),(205,67),(190,68),(206,68),(207,68),(208,69),(209,69),(210,69),(211,70),(212,70),(213,70),(217,71),(218,71),(219,71),(220,72),(221,72),(222,72),(167,73),(223,73),(224,73),(217,74),(225,74),(226,74),(227,75),(228,75),(229,75),(230,76),(231,76),(232,76),(233,77),(234,77),(235,77),(232,78),(236,78),(237,78),(239,80),(240,80),(241,80),(238,81),(242,82),(243,82),(244,82),(229,83),(245,83),(246,83),(227,84),(247,84),(248,84),(249,85),(250,85),(251,85),(232,86),(242,86),(252,86),(242,87),(253,87),(254,87),(255,88),(256,88),(260,90),(261,90),(262,90),(181,91),(266,91),(267,91),(268,92),(269,92),(270,92),(181,93),(271,93),(272,93),(24,94),(273,94),(274,94),(275,95),(276,95),(277,95),(278,96),(279,96),(280,96),(281,97),(282,97),(283,97),(284,98),(285,98),(286,98),(181,99),(296,99),(297,99),(301,100),(302,100),(303,100),(173,101),(304,101),(305,101),(306,102),(307,102),(308,102),(309,103),(310,103),(311,103),(200,104),(315,104),(316,104),(320,105),(321,105),(322,105),(323,106),(324,106),(325,106),(323,107),(324,107),(325,107),(329,108),(330,108),(331,108),(332,109),(333,109),(334,109),(335,110),(336,110),(337,110),(323,111),(324,111),(325,111),(188,112),(189,112),(194,112),(338,113),(339,113),(340,113),(230,114),(338,114),(341,114),(187,115),(188,115),(343,115),(344,116),(345,116),(346,116),(347,117),(348,117),(349,117),(350,118),(351,118),(352,118),(353,119),(354,119),(355,119),(356,120),(357,120),(358,120),(119,121),(359,121),(360,121),(350,122),(361,122),(362,122),(338,123),(354,123),(363,123),(364,124),(365,124),(366,124),(219,125),(367,125),(368,125),(369,126),(370,126),(371,126),(372,127),(373,127),(374,127),(338,128),(375,128),(376,128),(377,129),(378,129),(379,129),(254,130),(381,130),(382,130),(338,131),(383,131),(384,131),(238,132),(385,133),(386,133),(387,133),(388,134),(389,134),(390,134),(255,135),(391,135),(392,135),(393,136),(394,136),(395,136),(65,137),(184,137),(399,137),(173,138),(403,138),(404,138),(185,139),(408,139),(409,139),(410,140),(411,140),(412,140),(101,141),(403,141),(413,141),(414,142),(415,142),(416,142),(131,143),(421,143),(422,143),(426,144),(427,144),(428,144),(65,145),(429,145),(430,145),(431,146),(432,146),(433,146),(73,147),(416,147),(436,147),(169,148),(437,148),(438,148),(303,149),(442,149),(443,149),(172,150),(444,150),(445,150),(274,151),(410,151),(446,151),(450,152),(451,152),(452,152),(271,153),(453,153),(454,153),(31,154),(276,154),(457,154),(403,155),(467,155),(468,155),(469,156),(470,156),(471,156),(472,157),(473,157),(474,157),(478,158),(479,158),(480,158),(172,159),(481,159),(482,159),(32,160),(472,160),(483,160),(425,161),(434,161),(484,161),(301,162),(302,162),(485,162),(171,163),(486,163),(487,163),(469,164),(488,164),(489,164),(490,165),(491,165),(492,165),(184,166),(496,166),(497,166),(13,167),(172,167),(500,167),(403,168),(501,168),(502,168),(503,169),(504,169),(505,169),(134,170),(506,170),(507,170),(508,171),(509,171),(510,171),(13,172),(428,172),(511,172),(512,173),(513,173),(514,173),(515,174),(516,174),(517,174),(518,175),(519,175),(520,175),(524,176),(525,176),(526,176),(530,177),(531,177),(532,177),(536,178),(537,178),(538,178),(172,179),(539,179),(540,179),(541,180),(542,180),(543,180),(544,181),(545,181),(546,181),(547,182),(548,182),(549,182),(566,183),(567,183),(568,183),(569,184),(570,184),(571,184),(287,185),(288,185),(572,185),(354,186),(576,186),(577,186),(566,187),(578,187),(579,187),(263,188),(580,188),(581,188),(585,189),(586,189),(587,189),(588,190),(589,190),(590,190),(591,191),(592,191),(593,191),(594,192),(595,192),(596,192),(329,193),(597,193),(598,193),(599,194),(578,195),(600,195),(601,195),(353,196),(578,196),(602,196),(381,197),(603,197),(604,197),(605,198),(371,199),(606,199),(607,199),(576,200),(577,200),(608,200),(390,201),(609,201),(610,201),(614,203),(615,203),(616,203),(617,204),(618,204),(619,204),(601,205),(620,205),(621,205),(188,206),(193,206),(622,206),(567,207),(600,207),(623,207),(566,208),(624,208),(625,208),(618,209),(626,209),(627,209),(354,210),(566,210),(628,210),(629,211),(630,211),(631,211),(566,212),(624,212),(632,212),(238,213),(335,214),(633,215),(634,215),(635,215),(636,216),(637,216),(638,216),(639,217),(640,217),(641,217),(637,218),(642,218),(643,218),(605,219),(605,220),(644,220),(645,220),(646,221),(647,221),(648,221),(188,222),(189,222),(649,222),(650,223),(651,223),(652,223),(607,224),(642,224),(653,224),(367,225),(610,225),(654,225),(568,226),(576,226),(655,226),(366,227),(578,227),(607,227),(656,228),(657,228),(658,228),(338,229),(659,229),(660,229),(670,230),(671,230),(672,230),(673,231),(674,231),(675,231),(131,232),(410,232),(688,232),(698,233),(699,233),(700,233),(700,234),(707,234),(708,234),(41,235),(131,235),(715,235),(5,236),(131,236),(414,236),(722,237),(723,237),(724,237),(65,238),(725,238),(726,238),(173,239),(470,239),(736,239),(28,240),(737,240),(738,240),(410,241),(745,241),(746,241),(179,242),(747,242),(748,242),(410,243),(749,243),(750,243),(754,244),(755,244),(756,244),(757,245),(758,245),(759,245),(12,246),(403,246),(760,246),(416,247),(492,247),(675,247),(29,248),(764,248),(765,248),(708,249),(769,249),(770,249),(737,250),(771,250),(772,250),(503,251),(773,251),(774,251),(266,252),(775,252),(776,252),(777,253),(778,253),(779,253),(450,254),(782,254),(783,254),(784,255),(785,255),(786,255),(25,256),(276,256),(790,256),(791,257),(792,257),(793,257),(276,258),(794,258),(795,258),(692,259),(777,259),(796,259),(430,260),(777,260),(800,260),(796,261),(801,261),(802,261),(134,262),(803,262),(804,262),(5,263),(13,263),(805,263),(806,264),(807,264),(808,264),(809,265),(810,265),(811,265),(818,266),(819,266),(820,266),(827,267),(828,267),(829,267),(833,268),(834,268),(835,268),(442,269),(700,269),(836,269),(13,270),(503,270),(837,270),(838,271),(839,271),(840,271),(119,272),(841,272),(842,272),(843,273),(844,273),(845,273),(846,274),(847,274),(848,274),(404,275),(849,275),(850,275),(667,276),(851,276),(852,276),(856,277),(857,277),(858,277),(862,278),(863,278),(864,278),(503,279),(865,279),(866,279),(5,280),(173,280),(867,280),(818,281),(873,281),(874,281),(670,282),(707,282),(875,282),(843,283),(876,283),(877,283),(878,284),(879,284),(880,284),(881,285),(882,285),(883,285),(119,286),(540,286),(884,286),(353,287),(885,287),(886,287),(100,288),(887,288),(888,288),(892,289),(893,289),(894,289),(725,290),(898,290),(899,290),(42,291),(900,291),(901,291),(492,292),(902,292),(903,292),(758,293),(907,293),(908,293),(524,294),(909,294),(910,294),(277,295),(911,295),(912,295),(737,296),(881,296),(913,296),(404,297),(747,297),(754,297),(923,298),(924,298),(925,298),(932,299),(933,299),(934,299),(935,300),(936,300),(937,300),(938,301),(939,301),(940,301),(42,302),(681,302),(941,302),(900,303),(942,303),(943,303),(877,304),(944,304),(945,304),(946,305),(947,305),(948,305),(278,306),(844,306),(949,306),(263,307),(950,307),(951,307),(952,308),(953,308),(954,308),(353,309),(958,309),(959,309),(883,310),(949,310),(969,310),(846,311),(970,311),(971,311),(108,312),(972,312),(973,312),(950,313),(974,313),(975,313),(725,314),(976,314),(977,314),(503,315),(978,315),(979,315),(945,316),(980,316),(981,316),(238,317),(982,318),(983,318),(984,318),(990,319),(996,320),(997,320),(998,320),(999,321),(1000,321),(1001,321),(353,322),(1006,322),(1007,322),(764,323),(1008,323),(1009,323),(199,324),(1010,324),(1011,324),(943,325),(1018,325),(1019,325),(335,326),(480,326),(1024,326),(801,327),(1028,327),(1029,327),(238,328),(733,329),(1039,329),(1040,329),(1041,330),(1042,330),(1043,330),(1044,331),(1045,331),(1046,331),(1047,332),(1048,332),(1049,332),(101,333),(491,333),(1050,333),(509,334),(1051,334),(1052,334),(761,335),(762,335),(763,335),(650,336),(1058,336),(1059,336),(1060,337),(1061,337),(1062,337),(836,338),(1063,338),(1064,338),(1068,339),(1069,339),(1070,339),(1071,340),(1072,340),(1073,340),(761,341),(762,341),(763,341),(230,342),(566,342),(567,342),(566,343),(579,343),(608,343),(1077,344),(1078,344),(1079,344),(238,345),(1080,346),(1081,346),(1082,346),(621,347),(647,347),(1083,347),(1087,348),(1088,348),(1089,348),(902,349),(1090,349),(1091,349),(681,350),(1063,350),(1092,350),(464,351),(1096,351),(1097,351),(566,352),(1098,352),(1099,352),(1100,353),(1101,353),(1102,353),(751,354),(1106,354),(1107,354),(353,355),(1108,355),(1109,355),(338,356),(621,356),(1121,356),(1122,357),(1123,358),(1124,358),(1125,358),(1126,359),(1127,360),(353,361),(608,361),(1131,361),(626,362),(885,362),(1132,362),(1136,363),(1137,363),(1138,363),(1139,364),(1140,364),(1141,364),(1142,365),(1143,365),(1144,365),(1145,366),(1146,366),(1147,366),(74,367),(1148,367),(1149,367),(1123,368),(1150,368),(1151,368),(733,369),(1039,369),(1152,369),(614,370),(1153,370),(1154,370),(966,371),(967,371),(968,371),(1158,372),(1142,373),(1143,373),(1159,373),(733,374),(1039,374),(1160,374),(566,375),(1161,375),(1162,375),(1077,376),(1078,376),(1163,376),(733,377),(1039,377),(1152,377),(1161,378),(1164,378),(1165,378),(1166,379),(1167,379),(1168,379),(1172,380),(1173,380),(1174,380),(1124,381),(1175,381),(1176,381),(1177,382),(1178,382),(1179,382),(1180,383),(1181,383),(1182,383),(608,384),(1131,384),(1183,384),(617,385),(1184,385),(1185,385),(464,386),(1096,386),(1097,386),(1186,387),(1187,387),(1188,387),(1191,388),(1192,388),(1193,388),(621,389),(647,389),(1194,389),(1125,390),(1175,390),(1195,390),(1196,391),(1197,391),(1198,391),(1199,392),(1200,392),(1201,392),(1202,393),(566,394),(568,394),(1203,394),(733,395),(1039,395),(1160,395),(1125,396),(1204,396),(1205,396),(568,397),(1121,397),(1195,397),(1175,398),(1212,398),(1213,398),(1214,399),(1215,399),(1216,399),(1123,400),(1150,400),(1217,400),(230,401),(566,401),(568,401),(1218,402),(1219,402),(1220,402),(733,403),(1039,403),(1040,403),(659,404),(1221,404),(1222,404),(236,405),(1212,405),(1223,405),(1196,406),(1228,406),(1229,406),(566,407),(1150,407),(1230,407),(1163,408),(1223,408),(1231,408),(566,409),(568,409),(643,409),(1162,410),(1232,410),(1233,410),(1234,411),(1235,411),(1236,411),(417,412),(1159,412),(1237,412),(1196,413),(1238,413),(1239,413),(1077,414),(1161,414),(1240,414),(1241,415),(1242,415),(1243,415),(1244,416),(1245,416),(1246,416),(371,417),(1212,417),(1232,417),(761,418),(762,418),(1247,418),(733,419),(1039,419),(1251,419),(1252,420),(1253,420),(1254,420),(1252,421),(1255,421),(1256,421),(1257,422),(1258,422),(1259,422),(464,423),(1096,423),(1097,423),(1252,424),(1263,424),(1264,424),(1232,425),(1238,425),(1265,425),(1121,426),(1161,426),(1204,426),(1266,427),(1267,427),(1268,427),(608,428),(1078,428),(1269,428),(1270,429),(1271,429),(1272,429),(1273,430),(1274,430),(1275,430),(1278,431),(1279,431),(1280,431),(238,432),(177,433),(22,436),(23,436),(24,436),(60,437),(1292,437),(1293,437);
/*!40000 ALTER TABLE `actormovies` ENABLE KEYS */;
UNLOCK TABLES;

--
-- Table structure for table `actors`
--

DROP TABLE IF EXISTS `actors`;
/*!40101 SET @saved_cs_client     = @@character_set_client */;
/*!50503 SET character_set_client = utf8mb4 */;
CREATE TABLE `actors` (
  `ID` int NOT NULL AUTO_INCREMENT,
  `FirstName` varchar(20) CHARACTER SET utf8mb4 COLLATE utf8mb4_0900_ai_ci NOT NULL,
  `Surname` varchar(25) CHARACTER SET utf8mb4 COLLATE utf8mb4_0900_ai_ci NOT NULL,
  PRIMARY KEY (`ID`)
) ENGINE=InnoDB AUTO_INCREMENT=1297 DEFAULT CHARSET=utf8mb4 COLLATE=utf8mb4_0900_ai_ci;
/*!40101 SET character_set_client = @saved_cs_client */;

--
-- Dumping data for table `actors`
--

LOCK TABLES `actors` WRITE;
/*!40000 ALTER TABLE `actors` DISABLE KEYS */;
INSERT INTO `actors` VALUES (4,'Michael','Keaton'),(5,'Jack','Nicholson'),(6,'Kim','Basinger'),(10,'Elijah','Wood'),(11,'Ian','McKellen'),(12,'Orlando','Bloom'),(13,'Keanu','Reeves'),(14,'Michael','Nyqvist'),(15,'Alfie','Allen'),(16,'Angel','Dennis-Serhan'),(17,'Teddy','Dennis-Serhan'),(18,'Summer','Dodd'),(19,'Dennis','Impink'),(20,'Lisa','Emmerik'),(21,'Junaid','Chundrigar'),(22,'Mark','Hamill'),(23,'Harrison','Ford'),(24,'Carrie','Fisher'),(25,'Christian','Bale'),(26,'Michael','Caine'),(27,'Ken','Watanabe'),(28,'Eva','Green'),(29,'Liam','Neeson'),(30,'Marlon','Brando'),(31,'Al','Pacino'),(32,'James','Caan'),(33,'Heath','Ledger'),(34,'Aaron','Eckhart'),(35,'Viggo','Mortensen'),(36,'Brad','Stapleton'),(37,'Jeff','Weinkam'),(38,'Daniel','Kovac'),(39,'Amra','Latific'),(40,'Marina','Markovic'),(41,'Joseph','Gordon-Levitt'),(42,'Bruce','Willis'),(43,'Emily','Blunt'),(50,'Jack','Bannon'),(51,'Ben','Aldridge'),(52,'Emma','Paetz'),(53,'Emilia','Clarke'),(54,'Peter','Dinklage'),(55,'Kit','Harington'),(56,'Rhys','Ifans'),(57,'Fabien','Frankel'),(58,'Matt','Smith'),(59,'Bryan','Cranston'),(60,'Aaron','Paul'),(61,'Anna','Gunn'),(62,'Diego','Luna'),(63,'Stellan','Skarsgård'),(64,'Alex','Ferns'),(65,'Tom','Cruise'),(66,'Billy','Connolly'),(67,'Chris','Harvey'),(68,'Laurence','Fishburne'),(69,'Carrie-Anne','Moss'),(70,'Damon','Wayans'),(71,'Keesha','Sharp'),(72,'Kevin','Rahm'),(73,'Uma','Thurman'),(74,'David','Carradine'),(75,'Daryl','Hannah'),(76,'Uma','Thurman'),(77,'David','Carradine'),(78,'Uma','Thurman'),(79,'David','Carradine'),(80,'Daryl','Hannah'),(81,'Uma','Thurman'),(82,'Uma','Thurman'),(83,'David','Carradine'),(84,'Daryl','Hannah'),(85,'Oscar','Isaac'),(86,'Tiffany','Haddish'),(87,'Tye','Sheridan'),(88,'Oscar','Isaac'),(89,'Tiffany','Haddish'),(90,'Dan','Castellaneta'),(91,'Nancy','Cartwright'),(92,'Harry','Shearer'),(93,'Tom','Ellis'),(94,'Lauren','German'),(95,'Kevin','Alejandro'),(96,'Ralph','Cooley'),(97,'Phillip','Enriquez'),(98,'Gregory','Labenz'),(99,'Amy','MacDonald'),(100,'Jet','Li'),(101,'Jason','Statham'),(102,'Nadine','Velazquez'),(103,'Adrien','Brody'),(104,'Thomas','Kretschmann'),(105,'Frank','Finlay'),(106,'Shia','LaBeouf'),(107,'Megan','Fox'),(108,'Josh','Duhamel'),(109,'Alex','Borstein'),(110,'Steve','Callaghan'),(111,'David','A.'),(112,'Seth','Green'),(113,'Trey','Parker'),(114,'Matt','Stone'),(115,'Mary','Kay'),(116,'Tom','Kenny'),(117,'Jeffrey','Tambor'),(118,'Rodger','Bumpass'),(119,'Denzel','Washington'),(120,'Ryan','Reynolds'),(121,'Robert','Patrick'),(122,'Henny','Porten'),(123,'Wolfgang','von'),(124,'Livio','Pavanelli'),(125,'Shirley','Yu'),(126,'Ping','Chen'),(127,'Hsieh','Wang'),(128,'Sam','Kasem'),(129,'Maegan','Mandarino'),(130,'Michael','Milford'),(131,'Leonardo','DiCaprio'),(132,'Djimon','Hounsou'),(133,'Jennifer','Connelly'),(134,'Sylvester','Stallone'),(135,'Andrea','Savage'),(136,'Martin','Starr'),(146,'Karen','Allen'),(147,'Paul','Freeman'),(160,'Fulu','Mugovhani'),(161,'O.C.','Ukeje'),(162,'Nthati','Moshesh'),(166,'Ben','Foster'),(167,'Donald','Sutherland'),(168,'Hugo','Weaving'),(169,'Natalie','Portman'),(170,'Rupert','Graves'),(171,'Clint','Eastwood'),(172,'Gene','Hackman'),(173,'Morgan','Freeman'),(174,'Sam','Riley'),(175,'Alice','Barrett'),(176,'Gaby','Hoffmann'),(177,'Roy','Dotrice'),(178,'Gerard','Butler'),(179,'Tom','Wilkinson'),(180,'Idris','Elba'),(181,'Robert','De'),(182,'Jodie','Foster'),(183,'Cybill','Shepherd'),(184,'Jon','Voight'),(185,'Burt','Reynolds'),(186,'Ned','Beatty'),(187,'Graham','Chapman'),(188,'John','Cleese'),(189,'Eric','Idle'),(190,'Lee','Marvin'),(191,'Ernest','Borgnine'),(192,'Charles','Bronson'),(193,'Terry','Gilliam'),(194,'Michael','Palin'),(195,'Andrew','Robinson'),(196,'Harry','Guardino'),(197,'Warren','Beatty'),(198,'Faye','Dunaway'),(199,'Michael','J.'),(200,'Brooke','Shields'),(201,'Christopher','Atkins'),(202,'Leo','McKern'),(203,'David','Niven'),(204,'Gregory','Peck'),(205,'Anthony','Quinn'),(206,'Burt','Lancaster'),(207,'Robert','Ryan'),(208,'Richard','Pryor'),(209,'Patti','LaBelle'),(210,'Huey','P.'),(211,'Bing','Crosby'),(212,'Danny','Kaye'),(213,'Rosemary','Clooney'),(217,'Farid','Shawqi'),(218,'Hind','Rustum'),(219,'Youssef','Chahine'),(220,'Gert','Westphal'),(221,'Stephen','Murray'),(222,'Artur','Axmann'),(223,'Jane','Fonda'),(224,'Pamela','Donegan'),(225,'Naglaa','Fathi'),(226,'Ahmed','Zaki'),(227,'Mahmoud','Al'),(228,'Nagwa','Ibrahim'),(229,'Ezzat','El'),(230,'Amitabh','Bachchan'),(231,'Shatrughan','Sinha'),(232,'Zeenat','Aman'),(233,'Ahmad','Mazhar'),(234,'Salah','Zulfikar'),(235,'Nadia','Lutfi'),(236,'Dharmendra',' '),(237,'Hema','Malini'),(238,'N/A',' '),(239,'Faten','Hamamah'),(240,'Omar','Sharif'),(241,'Ahmed','Ramzy'),(242,'Shammi','Kapoor'),(243,'Padmini',' '),(244,'Maria','Menado'),(245,'Mireille','Maalouf'),(246,'Joseph','Bou'),(247,'Huda','Sultan'),(248,'Shukri','Sarhan'),(249,'Mahendra','Sandhu'),(250,'Danny','Denzongpa'),(251,'Jagdeep',' '),(252,'Sanjeev','Kumar'),(253,'Mala','Sinha'),(254,'Raaj','Kumar'),(255,'Nabil','Ismaïl'),(256,'Marcel','Khalife'),(257,'Kimti','Anand'),(258,'Rajendranath','Malhotra'),(259,'Katy','Mirza'),(260,'Uttam','Kumar'),(261,'Sulakshana','Pandit'),(262,'Utpal','Dutt'),(263,'Jerry','Seinfeld'),(264,'Julia','Louis-Dreyfus'),(265,'Michael','Richards'),(266,'Ray','Liotta'),(267,'Joe','Pesci'),(268,'Matthew','Modine'),(269,'R.','Lee'),(270,'Vincent','D\'Onofrio'),(271,'James','Woods'),(272,'Elizabeth','McGovern'),(273,'Billy','Crystal'),(274,'Meg','Ryan'),(275,'Heather','Langenkamp'),(276,'Johnny','Depp'),(277,'Robert','Englund'),(278,'Shirley','MacLaine'),(279,'Olympia','Dukakis'),(280,'Sally','Field'),(281,'Steve','Guttenberg'),(282,'G.W.','Bailey'),(283,'Kim','Cattrall'),(284,'Keith','Gordon'),(285,'John','Stockwell'),(286,'Alexandra','Paul'),(287,'David','Hasselhoff'),(288,'Edward','Mulhare'),(289,'Richard','Basehart'),(290,'Michael','Angelis'),(291,'Keith','Wickham'),(292,'Michael','Brandon'),(293,'Mark-Paul','Gosselaar'),(294,'Mario','Lopez'),(295,'Dustin','Diamond'),(296,'Robin','Williams'),(297,'Julie','Kavner'),(298,'Pat','Sajak'),(299,'Vanna','White'),(300,'Charlie','O\'Donnell'),(301,'Chevy','Chase'),(302,'Beverly','D\'Angelo'),(303,'Juliette','Lewis'),(304,'Beverly','Todd'),(305,'Robert','Guillaume'),(306,'Eddie','Murphy'),(307,'Tatyana','Ali'),(308,'Billie','Allen'),(309,'Tracy','Camilla'),(310,'Tommy','Redmond'),(311,'John','Canada'),(312,'Gerald','McRaney'),(313,'Shanna','Reed'),(314,'Nicole','Dubuc'),(315,'Martin','Hewitt'),(316,'Shirley','Knight'),(317,'David','Jason'),(318,'Terry','Scott'),(319,'Edward','Kelsey'),(320,'Tovino','Thomas'),(321,'Keerthy','Suresh'),(322,'Anu','Mohan'),(323,'Tôru','Furuya'),(324,'Shûichi','Ikeda'),(325,'Hirotaka','Suzuoki'),(326,'Steven','Kynman'),(327,'David','Carling'),(328,'Tegwen','Tucker'),(329,'Sam','Kinison'),(330,'Florence','Marie'),(331,'Denise','Gallup'),(332,'Luis','Brandoni'),(333,'China','Zorrilla'),(334,'Antonio','Gasalla'),(335,'Tim','Allen'),(336,'Ken','Calvert'),(337,'John','Schmidt'),(338,'Mithun','Chakraborty'),(339,'Kim',' '),(340,'Kalpana','Iyer'),(341,'Madhavi',' '),(343,'Steve','Martin'),(344,'Ricky','Schroder'),(345,'Jon','DeVries'),(346,'Debra','Mooney'),(347,'Ken','Olin'),(348,'Jill','Eikenberry'),(349,'Maureen','Mueller'),(350,'Judith','Light'),(351,'Lukas','Haas'),(352,'Michael','Bowen'),(353,'Aamir','Khan'),(354,'Madhuri','Dixit'),(355,'Saeed','Jaffrey'),(356,'Daniel','J.'),(357,'JoBeth','Williams'),(358,'Richard','Masur'),(359,'Lynn','Whitfield'),(360,'Akosua','Busia'),(361,'Michael','Ontkean'),(362,'Jerry','Orbach'),(363,'Suresh','Oberoi'),(364,'Vinod','Khanna'),(365,'Dimple','Kapadia'),(366,'Jackie','Shroff'),(367,'Youssra',' '),(368,'Hussein','Fahmy'),(369,'Ashok','Kumar'),(370,'Dilip','Kumar'),(371,'Rishi','Kapoor'),(372,'Nancy','McKeon'),(373,'Valerie','Harper'),(374,'Stephen','Macht'),(375,'Rekha',' '),(376,'Mandakini',' '),(377,'Pam','Dawber'),(378,'Michael','Nouri'),(379,'Bess','Meyer'),(380,'Morgan','Bradley'),(381,'Rakhee','Gulzar'),(382,'Raj','Babbar'),(383,'Bindu','Desai'),(384,'Krishan','Dhawan'),(385,'Rakesh','Bedi'),(386,'Avtar','Gill'),(387,'Gulshan','Grover'),(388,'Oussama','Nadir'),(389,'Mohsen','Mohieddin'),(390,'Nour','El-Sherif'),(391,'Soraya','Khoury'),(392,'Roger','Hawa'),(393,'Jill','Clayburgh'),(394,'Brad','Davis'),(395,'Sam','Behrens'),(396,'Jeff','Probst'),(397,'Lillian','Morris'),(398,'Jon','Dalton'),(399,'Emmanuelle','Béart'),(400,'Richard','Dean'),(401,'Michael','Shanks'),(402,'Amanda','Tapping'),(403,'Brad','Pitt'),(404,'Kevin','Spacey'),(405,'Rica','Matsumoto'),(406,'Megumi','Toyoguchi'),(407,'Yûji','Ueda'),(408,'Mark','Wahlberg'),(409,'Julianne','Moore'),(410,'Tom','Hanks'),(411,'Robin','Wright'),(412,'Gary','Sinise'),(413,'Stephen','Graham'),(414,'Matt','Damon'),(415,'Gwyneth','Paltrow'),(416,'Jude','Law'),(417,'Mayumi','Tanaka'),(418,'Laurent','Vernin'),(419,'Tony','Beck'),(420,'Scott','Feldman'),(421,'Kate','Winslet'),(422,'Billy','Zane'),(423,'Kôichi','Yamadera'),(424,'Unshô','Ishizuka'),(425,'Megumi','Hayashibara'),(426,'Casper','Van'),(427,'Denise','Richards'),(428,'Dina','Meyer'),(429,'Dougray','Scott'),(430,'Thandiwe','Newton'),(431,'Jim','Carrey'),(432,'Jeff','Daniels'),(433,'Lauren','Holly'),(434,'Megumi','Ogata'),(435,'Kotono','Mitsuishi'),(436,'Ethan','Hawke'),(437,'Jean','Reno'),(438,'Gary','Oldman'),(439,'Lauren','Graham'),(440,'Alexis','Bledel'),(441,'Keiko','Agena'),(442,'Woody','Harrelson'),(443,'Tom','Sizemore'),(444,'Sharon','Stone'),(445,'Russell','Crowe'),(446,'Greg','Kinnear'),(447,'Richard','Steven'),(448,'David','Yost'),(449,'Ed','Neil'),(450,'Adam','Sandler'),(451,'Joey','Lauren'),(452,'Jon','Stewart'),(453,'Daniel','Baldwin'),(454,'Sheryl','Lee'),(455,'Toshiyuki','Morikawa'),(456,'Ryôtarô','Okiayu'),(457,'Michael','Madsen'),(458,'Lily','Tomlin'),(459,'Daniel','DeSanto'),(460,'Lisa','Jai'),(461,'R.L.','Stine'),(462,'Kathryn','Short'),(463,'Cody','Jones'),(464,'Kappei','Yamaguchi'),(465,'Richard','Ian'),(466,'Darren','Pleavin'),(467,'Craig','Sheffer'),(468,'Tom','Skerritt'),(469,'Winona','Ryder'),(470,'Angelina','Jolie'),(471,'Clea','DuVall'),(472,'Arnold','Schwarzenegger'),(473,'F.','Murray'),(474,'Art','Carney'),(475,'Amanda','Bynes'),(476,'Nick','Cannon'),(477,'Kenan','Thompson'),(478,'Anna','Chlumsky'),(479,'Macaulay','Culkin'),(480,'Dan','Aykroyd'),(481,'Kevin','Costner'),(482,'Dennis','Quaid'),(483,'Vanessa','Williams'),(484,'Yûko','Miyamura'),(485,'Randy','Quaid'),(486,'John','Malkovich'),(487,'Rene','Russo'),(488,'Susan','Sarandon'),(489,'Kirsten','Dunst'),(490,'Tommy','Lee'),(491,'Wesley','Snipes'),(492,'Robert','Downey'),(493,'Bob','West'),(494,'Julie','Johnson'),(495,'Patty','Wirtz'),(496,'Jennifer','Lopez'),(497,'Eric','Stoltz'),(498,'Kel','Mitchell'),(499,'Ken','Foree'),(500,'Brooke','Langton'),(501,'David','Thewlis'),(502,'BD','Wong'),(503,'Sandra','Bullock'),(504,'Jeremy','Northam'),(505,'Dennis','Miller'),(506,'John','Lithgow'),(507,'Michael','Rooker'),(508,'Tyrin','Turner'),(509,'Larenz','Tate'),(510,'June','Kyoto'),(511,'Dolph','Lundgren'),(512,'Victor','Wong'),(513,'Max','Elliott'),(514,'Sean','Fox'),(515,'Chris','Stafford'),(516,'Tina','Holmes'),(517,'Andersen','Gabrych'),(518,'Allen','O\'Leary'),(519,'Agnieszka','Rózanska'),(520,'Piotr','Grabowski'),(521,'Sakura','Tange'),(522,'Matt','Hill'),(523,'Sam','Vincent'),(524,'Michael','Jai'),(525,'John','Leguizamo'),(526,'Martin','Sheen'),(527,'Jaleel','White'),(528,'Long','John'),(529,'Garry','Chalk'),(530,'Clive','Owen'),(531,'Nick','Reding'),(532,'Nicholas','Ball'),(533,'Tracee','Ellis'),(534,'Golden','Brooks'),(535,'Persia','White'),(536,'Pat','Morita'),(537,'Hilary','Swank'),(538,'Michael','Ironside'),(539,'Jason','Patric'),(540,'Robert','Duvall'),(541,'Jean-Claude','Van'),(542,'Dennis','Rodman'),(543,'Mickey','Rourke'),(544,'Pruitt','Taylor'),(545,'Liv','Tyler'),(546,'Shelley','Winters'),(547,'LisaRaye','McCoy'),(548,'Dick','Anthony'),(549,'Judyann','Elder'),(550,'Mo\'Nique',' '),(551,'Dorien','Wilson'),(552,'Countess','Vaughn'),(553,'Tia','Mowry-Hardrict'),(554,'Tamera','Mowry-Housley'),(555,'Jackée','Harry'),(556,'Brandy','Norwood'),(557,'William','Allen'),(558,'Marcus','T.'),(559,'Cristóbal','Calvente'),(560,'Lorena','Franco'),(561,'Dani','Rebollo'),(562,'Jorge-Yamam','Serrano'),(563,'Hugues','Le'),(564,'Michel','Elias'),(565,'Peter','Kelamis'),(566,'Shah','Rukh'),(567,'Kajol',' '),(568,'Rani','Mukerji'),(569,'Helen','Mirren'),(570,'Sylvia','Padilla'),(571,'Debbie','Padilla'),(572,'Susan','Norman'),(573,'Rodrigo','de'),(574,'Diego','Alonso'),(575,'Ariel','Staltari'),(576,'Salman','Khan'),(577,'Mohnish','Behl'),(578,'Manisha','Koirala'),(579,'Preity','G'),(580,'Michael','Barryte'),(581,'Grace','Bustos'),(582,'Sophie','Mounicot'),(583,'Jamel','Debbouze'),(584,'Eric','Judor'),(585,'Kofi','Ghanaba'),(586,'Oyafunmike','Ogunlano'),(587,'Alexandra','Duah'),(588,'Damián','Alcázar'),(589,'Pedro','Armendáriz'),(590,'Delia','Casanova'),(591,'Fernán','Mirás'),(592,'Cecilia','Dopazo'),(593,'Imanol','Arias'),(594,'Bill','Basch'),(595,'Martin','Basch'),(596,'Randolph','Braham'),(597,'Arthur','Eckdahl'),(598,'Randy','Hansen'),(599,'Bill','Hicks'),(600,'Arvind','Swami'),(601,'Nassar',' '),(602,'Sharmila','Tagore'),(603,'Bobby','Deol'),(604,'Preity','Zinta'),(605,'Sinbad',' '),(606,'Meenakshi','Sheshadri'),(607,'Sunny','Deol'),(608,'Saif','Ali'),(609,'Layla','Olwi'),(610,'Mahmoud','Hemida'),(614,'Elia','Suleiman'),(615,'Nazira','Suleiman'),(616,'Fuad','Suleiman'),(617,'Rajinikanth',' '),(618,'Meena',' '),(619,'Sarath','Babu'),(620,'Prashanth',' '),(621,'Aishwarya','Rai'),(622,'Robert','Klein'),(623,'Prabhu','Deva'),(624,'Juhi','Chawla'),(625,'Sonali','Bendre'),(626,'Kamal','Haasan'),(627,'Gemini','Ganesan'),(628,'Tinnu','Anand'),(629,'Mario','Van'),(630,'Susan','Ruttan'),(631,'Lane','R.'),(632,'Johny','Lever'),(633,'Rami','Doueiri'),(634,'Naamar','Sahli'),(635,'Mohamad','Chamas'),(636,'Nagarjuna','Akkineni'),(637,'Sridevi',' '),(638,'Kota','Srinivasa'),(639,'Hippolyte','Girardot'),(640,'Rafik','Ali'),(641,'Hussein','Sbeity'),(642,'Sanjay','Dutt'),(643,'Anupam','Kher'),(644,'Donna','Atkins'),(645,'A.J.','Jamal'),(646,'Karisma','Kapoor'),(647,'Hrithik','Roshan'),(648,'Jaya','Bachchan'),(649,'Robert','Bathurst'),(650,'Hanan','Turk'),(651,'Hani','Salama'),(652,'Nabila','Ebeid'),(653,'Sangeeta','Bijlani'),(654,'Khaled','Nabawy'),(655,'Arbaaz','Khan'),(656,'William','Devane'),(657,'Jeri','Ryan'),(658,'Michele','Abrams'),(659,'Naseeruddin','Shah'),(660,'Irina','Kushnareva'),(661,'Jeremy','Clarkson'),(662,'Richard','Hammond'),(663,'James','May'),(664,'Andrew','Lincoln'),(665,'Norman','Reedus'),(666,'Melissa','McBride'),(667,'Jared','Padalecki'),(668,'Jensen','Ackles'),(669,'Jim','Beaver'),(670,'Thomas','Jane'),(671,'Marcia','Gay'),(672,'Laurie','Holden'),(673,'Lindsay','Lohan'),(674,'Jonathan','Bennett'),(675,'Rachel','McAdams'),(676,'Paul','Hollywood'),(677,'Mary','Berry'),(678,'Prue','Leith'),(679,'Tina','Fey'),(680,'Alec','Baldwin'),(681,'Tracy','Morgan'),(682,'Sidse','Babett'),(683,'Birgitte','Hjort'),(684,'Søren','Malling'),(685,'Joel','McHale'),(686,'Danny','Pudi'),(687,'Donald','Glover'),(688,'Christopher','Walken'),(689,'Ellen','Pompeo'),(690,'Chandra','Wilson'),(691,'James','Pickens'),(692,'Jason','Bateman'),(693,'Michael','Cera'),(694,'Portia','de'),(695,'Amber','Marshall'),(696,'Shaun','Johnston'),(697,'Michelle','Morgan'),(698,'Luke','Wilson'),(699,'Vince','Vaughn'),(700,'Will','Ferrell'),(701,'David','McCallum'),(702,'Mark','Harmon'),(703,'Sean','Murray'),(704,'Dee','Bradley'),(705,'Zach','Tyler'),(706,'Mae','Whitman'),(707,'Christina','Applegate'),(708,'Steve','Carell'),(709,'Kyle','Chandler'),(710,'Connie','Britton'),(711,'Zach','Gilford'),(712,'Chris','O\'Dowd'),(713,'Richard','Ayoade'),(714,'Katherine','Parkinson'),(715,'Elliot','Page'),(716,'Josh','Keaton'),(717,'Lacey','Chabert'),(718,'Joshua','LeBar'),(719,'Jamie','Lynn'),(720,'Paul','Butcher'),(721,'Christopher','Massey'),(722,'Patrick','Wilson'),(723,'Rose','Byrne'),(724,'Ty','Simpkins'),(725,'Dakota','Fanning'),(726,'Tim','Robbins'),(727,'Mamoru','Miyano'),(728,'Brad','Swaile'),(729,'Vincent','Tong'),(730,'Nina','Dobrev'),(731,'Paul','Wesley'),(732,'Ian','Somerhalder'),(733,'Junko','Takeuchi'),(734,'Maile','Flanagan'),(735,'Kate','Higgins'),(736,'James','McAvoy'),(737,'Daniel','Craig'),(738,'Judi','Dench'),(739,'Ashleigh','Ball'),(740,'Tara','Strong'),(741,'Tabitha','St.'),(742,'Dave','Chappelle'),(743,'Donnell','Rawlings'),(744,'Rudy','Rush'),(745,'Catherine','Zeta-Jones'),(746,'Chi','McBride'),(747,'George','Clooney'),(748,'Tilda','Swinton'),(749,'Tyler','Hoechlin'),(750,'Rob','Maxey'),(751,'Victoria','Justice'),(752,'Leon','Thomas'),(753,'Matt','Bennett'),(754,'Ewan','McGregor'),(755,'Albert','Finney'),(756,'Billy','Crudup'),(757,'Jeremy','Renner'),(758,'Anthony','Mackie'),(759,'Brian','Geraghty'),(760,'Eric','Bana'),(761,'John','Paul'),(762,'Robb','Wells'),(763,'Mike','Smith'),(764,'Hugh','Grant'),(765,'Martine','McCutcheon'),(766,'Adrianne','Curry'),(767,'Yoanna','House'),(768,'Tyra','Banks'),(769,'Anne','Hathaway'),(770,'Alan','Arkin'),(771,'Olga','Kurylenko'),(772,'Mathieu','Amalric'),(773,'Quinton','Aaron'),(774,'Tim','McGraw'),(775,'John','Cusack'),(776,'Amanda','Peet'),(777,'Will','Smith'),(778,'Alice','Braga'),(779,'Charlie','Tahan'),(780,'Susanne','Blakeslee'),(781,'Daran','Norris'),(782,'Salma','Hayek'),(783,'Kevin','James'),(784,'Emile','Hirsch'),(785,'Nicholas','Downs'),(786,'Elisha','Cuthbert'),(787,'Devon','Werkheiser'),(788,'Lindsey','Shaw'),(789,'Daniel','Curtis'),(790,'Christian','Stolte'),(791,'Chyler','Leigh'),(792,'Jaime','Pressly'),(793,'Chris','Evans'),(794,'Penélope','Cruz'),(795,'Franka','Potente'),(796,'Charlize','Theron'),(797,'Miranda','Cosgrove'),(798,'Jerry','Trainor'),(799,'Jennette','McCurdy'),(800,'Jaden','Smith'),(801,'Christina','Ricci'),(802,'Bruce','Dern'),(803,'Julie','Benz'),(804,'Matthew','Marsden'),(805,'Diane','Keaton'),(806,'John','Cho'),(807,'Kal','Penn'),(808,'Ethan','Embry'),(809,'Tony','Shalhoub'),(810,'Shannon','Elizabeth'),(811,'Embeth','Davidtz'),(812,'John','Hurt'),(813,'Colin','Morgan'),(814,'Bradley','James'),(815,'Peter','Cullen'),(816,'Sumalee','Montano'),(817,'Jeffrey','Combs'),(818,'Anna','Faris'),(819,'Bill','Hader'),(820,'Bruce','Campbell'),(821,'Anderson','Cooper'),(822,'Heather','Campbell'),(823,'Dorothy','Hui'),(824,'Asher','Keddie'),(825,'Kat','Stewart'),(826,'Richard','Davies'),(827,'Scout','Taylor-Compton'),(828,'Malcolm','McDowell'),(829,'Tyler','Mane'),(830,'Jun','Fukuyama'),(831,'Takahiro','Sakurai'),(832,'Johnny','Yong'),(833,'Johnny','Knoxville'),(834,'Bam','Margera'),(835,'Chris','Pontius'),(836,'André','3000'),(837,'Christopher','Plummer'),(838,'William','Atherton'),(839,'Blythe','Auffarth'),(840,'Blanche','Baker'),(841,'Mila','Kunis'),(842,'Ray','Stevenson'),(843,'Reese','Witherspoon'),(844,'Mark','Ruffalo'),(845,'Donal','Logue'),(846,'Donnie','Yen'),(847,'Simon','Yam'),(848,'Siu-Wong','Fan'),(849,'Jim','Sturgess'),(850,'Kate','Bosworth'),(851,'Amanda','Righetti'),(852,'Derek','Mears'),(853,'Tetsuya','Kakihara'),(854,'Shizuka','Itô'),(855,'Yuri','Lowenthal'),(856,'Kodi','Smit-McPhee'),(857,'Chloë','Grace'),(858,'Richard','Jenkins'),(859,'Paul','\'Bubble\''),(860,'Jaime','Winstone'),(861,'Andy','Nyman'),(862,'Jackie','Earle'),(863,'Rooney','Mara'),(864,'Kyle','Gallner'),(865,'Regina','King'),(866,'William','Shatner'),(867,'Sean','Hayes'),(868,'Ross','Breen'),(869,'Simon','Greenall'),(870,'Gabriella','Lewis'),(871,'Jun\'ichi','Kanemaru'),(872,'Sanae','Kobayashi'),(873,'Regina','Hall'),(874,'Craig','Bierko'),(875,'Cameron','Diaz'),(876,'Paul','Rudd'),(877,'Owen','Wilson'),(878,'Rowan','Atkinson'),(879,'Willem','Dafoe'),(880,'Steve','Pemberton'),(881,'Nicole','Kidman'),(882,'Sean','Penn'),(883,'Catherine','Keener'),(884,'Gabriela','Oltean'),(885,'Madhavan',' '),(886,'Mona','Singh'),(887,'Carla','Gugino'),(888,'Delroy','Lindo'),(889,'Cariba','Heine'),(890,'Phoebe','Tonkin'),(891,'Angus','McLaren'),(892,'Jessica','Biel'),(893,'Jonathan','Tucker'),(894,'Andrew','Bryniarski'),(895,'Ford','Kiernan'),(896,'Greg','Hemphill'),(897,'Paul','Riley'),(898,'Mike','Myers'),(899,'Spencer','Breslin'),(900,'Cole','Hauser'),(901,'Monica','Bellucci'),(902,'Zach','Galifianakis'),(903,'Michelle','Monaghan'),(904,'J.','Michael'),(905,'Michael','C.'),(906,'Brina','Palencia'),(907,'Matthew','McConaughey'),(908,'Matthew','Fox'),(909,'Julian','Sands'),(910,'Eamonn','Walker'),(911,'Ken','Kirzinger'),(912,'Kelly','Rowland'),(913,'Dakota','Blue'),(914,'Jacqueline','McKenzie'),(915,'Joel','Gretsch'),(916,'Patrick','John'),(917,'Rachel','Ware'),(918,'Samantha','Triba'),(919,'Sarah','Heinke'),(920,'Justin','Fletcher'),(921,'John','Sparkes'),(922,'Richard','Webber'),(923,'Samuel','L.'),(924,'Ed','Harris'),(925,'Eva','Mendes'),(926,'Rie','Kugimiya'),(927,'Junji','Majima'),(928,'Yui','Horie'),(929,'Kendall','Schmidt'),(930,'James','Maslow'),(931,'Carlos','PenaVega'),(932,'Mitchel','Musso'),(933,'Sam','Lerner'),(934,'Spencer','Locke'),(935,'Dane','Cook'),(936,'Jessica','Alba'),(937,'Dan','Fogler'),(938,'Camilla','Belle'),(939,'Steven','Strait'),(940,'Marco','Khan'),(941,'Juan','Carlos'),(942,'Piper','Perabo'),(943,'Morris','Chestnut'),(944,'Ben','Stiller'),(945,'Snoop','Dogg'),(946,'Mary-Kate','Olsen'),(947,'Ashley','Olsen'),(948,'Eugene','Levy'),(949,'Jennifer','Aniston'),(950,'Chris','Rock'),(951,'Garry','Shandling'),(952,'Jennifer','Garner'),(953,'Timothy','Olyphant'),(954,'Kevin','Smith'),(955,'Kaoru','Kobayashi'),(956,'Mansaku','Fuwa'),(957,'Toshiki','Ayata'),(958,'Raghuvir','Yadav'),(959,'Gracy','Singh'),(960,'Stephen','Fry'),(961,'Alex','Marty'),(962,'Montana','Smedley'),(963,'Christian','Potenza'),(964,'Clé','Bennett'),(965,'Rachel','Wilson'),(966,'Jane','Turner'),(967,'Gina','Riley'),(968,'Glenn','Robbins'),(969,'Frances','McDormand'),(970,'Xiaoming','Huang'),(971,'Sammo','Kam-Bo'),(972,'Katherine','Heigl'),(973,'Josh','Lucas'),(974,'Martin','Lawrence'),(975,'Keith','David'),(976,'Kurt','Russell'),(977,'Oded','Fehr'),(978,'Julian','McMahon'),(979,'Amber','Valletta'),(980,'Dwayne','Adway'),(981,'Tom','Arnold'),(982,'Jordana','Brewster'),(983,'Matt','Bomer'),(984,'Diora','Baird'),(985,'Maaya','Sakamoto'),(986,'Masaya','Matsukaze'),(987,'Boris','Kutnevich'),(988,'Alina','Kukushkina'),(989,'Kaitlyn','McCormick'),(990,'Louis','C.K.'),(991,'Troy','Baker'),(992,'Colleen','O\'Shaughnessey'),(993,'Fanny','Bloc'),(994,'Geneviève','Doang'),(995,'Jules','de'),(996,'Matthew','Broderick'),(997,'Danny','DeVito'),(998,'Kristin','Chenoweth'),(999,'Chris','Brown'),(1000,'Hayden','Christensen'),(1001,'Matt','Dillon'),(1002,'Daisuke','Kishio'),(1003,'Ku','Hye-Sun'),(1004,'Lee','Min-Ho'),(1005,'Kim','Hyun-joong'),(1006,'Darsheel','Safary'),(1007,'Tisca','Chopra'),(1008,'Sarah','Jessica'),(1009,'Sam','Elliott'),(1010,'Geena','Davis'),(1011,'Hugh','Laurie'),(1012,'Frank','Welker'),(1013,'Wally','Wingert'),(1014,'Gregg','Berger'),(1015,'Preston','Nyman'),(1016,'Sian','Taylor'),(1017,'Sarah','Ann'),(1018,'Steven','Seagal'),(1019,'Matt','Battaglia'),(1020,'Sharon','Mann'),(1021,'Mirabelle','Kirkland'),(1022,'Matthew','Géczy'),(1023,'Antonio','Banderas'),(1024,'Jamie','Lee'),(1025,'Hosea','Chanchez'),(1026,'Wendy','Raquel'),(1027,'Coby','Bell'),(1028,'Hayden','Panettiere'),(1029,'Justin','Long'),(1030,'Mi','Ja'),(1031,'Ham','Soo-Jeong'),(1032,'Sun','Lee'),(1033,'Danny','Kwok-Kwan'),(1034,'Ted','Duran'),(1035,'Mark','Dacascos'),(1036,'Hilary','Haag'),(1037,'Monica','Rial'),(1038,'Tiffany','Grant'),(1039,'Chie','Nakamura'),(1040,'Yôichi','Masukawa'),(1041,'Cuba','Gooding'),(1042,'Kimberly','Elise'),(1043,'Aunjanue','Ellis'),(1044,'Andrés','Bustamante'),(1045,'Jesús','Ochoa'),(1046,'Rafael','Inclán'),(1047,'Felecia','Angelle'),(1048,'Bryan','Baker'),(1049,'Jeff','Banks'),(1050,'Ryan','Phillippe'),(1051,'Tyrese','Gibson'),(1052,'Meagan','Good'),(1053,'Bartes','Lawrence'),(1054,'Christopher','Maria-Jean'),(1055,'James','Arnold'),(1056,'Maryke','Hendrikse'),(1057,'Lee','Tockar'),(1058,'Ahmed','el-Sakka'),(1059,'Amr','Waked'),(1060,'Gael','García'),(1061,'Luis','Tosar'),(1062,'Karra','Elejalde'),(1063,'Katt','Williams'),(1064,'Anthony','Anderson'),(1065,'Andrew','Sabiston'),(1066,'Catherine','O\'Connor'),(1067,'Jim','Fowler'),(1068,'Rajat','Barmecha'),(1069,'Ronit','Roy'),(1070,'Manjot','Singh'),(1071,'Illu','Banarjee'),(1072,'Anu','Choudhury'),(1073,'Anita','Das'),(1074,'Essence','Atkins'),(1075,'Rachel','True'),(1076,'Chico','Benymon'),(1077,'Shahid','Kapoor'),(1078,'Kareena','Kapoor'),(1079,'Tarun','Arora'),(1080,'Kay','Kay'),(1081,'Pawan','Malhotra'),(1082,'Aditya','Srivastav'),(1083,'Sonu','Sood'),(1084,'Rebecca','Soler'),(1085,'Matt','Hoverman'),(1086,'David','Zen'),(1087,'Nilli','Karim'),(1088,'Bushra',' '),(1089,'Maged','El-Kidwani'),(1090,'Joe','Wagner'),(1091,'Brian','Unger'),(1092,'Ice','Cube'),(1093,'Wilson','Rangel'),(1094,'Miguel','Varoni'),(1095,'Javier','Gómez'),(1096,'Satsuki','Yukino'),(1097,'Kôji','Tsujitani'),(1098,'Gayatri','Joshi'),(1099,'Kishori','Ballal'),(1100,'Kevin','Cooney'),(1101,'Kurt','Fuller'),(1102,'Brent','Briscoe'),(1103,'Lizzie','Waterworth'),(1104,'Tamsin','Heatley'),(1105,'Emma','Tate'),(1106,'Chase','Ellison'),(1107,'Anna','Galvin'),(1108,'Soha','Ali'),(1109,'Siddharth',' '),(1110,'Jason','Chad'),(1111,'Diego','Martín'),(1112,'Will','Rodriguez'),(1113,'Ernesto','Alterio'),(1114,'Eduardo','Blanco'),(1115,'Héctor','Alterio'),(1116,'Kate','Harbour'),(1117,'Louis','Jones'),(1118,'Yeong-cheol','Kim'),(1119,'Yun','Ju-sang'),(1120,'Seung-woo','Kim'),(1121,'Abhishek','Bachchan'),(1122,'Whitney','Cummings'),(1123,'Akshay','Kumar'),(1124,'Katrina','Kaif'),(1125,'Nana','Patekar'),(1126,'Jim','Gaffigan'),(1127,'Mike','Birbiglia'),(1128,'Patricia','Kalis'),(1129,'Jul','Kohler'),(1130,'Aramis','Merlin'),(1131,'Akshaye','Khanna'),(1132,'Kiran','Rathod'),(1133,'Kyla','Pratt'),(1134,'Robert','Ri\'chard'),(1135,'Flex','Alexander'),(1136,'Alfredo','Castro'),(1137,'Amparo','Noguera'),(1138,'Héctor','Morales'),(1139,'Justin','Ashcraft'),(1140,'Adam','Ashcraft'),(1141,'Dale','Ashcraft'),(1142,'Masakazu','Morita'),(1143,'Fumiko','Orikasa'),(1144,'Aya','Hirano'),(1145,'Larry','the'),(1146,'Bill','Engvall'),(1147,'DJ','Qualls'),(1148,'Gabriel','Sunday'),(1149,'Mariel','Hemingway'),(1150,'Suniel','Shetty'),(1151,'Paresh','Rawal'),(1152,'Satoshi','Hino'),(1153,'Manal','Khader'),(1154,'George','Ibrahim'),(1155,'Joanna','Ruiz'),(1156,'Julie-Ann','Dean'),(1157,'Katherine','Dillon'),(1158,'Kevin','Hart'),(1159,'Kazuya','Nakai'),(1160,'Noriaki','Sugiyama'),(1161,'Priyanka','Chopra'),(1162,'Arjun','Rampal'),(1163,'Om','Puri'),(1164,'Kangana','Ranaut'),(1165,'Mugdha','Godse'),(1166,'Seung-beom','Ryu'),(1167,'So-yi','Yoon'),(1168,'Sung-Ki','Ahn'),(1169,'Marie','Facundo'),(1170,'Sly','Johnson'),(1171,'Martial','Le'),(1172,'Andrés','Pazos'),(1173,'Mirella','Pascual'),(1174,'Jorge','Bolani'),(1175,'Ranbir','Kapoor'),(1176,'Darshan','Jariwala'),(1177,'Philippe','Bas'),(1178,'Marine','Delterme'),(1179,'Patricia','Farfan'),(1180,'Michael','Alaimo'),(1181,'Edward','Asner'),(1182,'Joe','Bangert'),(1183,'Bipasha','Basu'),(1184,'Shriya','Saran'),(1185,'Suman',' '),(1186,'Augustine','Capone'),(1187,'Maggie','Deming'),(1188,'Paul','Dierdorf'),(1189,'Riccardo','Scarpa'),(1190,'Steven','Ostro'),(1191,'Cem','Yilmaz'),(1192,'Özge','Özberk'),(1193,'Ozan','Güven'),(1194,'Shernaz','Patel'),(1195,'Ajay','Devgn'),(1196,'Imran','Khan'),(1197,'Genelia','D\'Souza'),(1198,'Manjari','Fadnnis'),(1199,'Louis','Koo'),(1200,'Richie','Jen'),(1201,'Stanley','Sui-Fan'),(1202,'Jeff','Dunham'),(1203,'Jas','Arora'),(1204,'John','Abraham'),(1205,'Sonali','Kulkarni'),(1206,'David','Morrissey'),(1207,'Maria','Cristina'),(1208,'Gustavo','Petro'),(1209,'Jesus','Chaver'),(1210,'Vivian','Ossa'),(1211,'Felipe','Castilla'),(1212,'Konkona','Sen'),(1213,'Supriya','Pathak'),(1214,'Takeshi','Aono'),(1215,'Hiroaki','Hirata'),(1216,'Norio','Minorikawa'),(1217,'Aftab','Shivdasani'),(1218,'Pankaj','Kapur'),(1219,'Shreya','Sharma'),(1220,'Deepak','Dobriyal'),(1221,'Vidya','Balan'),(1222,'Arshad','Warsi'),(1223,'Irrfan','Khan'),(1224,'Martín','Karpan'),(1225,'Carolina','Acevedo'),(1226,'Jhon','Álex'),(1227,'Terry','Jones'),(1228,'Sonam','Kapoor'),(1229,'Sammir','Dattani'),(1230,'Sushmita','Sen'),(1231,'Lara','Dutta'),(1232,'Farhan','Akhtar'),(1233,'Luke','Kenny'),(1234,'Nushrratt','Bharuccha'),(1235,'Ashish','Chhipa'),(1236,'Anshuman','Jha'),(1237,'Akemi','Okamura'),(1238,'Deepika','Padukone'),(1239,'Namit','Shah'),(1240,'Deb','Mukherjee'),(1241,'Benjamín','Vicuña'),(1242,'Gastón','Pauls'),(1243,'Francisca','Imboden'),(1244,'Imad','Creidi'),(1245,'Antoinette','Turk'),(1246,'Elias','Gergi'),(1247,'John','Dunsworth'),(1248,'Sabina','Malik'),(1249,'Rajesh','Kava'),(1250,'Kaustav','Ghosh'),(1251,'Shôtarô','Morikubo'),(1252,'Abhay','Deol'),(1253,'Minissha','Lamba'),(1254,'Boman','Irani'),(1255,'Gul','Panag'),(1256,'Raima','Sen'),(1257,'Prateik','Babbar'),(1258,'Monica','Dogra'),(1259,'Kriti','Malhotra'),(1260,'Ethan','Juan'),(1261,'Joe','Chen'),(1262,'Chu-Ho','Chen'),(1263,'Mahie','Gill'),(1264,'Kalki','Koechlin'),(1265,'Ram','Kapoor'),(1266,'Sedef','Avci'),(1267,'Cemal','Hünal'),(1268,'Begüm','Kütük'),(1269,'Lewis','Tan'),(1270,'Jason','Connery'),(1271,'Deborah','Moore'),(1272,'Gareth','Thomas'),(1273,'Yul','Brynner'),(1274,'Richard','Benjamin'),(1275,'James','Brolin'),(1276,'Evan','Rachel'),(1277,'Jeffrey','Wright'),(1278,'Jackie','Chan'),(1279,'Chris','Tucker'),(1280,'Ken','Leung'),(1281,'Mira','Furlan'),(1282,'Richard','Biggs'),(1283,'Stephen','Furst'),(1284,'Morfydd','Clark'),(1285,'Mike','Wood'),(1286,'Ismael','Cruz'),(1287,'Tom','Kane'),(1288,'Matt','Lanter'),(1289,'Fares','Bakr'),(1290,'Ahmed','Hagag'),(1291,'Marwan','Irfan'),(1292,'Jonathan','Banks'),(1293,'Matt','Jones'),(1294,'Adam','West'),(1295,'Burt','Ward'),(1296,'Alan','Napier');
/*!40000 ALTER TABLE `actors` ENABLE KEYS */;
UNLOCK TABLES;

--
-- Table structure for table `actortvshows`
--

DROP TABLE IF EXISTS `actortvshows`;
/*!40101 SET @saved_cs_client     = @@character_set_client */;
/*!50503 SET character_set_client = utf8mb4 */;
CREATE TABLE `actortvshows` (
  `ActorID` int NOT NULL,
  `TVShowID` int NOT NULL,
  PRIMARY KEY (`ActorID`,`TVShowID`),
  KEY `IX_ActorTVShows_TVShowID` (`TVShowID`),
  CONSTRAINT `FK_ActorTVShows_Actors_ActorID` FOREIGN KEY (`ActorID`) REFERENCES `actors` (`ID`) ON DELETE CASCADE
) ENGINE=InnoDB DEFAULT CHARSET=utf8mb4 COLLATE=utf8mb4_0900_ai_ci;
/*!40101 SET character_set_client = @saved_cs_client */;

--
-- Dumping data for table `actortvshows`
--

LOCK TABLES `actortvshows` WRITE;
/*!40000 ALTER TABLE `actortvshows` DISABLE KEYS */;
INSERT INTO `actortvshows` VALUES (50,24),(51,24),(52,24),(56,25),(57,25),(58,25),(59,26),(60,26),(61,26),(53,27),(54,27),(55,27),(70,28),(71,28),(72,28),(90,29),(91,29),(92,29),(93,30),(94,30),(95,30),(187,31),(188,31),(193,31),(181,32),(182,32),(183,32),(184,33),(185,33),(186,33),(187,34),(188,34),(189,34),(190,35),(191,35),(192,35),(187,36),(188,36),(194,36),(171,37),(195,37),(196,37),(197,38),(198,38),(199,38),(200,39),(201,39),(202,39),(203,40),(204,40),(205,40),(190,41),(206,41),(207,41),(208,42),(209,42),(210,42),(211,43),(212,43),(213,43),(217,44),(218,44),(219,44),(220,45),(221,45),(222,45),(167,46),(223,46),(224,46),(217,47),(225,47),(226,47),(227,48),(228,48),(229,48),(230,49),(231,49),(232,49),(233,50),(234,50),(235,50),(232,51),(236,51),(237,51),(238,52),(239,53),(240,53),(241,53),(238,54),(187,55),(188,55),(189,55),(263,56),(264,56),(265,56),(287,57),(288,57),(289,57),(290,58),(291,58),(292,58),(293,59),(294,59),(295,59),(298,60),(299,60),(300,60),(312,61),(313,61),(314,61),(317,62),(318,62),(319,62),(326,63),(327,63),(328,63),(242,64),(243,64),(244,64),(229,65),(245,65),(246,65),(227,66),(247,66),(248,66),(249,67),(250,67),(251,67),(232,68),(242,68),(252,68),(242,69),(253,69),(254,69),(255,70),(256,70),(257,71),(258,71),(259,71),(260,72),(261,72),(262,72),(181,73),(266,73),(267,73),(268,74),(269,74),(270,74),(181,75),(271,75),(272,75),(24,76),(273,76),(274,76),(275,77),(276,77),(277,77),(278,78),(279,78),(280,78),(281,79),(282,79),(283,79),(284,80),(285,80),(286,80),(181,81),(296,81),(297,81),(301,82),(302,82),(303,82),(173,83),(304,83),(305,83),(306,84),(307,84),(308,84),(309,85),(310,85),(311,85),(200,86),(315,86),(316,86),(320,87),(321,87),(322,87),(323,88),(324,88),(325,88),(323,89),(324,89),(325,89),(329,90),(330,90),(331,90),(332,91),(333,91),(334,91),(335,92),(336,92),(337,92),(323,93),(324,93),(325,93),(188,94),(189,94),(194,94),(338,95),(339,95),(340,95),(230,96),(338,96),(341,96),(380,97),(396,98),(397,98),(398,98),(400,99),(401,99),(402,99),(405,100),(406,100),(407,100),(417,101),(418,101),(419,101),(420,102),(423,103),(424,103),(425,103),(425,104),(434,104),(435,104),(439,105),(440,105),(441,105),(447,106),(448,106),(449,106),(434,107),(455,107),(456,107),(458,108),(459,108),(460,108),(461,109),(462,109),(463,109),(464,110),(465,110),(466,110),(475,111),(476,111),(477,111),(493,112),(494,112),(495,112),(477,113),(498,113),(499,113),(521,114),(522,114),(523,114),(527,115),(528,115),(529,115),(533,116),(534,116),(535,116),(550,117),(551,117),(552,117),(553,118),(554,118),(555,118),(556,119),(557,119),(558,119),(559,120),(560,120),(561,120),(562,120),(563,121),(564,121),(565,121),(573,122),(574,122),(575,122),(582,123),(583,123),(584,123),(187,124),(188,124),(343,124),(344,125),(345,125),(346,125),(347,126),(348,126),(349,126),(350,127),(351,127),(352,127),(353,128),(354,128),(355,128),(356,129),(357,129),(358,129),(119,130),(359,130),(360,130),(350,131),(361,131),(362,131),(338,132),(354,132),(363,132),(364,133),(365,133),(366,133),(219,134),(367,134),(368,134),(369,135),(370,135),(371,135),(372,136),(373,136),(374,136),(338,137),(375,137),(376,137),(377,138),(378,138),(379,138),(254,139),(381,139),(382,139),(338,140),(383,140),(384,140),(238,141),(385,142),(386,142),(387,142),(388,143),(389,143),(390,143),(255,144),(391,144),(392,144),(393,145),(394,145),(395,145),(65,146),(184,146),(399,146),(173,147),(403,147),(404,147),(185,148),(408,148),(409,148),(410,149),(411,149),(412,149),(101,150),(403,150),(413,150),(414,151),(415,151),(416,151),(131,152),(421,152),(422,152),(426,153),(427,153),(428,153),(65,154),(429,154),(430,154),(431,155),(432,155),(433,155),(73,156),(416,156),(436,156),(169,157),(437,157),(438,157),(303,158),(442,158),(443,158),(172,159),(444,159),(445,159),(274,160),(410,160),(446,160),(450,161),(451,161),(452,161),(271,162),(453,162),(454,162),(31,163),(276,163),(457,163),(403,164),(467,164),(468,164),(469,165),(470,165),(471,165),(472,166),(473,166),(474,166),(478,167),(479,167),(480,167),(172,168),(481,168),(482,168),(32,169),(472,169),(483,169),(425,170),(434,170),(484,170),(301,171),(302,171),(485,171),(171,172),(486,172),(487,172),(469,173),(488,173),(489,173),(490,174),(491,174),(492,174),(184,175),(496,175),(497,175),(13,176),(172,176),(500,176),(403,177),(501,177),(502,177),(503,178),(504,178),(505,178),(134,179),(506,179),(507,179),(508,180),(509,180),(510,180),(13,181),(428,181),(511,181),(512,182),(513,182),(514,182),(515,183),(516,183),(517,183),(518,184),(519,184),(520,184),(524,185),(525,185),(526,185),(530,186),(531,186),(532,186),(536,187),(537,187),(538,187),(172,188),(539,188),(540,188),(541,189),(542,189),(543,189),(544,190),(545,190),(546,190),(547,191),(548,191),(549,191),(566,192),(567,192),(568,192),(569,193),(570,193),(571,193),(287,194),(288,194),(572,194),(354,195),(576,195),(577,195),(566,196),(578,196),(579,196),(263,197),(580,197),(581,197),(585,198),(586,198),(587,198),(588,199),(589,199),(590,199),(591,200),(592,200),(593,200),(594,201),(595,201),(596,201),(329,202),(597,202),(598,202),(599,203),(578,204),(600,204),(601,204),(353,205),(578,205),(602,205),(381,206),(603,206),(604,206),(605,207),(371,208),(606,208),(607,208),(576,209),(577,209),(608,209),(390,210),(609,210),(610,210),(661,211),(662,211),(663,211),(664,212),(665,212),(666,212),(667,213),(668,213),(669,213),(676,214),(677,214),(678,214),(679,215),(680,215),(681,215),(682,216),(683,216),(684,216),(685,217),(686,217),(687,217),(689,218),(690,218),(691,218),(692,219),(693,219),(694,219),(695,220),(696,220),(697,220),(238,221),(701,222),(702,222),(703,222),(704,223),(705,223),(706,223),(709,224),(710,224),(711,224),(712,225),(713,225),(714,225),(716,226),(717,226),(718,226),(719,227),(720,227),(721,227),(727,228),(728,228),(729,228),(730,229),(731,229),(732,229),(733,230),(734,230),(735,230),(739,231),(740,231),(741,231),(742,232),(743,232),(744,232),(751,233),(752,233),(753,233),(761,234),(762,234),(763,234),(766,235),(767,235),(768,235),(740,236),(780,236),(781,236),(787,237),(788,237),(789,237),(797,238),(798,238),(799,238),(812,239),(813,239),(814,239),(815,240),(816,240),(817,240),(821,241),(822,241),(823,241),(824,242),(825,242),(826,242),(830,243),(831,243),(832,243),(131,244),(132,244),(133,244),(853,245),(854,245),(855,245),(859,246),(860,246),(861,246),(238,247),(291,248),(868,248),(869,248),(870,249),(871,249),(872,249),(889,250),(890,250),(891,250),(895,251),(896,251),(897,251),(904,252),(905,252),(906,252),(914,253),(915,253),(916,253),(917,254),(918,254),(919,254),(920,255),(921,255),(922,255),(926,256),(927,256),(928,256),(929,257),(930,257),(931,257),(955,258),(956,258),(957,258),(960,259),(961,259),(962,259),(963,260),(964,260),(965,260),(966,261),(967,261),(968,261),(727,262),(985,262),(986,262),(987,263),(988,263),(989,263),(855,264),(991,264),(992,264),(993,265),(994,265),(995,265),(727,266),(928,266),(1002,266),(1003,267),(1004,267),(1005,267),(1012,268),(1013,268),(1014,268),(1015,269),(1016,269),(1017,269),(1020,270),(1021,270),(1022,270),(306,271),(898,271),(1023,271),(1025,272),(1026,272),(1027,272),(188,273),(189,273),(194,273),(1030,274),(1031,274),(1032,274),(1033,275),(1034,275),(1035,275),(1036,276),(1037,276),(1038,276),(1053,277),(1054,277),(1055,278),(1056,278),(1057,278),(1065,279),(1066,279),(1067,279),(1074,280),(1075,280),(1076,280),(238,281),(1084,282),(1085,282),(1086,282),(1093,283),(1094,283),(1095,283),(1103,284),(1104,284),(1105,284),(1110,285),(1111,285),(1112,285),(1113,286),(1114,286),(1115,286),(920,287),(1116,287),(1117,287),(1118,288),(1119,288),(1120,288),(1128,289),(1129,289),(1130,289),(1133,290),(1134,290),(1135,290),(1155,291),(1156,291),(1157,291),(238,292),(1169,293),(1170,293),(1171,293),(812,294),(1189,294),(1190,294),(238,295),(1206,296),(1207,296),(1208,296),(1209,297),(1210,297),(1211,297),(1224,298),(1225,298),(1226,298),(188,299),(194,299),(1227,299),(1248,300),(1249,300),(1250,300),(1260,301),(1261,301),(1262,301),(238,302),(924,303),(1276,303),(1277,303),(1281,304),(1282,304),(1283,304),(1284,305),(1285,305),(1286,305),(704,306),(1287,306),(1288,306),(1289,307),(1290,307),(1291,307),(1294,308),(1295,308),(1296,308);
/*!40000 ALTER TABLE `actortvshows` ENABLE KEYS */;
UNLOCK TABLES;

--
-- Table structure for table `admins`
--

DROP TABLE IF EXISTS `admins`;
/*!40101 SET @saved_cs_client     = @@character_set_client */;
/*!50503 SET character_set_client = utf8mb4 */;
CREATE TABLE `admins` (
  `ID` int NOT NULL AUTO_INCREMENT,
  `UserID` int NOT NULL,
  `RemovedCommentsNumber` int NOT NULL,
  `BannedUsersNumber` int NOT NULL,
  `RemovedMovieSubtitlesNumber` int NOT NULL,
  `RemovedTVShowSubtitlesNumber` int NOT NULL,
  PRIMARY KEY (`ID`),
  KEY `IX_Admins_UserID` (`UserID`),
  CONSTRAINT `FK_Admins_Users_UserID` FOREIGN KEY (`UserID`) REFERENCES `users` (`ID`) ON DELETE CASCADE
) ENGINE=InnoDB AUTO_INCREMENT=12 DEFAULT CHARSET=utf8mb4 COLLATE=utf8mb4_0900_ai_ci;
/*!40101 SET character_set_client = @saved_cs_client */;

--
-- Dumping data for table `admins`
--

LOCK TABLES `admins` WRITE;
/*!40000 ALTER TABLE `admins` DISABLE KEYS */;
INSERT INTO `admins` VALUES (1,78,0,0,0,0),(2,78,0,0,0,0),(7,69,0,0,0,0),(8,74,0,0,0,0),(9,72,0,0,0,0),(10,76,0,0,0,0);
/*!40000 ALTER TABLE `admins` ENABLE KEYS */;
UNLOCK TABLES;

--
-- Table structure for table `comments`
--

DROP TABLE IF EXISTS `comments`;
/*!40101 SET @saved_cs_client     = @@character_set_client */;
/*!50503 SET character_set_client = utf8mb4 */;
CREATE TABLE `comments` (
  `ID` int NOT NULL AUTO_INCREMENT,
  `UserID` int NOT NULL,
  `SubtitleMovieID` int DEFAULT NULL,
  `SubtitleTVShowID` int DEFAULT NULL,
  `Content` varchar(100) CHARACTER SET utf8mb4 COLLATE utf8mb4_0900_ai_ci NOT NULL,
  `AdminID` int DEFAULT NULL,
  PRIMARY KEY (`ID`),
  KEY `IX_Comments_AdminID` (`AdminID`),
  KEY `IX_Comments_SubtitleMovieID` (`SubtitleMovieID`),
  KEY `IX_Comments_SubtitleTVShowID` (`SubtitleTVShowID`),
  KEY `IX_Comments_UserID` (`UserID`),
  CONSTRAINT `FK_Comments_Admins_AdminID` FOREIGN KEY (`AdminID`) REFERENCES `admins` (`ID`),
  CONSTRAINT `FK_Comments_SubtitleMovies_SubtitleMovieID` FOREIGN KEY (`SubtitleMovieID`) REFERENCES `subtitlemovies` (`ID`),
  CONSTRAINT `FK_Comments_SubtitleTVShows_SubtitleTVShowID` FOREIGN KEY (`SubtitleTVShowID`) REFERENCES `subtitletvshows` (`ID`),
  CONSTRAINT `FK_Comments_Users_UserID` FOREIGN KEY (`UserID`) REFERENCES `users` (`ID`) ON DELETE CASCADE
) ENGINE=InnoDB AUTO_INCREMENT=33 DEFAULT CHARSET=utf8mb4 COLLATE=utf8mb4_0900_ai_ci;
/*!40101 SET character_set_client = @saved_cs_client */;

--
-- Dumping data for table `comments`
--

LOCK TABLES `comments` WRITE;
/*!40000 ALTER TABLE `comments` DISABLE KEYS */;
INSERT INTO `comments` VALUES (10,71,NULL,16,'Neki komentar',NULL),(11,71,NULL,16,'Opet neki komentar',NULL),(12,71,NULL,16,'komentar 1',NULL),(13,71,NULL,16,'dad',NULL),(14,71,NULL,16,'adwdad',NULL),(15,71,NULL,16,'sdawda',NULL),(16,71,NULL,16,'ddaadaw',NULL),(17,71,NULL,16,'drgsgsf',NULL),(31,75,23,NULL,'Lorem ipsum dolor sit amet, consectetur adipiscing elit, sed do eiusmod t',NULL),(32,78,8,NULL,'Heloooo',NULL);
/*!40000 ALTER TABLE `comments` ENABLE KEYS */;
UNLOCK TABLES;

--
-- Table structure for table `creators`
--

DROP TABLE IF EXISTS `creators`;
/*!40101 SET @saved_cs_client     = @@character_set_client */;
/*!50503 SET character_set_client = utf8mb4 */;
CREATE TABLE `creators` (
  `ID` int NOT NULL AUTO_INCREMENT,
  `FirstName` varchar(20) CHARACTER SET utf8mb4 COLLATE utf8mb4_0900_ai_ci NOT NULL,
  `Surname` varchar(25) CHARACTER SET utf8mb4 COLLATE utf8mb4_0900_ai_ci NOT NULL,
  PRIMARY KEY (`ID`)
) ENGINE=InnoDB AUTO_INCREMENT=1054 DEFAULT CHARSET=utf8mb4 COLLATE=utf8mb4_0900_ai_ci;
/*!40101 SET character_set_client = @saved_cs_client */;

--
-- Dumping data for table `creators`
--

LOCK TABLES `creators` WRITE;
/*!40000 ALTER TABLE `creators` DISABLE KEYS */;
INSERT INTO `creators` VALUES (47,'Bob','Kane'),(48,'David','S.'),(49,'Christopher','Nolan'),(50,'Jonathan','Nolan'),(51,'Mario','Puzo'),(52,'Francis','Ford'),(53,'J.R.R.','Tolkien'),(54,'Fran','Walsh'),(55,'Philippa','Boyens'),(56,'Peter','Jackson'),(57,'Jeff','Weinkam'),(58,'Tyler','Meyer'),(59,'Milutin','Petrovic'),(60,'Sasa','Radojevic'),(61,'Rian','Johnson'),(63,'Bruno','Heller'),(64,'David','Benioff'),(65,'D.B.','Weiss'),(66,'Ryan','J.'),(67,'George','R.R.'),(68,'Vince','Gilligan'),(69,'Tony','Gilroy'),(70,'John','Logan'),(71,'Edward','Zwick'),(72,'Marshall','Herskovitz'),(73,'Sam','Reddy'),(74,'Kim','Harrington'),(75,'Lilly','Wachowski'),(76,'Lana','Wachowski'),(77,'Matthew','Miller'),(78,'Quentin','Tarantino'),(79,'Uma','Thurman'),(80,'Quentin','Tarantino'),(81,'Uma','Thurman'),(82,'Paul','Schrader'),(83,'William','Monahan'),(84,'Ridley','Scott'),(85,'James','L.'),(86,'Matt','Groening'),(87,'Sam','Simon'),(88,'Tom','Kapinos'),(89,'Bryant','Dameron'),(90,'Jacob','Dodd'),(91,'Lee','Anthony'),(92,'Gregory','J.'),(93,'Philip','G.'),(94,'Ronald','Harwood'),(95,'Wladyslaw','Szpilman'),(96,'Roman','Polanski'),(97,'Ehren','Kruger'),(98,'Roberto','Orci'),(99,'Alex','Kurtzman'),(100,'Michael','Bay'),(101,'Derek','Drymon'),(102,'Tim','Hill'),(103,'Stephen','Hillenburg'),(104,'Mark','Osborne'),(105,'David','Guggenheim'),(106,'Daniel','Espinosa'),(107,'Oskar','Blumenthal'),(108,'Fred','Hildenbrand'),(109,'Walter','Supper'),(110,'Carl','Froelich'),(111,'Han','Hsiang'),(112,'Dean','Darby'),(113,'Charles','Leavitt'),(114,'C.','Gaby'),(115,'Taylor','Sheridan'),(122,'Lawrence','Kasdan'),(123,'George','Lucas'),(124,'Philip','Kaufman'),(125,'Steven','Spielberg'),(126,'Trish','Malone'),(127,'Sara','Blecher'),(128,'Richard','Wenk'),(129,'Lewis','John'),(130,'Simon','West'),(131,'David','Lloyd'),(132,'James','McTeigue'),(133,'David','Webb'),(134,'Clint','Eastwood'),(135,'Géla','Babluani'),(136,'Greg','Pruss'),(137,'Guy','Ritchie'),(138,'Martin','Scorsese'),(139,'James','Dickey'),(140,'John','Boorman'),(141,'Graham','Chapman'),(142,'John','Cleese'),(143,'Eric','Idle'),(144,'Terry','Gilliam'),(145,'Terry','Jones'),(146,'Nunnally','Johnson'),(147,'Lukas','Heller'),(148,'E.M.','Nathanson'),(149,'Robert','Aldrich'),(150,'Harry','Julian'),(151,'Rita','M.'),(152,'Dean','Riesner'),(153,'Don','Siegel'),(154,'David','Newman'),(155,'Robert','Benton'),(156,'Robert','Towne'),(157,'Arthur','Penn'),(158,'Henry','De'),(159,'Douglas','Day'),(160,'Randal','Kleiser'),(161,'Alistair','MacLean'),(162,'Carl','Foreman'),(163,'J.','Lee'),(164,'Frank','O\'Rourke'),(165,'Richard','Brooks'),(166,'Paul','Mooney'),(167,'Richard','Pryor'),(168,'Jeff','Margolis'),(169,'Norman','Krasna'),(170,'Norman','Panama'),(171,'Melvin','Frank'),(172,'Michael','Curtiz'),(176,'Abdel','Hai'),(177,'Mohamed','Abu'),(178,'Youssef','Chahine'),(179,'Joachim','Fest'),(180,'Christian','Herrendoerfer'),(181,'Michael','Alaimo'),(182,'Len','Chandler'),(183,'Pamela','Donegan'),(184,'Francine','Parker'),(185,'Mohsen','Zayed'),(186,'Abderrahman','Charkawi'),(187,'Hassan','Fuad'),(188,'Javed','Akhtar'),(189,'Salim','Khan'),(190,'Raj','Khosla'),(191,'Mohamed','Abdel'),(192,'Shanti','Prakash'),(193,'Boris','Saakov'),(194,'Latif','Faiziyev'),(195,'Umesh','Mehra'),(196,'El','Sayed'),(197,'Lezait','Fayed'),(198,'Maroun','Bagdadi'),(199,'Vrajendra','Gaur'),(200,'Qamar','Jalalabadi'),(201,'Surinder',' '),(202,'Shakti','Samanta'),(203,'Oussama','El-Aref'),(204,'Salah','Jahine'),(205,'Umesh',' '),(206,'Mohammed','Hussain'),(207,'Abrar','Alvi'),(208,'Shammi','Kapoor'),(209,'Naresh','Saigal'),(210,'Manohar','Singh'),(211,'S.P.','Bakshi'),(212,'A.','Salaam'),(213,'Jainendra','Jain'),(214,'Alo','Sarkar'),(215,'Ashok','Ghoshal'),(216,'Larry','David'),(217,'Jerry','Seinfeld'),(218,'Nicholas','Pileggi'),(219,'Stanley','Kubrick'),(220,'Michael','Herr'),(221,'Gustav','Hasford'),(222,'Harry','Grey'),(223,'Leonardo','Benvenuti'),(224,'Piero','De'),(225,'Sergio','Leone'),(226,'Nora','Ephron'),(227,'Rob','Reiner'),(228,'Wes','Craven'),(229,'Robert','Harling'),(230,'Herbert','Ross'),(231,'Neal','Israel'),(232,'Pat','Proft'),(233,'Hugh','Wilson'),(234,'Stephen','King'),(235,'Bill','Phillips'),(236,'John','Carpenter'),(237,'Glen','A.'),(238,'Britt','Allcroft'),(239,'Philip','D.'),(240,'Ross','Hastings'),(241,'Sam','Bobrick'),(242,'Oliver','Sacks'),(243,'Steven','Zaillian'),(244,'Penny','Marshall'),(245,'Merv','Griffin'),(246,'John','Hughes'),(247,'Jeremiah','S.'),(248,'Michael','Schiffer'),(249,'John','G.'),(250,'Eddie','Murphy'),(251,'Keenen','Ivory'),(252,'Robert','Townsend'),(253,'Spike','Lee'),(254,'Zora','Neale'),(255,'Richard','C.'),(256,'Earl','Pomerantz'),(257,'Scott','Spencer'),(258,'Judith','Rascoe'),(259,'Franco','Zeffirelli'),(260,'Brian','Cosgrove'),(261,'Mark','Hall'),(262,'Vishnu','Raghav'),(263,'Janiz','Chacko'),(264,'Yoshiyuki','Tomino'),(265,'Yoshihisa','Araki'),(266,'Hiroyuki','Hoshiyama'),(267,'Ken\'ichi','Matsuzaki'),(268,'Osamu','Sekita'),(269,'Yoshikazu','Yasuhiko'),(270,'Rob','Lee'),(271,'Dave','Gingell'),(272,'Dave','Jones'),(273,'Sam','Kinison'),(274,'Walter','C.'),(275,'Alejandro','Doria'),(276,'Jacobo','Langsner'),(277,'Tim','Allen'),(278,'Ellen','Brown'),(279,'Terry','Hughes'),(280,'Ian','MacNaughton'),(281,'Rahi','Masoom'),(282,'Deepak','Balraj'),(283,'Babbar','Subhash'),(284,'H.','Banerjee'),(285,'Kader','Khan'),(286,'Santosh','Saroj'),(287,'Mukul','Anand'),(288,'Calvin','Graham'),(289,'Gary','Thomas'),(290,'David','J.'),(291,'Buzz','Kulik'),(292,'Jackson','Gillis'),(293,'Jud','Kinberg'),(294,'Larry','Elikann'),(295,'Phil','Penningroth'),(296,'John','Herzfeld'),(297,'Rajeev','Kaul'),(298,'Naushir','Khatau'),(299,'Kamlesh','Pandey'),(300,'Indra','Kumar'),(301,'Oliver','Hailey'),(302,'Robert','Markowitz'),(303,'Charles','Eric'),(304,'Eric','Laneuville'),(305,'Sasha','Ferrer'),(306,'Norman','Morrill'),(307,'Joel','Oliansky'),(308,'Mukul','Dutt'),(309,'P.D.','Mehra'),(310,'Vinay','Shukla'),(311,'Mohan','Kaul'),(312,'Ravi','Kapoor'),(313,'Javed','Siddiqui'),(314,'Rajiv','Mehra'),(315,'Yusri','Nasrullah'),(316,'Khairiya','A-Mansour'),(317,'Ramesh','Talwar'),(318,'Donna','Powers'),(319,'Wayne','Powers'),(320,'Roberta','Dacks'),(321,'Arthur','Allan'),(322,'Barry','Morrow'),(323,'Roy','Campanella'),(324,'Laxmikant','Sharma'),(325,'Prakash','Mehra'),(326,'Kamal','Kassar'),(327,'Jan','Hollingsworth'),(328,'Alan','Landsburg'),(329,'Hesper','Anderson'),(330,'Linda','Otto'),(331,'Charlie','Parsons'),(332,'Bruce','Geller'),(333,'David','Koepp'),(334,'Brian','De'),(335,'Jonathan','Glassner'),(336,'Brad','Wright'),(337,'Andrew','Kevin'),(338,'David','Fincher'),(339,'Paul','Thomas'),(340,'Winston','Groom'),(341,'Eric','Roth'),(342,'Robert','Zemeckis'),(343,'Patricia','Highsmith'),(344,'Anthony','Minghella'),(345,'Eiichirô','Oda'),(346,'James','Cameron'),(347,'Hajime','Yatate'),(348,'Edward','Neumeier'),(349,'Robert','A.'),(350,'Paul','Verhoeven'),(351,'Ronald','D.'),(352,'Brannon','Braga'),(353,'John','Woo'),(354,'Peter','Farrelly'),(355,'Bennett','Yellin'),(356,'Bobby','Farrelly'),(357,'Hideaki','Anno'),(358,'Andrew','Niccol'),(359,'Luc','Besson'),(360,'Amy','Sherman-Palladino'),(361,'David','Veloz'),(362,'Richard','Rutowski'),(363,'Oliver','Stone'),(364,'Simon','Moore'),(365,'Sam','Raimi'),(366,'Miklós','László'),(367,'Delia','Ephron'),(368,'Shuki','Levy'),(369,'Haim','Saban'),(370,'Steve','Franks'),(371,'Tim','Herlihy'),(372,'Adam','Sandler'),(373,'Dennis','Dugan'),(374,'John','Steakley'),(375,'Don','Jakoby'),(376,'Joseph','D.'),(377,'Richard','Woodley'),(378,'Paul','Attanasio'),(379,'Mike','Newell'),(380,'Joanna','Cole'),(381,'Bruce','Degen'),(382,'Kristin','Laskas'),(383,'R.L.','Stine'),(384,'Rumiko','Takahashi'),(385,'Norman','Maclean'),(386,'Richard','Friedenberg'),(387,'Robert','Redford'),(388,'Susanna','Kaysen'),(389,'James','Mangold'),(390,'Lisa','Loomer'),(391,'Zak','Penn'),(392,'Adam','Leff'),(393,'Shane','Black'),(394,'John','McTiernan'),(395,'Brian','Robbins'),(396,'Michael','Tollin'),(397,'Laurice','Elehwany'),(398,'Howard','Zieff'),(399,'Dan','Gordon'),(400,'Tony','Puryear'),(401,'Walon','Green'),(402,'Michael','S.'),(403,'Chuck','Russell'),(404,'Kazuya','Tsurumaki'),(405,'Elisa','Bell'),(406,'Bob','Ducsay'),(407,'Stephen','Kessler'),(408,'Jeff','Maguire'),(409,'Wolfgang','Petersen'),(410,'Louisa','May'),(411,'Robin','Swicord'),(412,'Gillian','Armstrong'),(413,'Roy','Huggins'),(414,'John','Pogue'),(415,'Stuart','Baird'),(416,'Dennis','DeShazer'),(417,'Sheryl','Leach'),(418,'Kathy','Parker'),(419,'Hans','Bauer'),(420,'Jim','Cash'),(421,'Jack','Epps'),(422,'Luis','Llosa'),(423,'Kim','Bass'),(424,'Vince','McKewin'),(425,'Howard','Deutch'),(426,'Heinrich','Harrer'),(427,'Becky','Johnston'),(428,'Jean-Jacques','Annaud'),(429,'John','Brancato'),(430,'Michael','Ferris'),(431,'Irwin','Winkler'),(432,'John','Long'),(433,'Michael','France'),(434,'Sylvester','Stallone'),(435,'Renny','Harlin'),(436,'Allen','Hughes'),(437,'Albert','Hughes'),(438,'Tyger','Williams'),(439,'William','Gibson'),(440,'Robert','Longo'),(441,'Shin','Sang-ok'),(442,'Mark','Saltzman'),(443,'Charles','T.'),(444,'Todd','Stephens'),(445,'David','Moreton'),(446,'John','Anderson'),(447,'Martyn','Sanderson'),(448,'Todd','McFarlane'),(449,'Alan','B.'),(450,'Mark','A.Z.'),(451,'Kent','Butterworth'),(452,'Phil','Harnage'),(453,'Bruce','Shelly'),(454,'Paul','Mayersberg'),(455,'Mike','Hodges'),(456,'Mara','Brock'),(457,'Robert','Mark'),(458,'Mark','Lee'),(459,'Christopher','Cain'),(460,'John','Milius'),(461,'Larry','Gross'),(462,'Walter','Hill'),(463,'Paul','Mones'),(464,'Hark','Tsui'),(465,'Ice','Cube'),(466,'Ralph','Farquhar'),(467,'Sara','Finney-Johnson'),(468,'Vida','Spears'),(469,'Gary','Gilbert'),(470,'Fred','Shafferman'),(471,'Cristóbal','Calvente'),(472,'Jean-Yves','Raimbaud'),(473,'Marc','Du'),(474,'Karan','Johar'),(475,'John','Smithson'),(476,'Rob','Hedden'),(477,'Alan','J.'),(478,'Sooraj','R.'),(479,'Mani','Ratnam'),(480,'Sujatha',' '),(481,'Tigmanshu','Dhulia'),(482,'Marty','Callner'),(483,'Kader','Aoun'),(484,'Eric','Judor'),(485,'Xavier','Matthieu'),(486,'Haile','Gerima'),(487,'Luis','Estrada'),(488,'Vicente','Leñero'),(489,'Fernando','Javier'),(490,'Aída','Bortnik'),(491,'Marcelo','Piñeyro'),(492,'James','Moll'),(493,'Bill','Hicks'),(494,'Chris','Bould'),(495,'Umesh','Sharma'),(496,'Mildred','Cram'),(497,'Aatish','Kapadia'),(498,'Sachin','Bhowmick'),(499,'Shyam','Goel'),(500,'Abbas','Alibhai'),(501,'Mastan','Alibhai'),(502,'Sinbad',' '),(503,'Chuck','Vinson'),(504,'Sutanu','Gupta'),(505,'Dilip','Shukla'),(506,'Rajkumar','Santoshi'),(507,'Khaled','Youssef'),(509,'Elia','Suleiman'),(510,'K.S.','Ravikumar'),(511,'S.','Shankar'),(512,'Peter','Crabbe'),(513,'Paul','Miller'),(514,'Rajiv','Menon'),(515,'Sri','Ramakrishna'),(516,'Robin','Bhatt'),(517,'Akash','Khurana'),(518,'Mahesh','Bhatt'),(519,'Crazy','Mohan'),(520,'Rumi','Jaffery'),(521,'Gautam','Rajadhyaksha'),(522,'Rahul','Rawail'),(523,'Jeff','Andrus'),(524,'Richard','Michaels'),(525,'Sanjay','Chhel'),(526,'Raaj','Kumar'),(527,'Manoj','Lalwani'),(528,'Aziz','Mirza'),(529,'Mai','Masri'),(530,'Ziad','Doueiri'),(531,'Jandhyala',' '),(532,'Ganapathi','Rao'),(533,'Ram','Gopal'),(534,'Roger','Auque'),(535,'Didier','Decoin'),(536,'Sujit','Sen'),(537,'Debbie','Allen'),(538,'Khalid','Mohamed'),(539,'Will','Yapp'),(540,'K.K.','Singh'),(541,'Rafik','El-Sabban'),(542,'Sohail','Khan'),(543,'Karan','Razdan'),(544,'Sanjay','Khanna'),(545,'Bunty','Soorma'),(546,'John','Bensink'),(547,'Roger','Young'),(548,'Nikolai','Rozhkov'),(549,'Ulmas','Umarbekov'),(550,'Frank','Darabont'),(551,'Eric','Kripke'),(552,'Rosalind','Wiseman'),(553,'Tina','Fey'),(554,'Mark','Waters'),(555,'Adam','Price'),(556,'Dan','Harmon'),(557,'Jeff','Nathanson'),(558,'Frank','Abagnale'),(559,'Stan','Redding'),(560,'Shonda','Rhimes'),(561,'Mitchell','Hurwitz'),(562,'Murray','Shostak'),(563,'Court','Crandall'),(564,'Todd','Phillips'),(565,'Scot','Armstrong'),(566,'Donald','P.'),(567,'Don','McGill'),(568,'Michael','Dante'),(569,'Bryan','Konietzko'),(570,'Will','Ferrell'),(571,'Adam','McKay'),(572,'Peter','Berg'),(573,'Victor','Cook'),(574,'Steve','Ditko'),(575,'Stan','Lee'),(576,'Alan','Mak'),(577,'Felix','Chong'),(578,'Dan','Schneider'),(579,'Leigh','Whannell'),(580,'James','Wan'),(581,'Josh','Friedman'),(582,'H.G.','Wells'),(583,'Julie','Plec'),(584,'Kevin','Williamson'),(585,'Masashi','Kishimoto'),(586,'Michael','Brandt'),(587,'Derek','Haas'),(588,'Chris','Morgan'),(589,'Timur','Bekmambetov'),(590,'Neal','Purvis'),(591,'Robert','Wade'),(592,'Paul','Haggis'),(593,'Martin','Campbell'),(594,'Lauren','Faust'),(595,'Bonnie','Zacherle'),(596,'Neal','Brennan'),(597,'Dave','Chappelle'),(598,'Sacha','Gervasi'),(599,'Max','Allan'),(600,'Richard','Piers'),(601,'David','Self'),(602,'Sam','Mendes'),(603,'Daniel','Wallace'),(604,'John','August'),(605,'Tim','Burton'),(606,'Mark','Boal'),(607,'Kathryn','Bigelow'),(608,'Homer',' '),(609,'Michael','Robert'),(610,'Anthony','Peckham'),(611,'Simon','Kinberg'),(612,'Mike','Clattenburg'),(613,'Richard','Curtis'),(614,'Ken','Mok'),(615,'Tyra','Banks'),(616,'Kenya','Barris'),(617,'Tom','J.'),(618,'Matt','Ember'),(619,'Mel','Brooks'),(620,'Peter','Segal'),(621,'Marc','Forster'),(622,'John','Lee'),(623,'Michael','Lewis'),(624,'Michael','Cooney'),(625,'Mark','Protosevich'),(626,'Akiva','Goldsman'),(627,'Richard','Matheson'),(628,'Francis','Lawrence'),(629,'Butch','Hartman'),(630,'Bob','Boyle'),(631,'Fred','Wolf'),(632,'David','Wagner'),(633,'Brent','Goldberg'),(634,'Stuart','Blumberg'),(635,'Luke','Greenfield'),(636,'Scott','Fellows'),(637,'Ronan','Bennett'),(638,'Michael','Mann'),(639,'Ann','Biderman'),(640,'Mike','Bender'),(641,'Adam','Jay'),(642,'Andrew','Jacobson'),(643,'Joel','Gallen'),(644,'Bruce','Porter'),(645,'David','McKenna'),(646,'Nick','Cassavetes'),(647,'Ted','Demme'),(648,'Vy','Vincent'),(649,'Steve','Conrad'),(650,'Gabriele','Muccino'),(651,'Patty','Jenkins'),(652,'Art','Monterastelli'),(653,'David','Morrell'),(654,'Nancy','Meyers'),(655,'Jon','Hurwitz'),(656,'Hayden','Schlossberg'),(657,'Danny','Leiner'),(658,'Robb','White'),(659,'Neal','Marshall'),(660,'Richard','D\'Ovidio'),(661,'Steve','Beck'),(662,'Johnny','Capps'),(663,'Julian','Jones'),(664,'Jake','Michie'),(665,'Duane','Capizzi'),(666,'Jeff','Kline'),(667,'Phil','Lord'),(668,'Christopher','Miller'),(669,'Judi','Barrett'),(670,'Jill','Dickerson'),(671,'Sandi','Johnson'),(672,'Derrick','Speight'),(673,'Debra','Oswald'),(674,'Imogen','Banks'),(675,'John','Edwards'),(676,'Rob','Zombie'),(677,'Debra','Hill'),(678,'Jeff','Tremaine'),(679,'Spike','Jonze'),(680,'Johnny','Knoxville'),(681,'Kent','Alterman'),(682,'David','Auburn'),(683,'Eun-Jeong','Kim'),(684,'Ji','Na'),(685,'Alejandro','Agresti'),(686,'Daniel','Farrands'),(687,'Philip','Nutman'),(688,'Jack','Ketchum'),(689,'Gregory','Wilson'),(690,'Gary','Whitta'),(691,'Peter','Tolan'),(692,'Leslie','Dixon'),(693,'Marc','Lévy'),(694,'Edmond','Wong'),(695,'Tai-lee','Chan'),(696,'Wilson','Yip'),(697,'Peter','Steinfeld'),(698,'Allan','Loeb'),(699,'Ben','Mezrich'),(700,'Robert','Luketic'),(701,'Victor','Miller'),(702,'Damian','Shannon'),(703,'Mark','Swift'),(704,'Marcus','Nispel'),(705,'Matt','Reeves'),(706,'John','Ajvide'),(707,'Wesley','Strick'),(708,'Eric','Heisserer'),(709,'Samuel','Bayer'),(710,'Marc','Lawrence'),(711,'Katie','Ford'),(712,'Caryn','Lucas'),(713,'John','Pasquin'),(714,'Justin','Zackham'),(715,'Craig','Mazin'),(716,'Jim','Abrahams'),(717,'David','Zucker'),(718,'Nancy','M.'),(719,'Roger','Kumble'),(720,'Rowan','Atkinson'),(721,'Simon','McBurney'),(722,'Steve','Bendelack'),(723,'Martin','Stellman'),(724,'Brian','Ward'),(725,'Charles','Randolph'),(726,'Sydney','Pollack'),(727,'James','Kearns'),(728,'Abhijat','Joshi'),(729,'Rajkumar','Hirani'),(730,'Vidhu','Vinod'),(731,'Glen','Morgan'),(732,'James','Wong'),(733,'Jonathan','M.'),(734,'Kim','Henkel'),(735,'Tobe','Hooper'),(736,'Scott','Kosar'),(737,'Dr.','Seuss'),(738,'Alec','Berg'),(739,'David','Mandel'),(740,'Bo','Welch'),(741,'Alex','Lasker'),(742,'Patrick','Cirillo'),(743,'Antoine','Fuqua'),(744,'Alan','R.'),(745,'Alan','Freedland'),(746,'Adam','Sztykiel'),(747,'Jamie','Linden'),(748,'Cory','Helms'),(749,'McG',' '),(750,'Michael','Andrews'),(751,'Ben','Ramsey'),(752,'Ronny','Yu'),(753,'Chris','Weitz'),(754,'Philip','Pullman'),(755,'René','Echevarria'),(756,'Scott','Peters'),(757,'Jon','Ronson'),(758,'Peter','Straughan'),(759,'Grant','Heslov'),(760,'Kent','Osborne'),(761,'David','Fine'),(762,'Alison','Snowden'),(763,'Richard','Starzak'),(764,'Matthew','Aldrich'),(765,'Rob','Schrab'),(766,'Pamela','Pettler'),(767,'Gil','Kenan'),(768,'Josh','Stolberg'),(769,'Steve','Glenn'),(770,'Mark','Helfrich'),(771,'Roland','Emmerich'),(772,'Harald','Kloser'),(773,'Robb','Cullen'),(774,'Mark','Cullen'),(775,'Kevin','Smith'),(776,'Michael','Steinberg'),(777,'Tegan','West'),(778,'Bruce','Hunt'),(779,'William','Blinn'),(780,'Stevie','Long'),(781,'John','O\'Brien'),(782,'Emily','Fox'),(783,'Adam','Cooper'),(784,'Bill','Collage'),(785,'Dennie','Gordon'),(786,'Ted','Griffin'),(787,'Christian','Charles'),(788,'Susannah','Grant'),(789,'Ashutosh','Gowariker'),(790,'Kumar','Dave'),(791,'Sanjay','Dayma'),(792,'Andy','Yerkes'),(793,'David','Cantolla'),(794,'Luis','Gallego'),(795,'Tom','McGillis'),(796,'Jennifer','Pertsch'),(797,'Gina','Riley'),(798,'Jane','Turner'),(799,'Nicole','Holofcener'),(800,'Hiu-Yan','Choi'),(801,'Ian','Deitchman'),(802,'Kristin','Rusk'),(803,'Greg','Berlanti'),(804,'Dean','Craig'),(805,'Neil','LaBute'),(806,'John','Gatins'),(807,'Bill','Kelly'),(808,'Mennan','Yapo'),(809,'Bo','Zenga'),(810,'Chuck','Wilson'),(811,'Jessy','Terrero'),(812,'Sheldon','Turner'),(813,'Jonathan','Liebesman'),(814,'Oleg','Kuzovkov'),(815,'Louis','C.K.'),(816,'Kazuhiro','Furuhashi'),(817,'Matt','Corman'),(818,'Chris','Ord'),(819,'Don','Rhymer'),(820,'John','Whitesell'),(821,'Peter','Allen'),(822,'Gabriel','Casseus'),(823,'John','Luessenhop'),(824,'Amole','Gupte'),(825,'Aamir','Khan'),(826,'E.B.','White'),(827,'Douglas','Wick'),(828,'Bruce','Joel'),(829,'Rob','Minkoff'),(830,'Neville','Astley'),(831,'Mark','Baker'),(832,'Don','Michael'),(833,'Thomas','Romain'),(834,'Manuel','Valdivia'),(835,'Chus','Vallejo'),(836,'John','Grisham'),(837,'Chris','Columbus'),(838,'Joe','Roth'),(839,'Steve','Moore'),(840,'Chris','Denk'),(841,'Anthony','Bell'),(842,'Ben','Gluck'),(843,'Mitsuo','Iso'),(844,'Ulf','Langheinrich'),(845,'Junki','Takegami'),(846,'Hajime','Kamegaki'),(847,'John','Pielmeier'),(848,'Thomas','Carter'),(849,'Omar','Mustre'),(850,'Antonio','Garci'),(851,'Ricardo','Arnaiz'),(852,'Hirohiko','Uesaka'),(853,'Munehisa','Sakai'),(854,'Tony','Giglio'),(855,'Vondie','Curtis-Hall'),(856,'Darin','Scott'),(857,'Michael','Mahern'),(858,'Robb','Wells'),(859,'Chris','Savino'),(860,'Tarek','Alarian'),(861,'Mohamed','Hefzy'),(862,'Paul','Laverty'),(863,'Icíar','Bollaín'),(864,'Katt','Williams'),(865,'Anthony','Anderson'),(866,'Gary','Binkow'),(867,'James','Yukich'),(868,'Michael','Donovan'),(869,'Jeff','Rosen'),(870,'Cheryl','Wagner'),(871,'Vikramaditya','Motwane'),(872,'Anurag','Kashyap'),(873,'Devanshu','Singh'),(874,'Prashant','Nanda'),(875,'John','Paul'),(876,'Jeffrey','Klarik'),(877,'Sheena','Parikh'),(878,'Niranjan','Iyengar'),(879,'Nikkhil','Advani'),(880,'Imtiaz','Ali'),(881,'Sandra','Hetzl'),(882,'Hussain','Zaidi'),(883,'Piyush','Mishra'),(884,'Haidar','Ali'),(885,'K.P.','Saxena'),(886,'Mohamed','Diab'),(887,'Zach','Galifianakis'),(888,'Michael','Blieden'),(889,'David','E.'),(890,'Katsuyuki','Sumizawa'),(891,'Toshiya','Shinohara'),(892,'M.G.','Sathya'),(893,'Sameer','Sharma'),(894,'Shaun','O\'Banion'),(895,'Arthur','Tiersky'),(896,'Mark','Cartier'),(897,'Francesca','Simon'),(898,'Craig','Kellman'),(899,'Art','Edler'),(900,'Douglas','Sloan'),(901,'Eric','Bross'),(902,'Renzil','D\'Silva'),(903,'Prasoon','Joshi'),(904,'Rakeysh','Omprakash'),(905,'Juan','José'),(906,'Jackie','Cockle'),(907,'Vijay','Krishna'),(908,'Whitney','Cummings'),(909,'John','Fortenberry'),(910,'Anees','Bazmee'),(911,'Praful','Parekh'),(912,'Jim','Gaffigan'),(913,'Jeannie','Gaffigan'),(914,'Troy','Miller'),(915,'Joe','Birbiglia'),(916,'Mike','Birbiglia'),(917,'Kassim','Jagmagia'),(918,'Farhan','Akhtar'),(919,'Karan','Vishwanath'),(920,'Kamal','Haasan'),(921,'Madan',' '),(922,'Mohan','Nair'),(923,'Sundar','C.'),(924,'Eunetta','T.'),(925,'Alfredo','Castro'),(926,'Mateo','Iribarren'),(927,'Pablo','Larraín'),(928,'Steven','Bognar'),(929,'Julia','Reichert'),(930,'Natsuko','Takahashi'),(931,'Tite','Kubo'),(932,'Masahiro','Ôkubo'),(933,'Noriyuki','Abe'),(934,'Bear','Aderhold'),(935,'Tom','Sullivan'),(936,'C.B.','Harding'),(937,'Eric','J.'),(938,'David','Lee'),(939,'Jordan','J.'),(940,'Neeraj','Vora'),(941,'Masahiko','Murata'),(942,'Magda','Szubanski'),(943,'Ted','Emery'),(944,'Kevin','Hart'),(945,'Shannon','Hartman'),(946,'Priyadarshan',' '),(947,'Meccartin',' '),(948,'Kookie','Gulati'),(949,'Ajay','Monga'),(950,'Madhur','Bhandarkar'),(951,'Ji-hie','Eun'),(952,'Hae-Young','Lee'),(953,'Seung-wan','Ryu'),(954,'Benjamin','Townsend'),(955,'Pablo','Stoll'),(956,'Juan','Pablo'),(957,'Gonzalo','Delgado'),(958,'K.','Rajeshwar'),(959,'R.D.','Tailang'),(960,'Patrick','Modiano'),(961,'Manuel','Poirier'),(962,'David','Zeiger'),(963,'Shiraz','Ahmed'),(964,'Jitendra','Parmar'),(965,'Anurag','Prapanna'),(966,'Swanand','Kirkire'),(967,'Christopher','Martin'),(968,'Cem','Yilmaz'),(969,'Ömer','Faruk'),(970,'Sanjay','Leela'),(971,'Bhavani','Iyer'),(972,'Vibhu','Puri'),(973,'Prakash','Jha'),(974,'Anjum','Rajabali'),(975,'Sameer',' '),(976,'Abbas','Tyrewala'),(977,'Kam-Yuen','Szeto'),(978,'Lik-Kei','Tang'),(979,'Soi','Cheang'),(980,'Jeff','Dunham'),(981,'Manny','Rodriguez'),(982,'Pramod','Sharma'),(983,'Tensai','Okamura'),(984,'Rajat','Arora'),(985,'Vishal','Dadlani'),(986,'Dev','Kohli'),(987,'Milan','Luthria'),(988,'Andrés','López'),(989,'Ayan','Mukerji'),(990,'Junji','Shimizu'),(991,'Anand','S.'),(992,'Mangesh','Kulkarni'),(993,'Vikram','Bhatt'),(994,'Shibani','Bathija'),(995,'Ruskin','Bond'),(996,'Minty','Kunwar'),(997,'Abhishek','Chaubey'),(998,'Vishal','Bhardwaj'),(999,'Toshiyuki','Tsuru'),(1000,'Sabrina','Dhawan'),(1001,'Anurag','Basu'),(1002,'Sanjeev','Dutta'),(1003,'Punit','Malhotra'),(1004,'Farah','Khan'),(1005,'Rajesh','Saathi'),(1006,'Manisha','Korde'),(1007,'Mushtaq','Sheikh'),(1008,'Vijayadan','Detha'),(1009,'Sandhya','Gokhale'),(1010,'Amol','Palekar'),(1011,'Pubali','Chaudhuri'),(1012,'Abhishek','Kapoor'),(1013,'Dibakar','Banerjee'),(1014,'Kanu','Behl'),(1015,'Takahiro','Imamura'),(1016,'Danish','Aslam'),(1017,'Cajetan','Boy'),(1018,'Supratik','Sen'),(1019,'Hernan','Rodriguez'),(1020,'Josef','Fares'),(1021,'Zoya','Akhtar'),(1022,'Timm','Hannebohm'),(1023,'Hirotsugu','Kawasaki'),(1024,'Yuka','Miyata'),(1025,'Reema','Kagti'),(1026,'Devika','Bhagat'),(1027,'Navdeep','Singh'),(1028,'Manoj','Tapadia'),(1029,'Kiran','Rao'),(1030,'Sharat','Chandra'),(1031,'Abhay','Deol'),(1032,'Vijay','Lalwani'),(1033,'Anvita','Dutt'),(1034,'Tarun','Mansukhani'),(1035,'Ceren','Aslan'),(1036,'Asli','Zengin'),(1037,'Ketche',' '),(1038,'Eamonn','Maguire'),(1039,'Tom','Richards'),(1040,'Christopher','A.'),(1041,'David','Winning'),(1042,'Michael','Crichton'),(1043,'Lisa','Joy'),(1044,'Ross','LaManna'),(1045,'Jim','Kouf'),(1046,'Brett','Ratner'),(1047,'J.','Michael'),(1048,'Dailey','Pike'),(1049,'Patrick','McKay'),(1050,'John','D.'),(1051,'Hani','Sarhan'),(1052,'Lorenzo','Semple'),(1053,'William','Dozier');
/*!40000 ALTER TABLE `creators` ENABLE KEYS */;
UNLOCK TABLES;

--
-- Table structure for table `creatorsmovie`
--

DROP TABLE IF EXISTS `creatorsmovie`;
/*!40101 SET @saved_cs_client     = @@character_set_client */;
/*!50503 SET character_set_client = utf8mb4 */;
CREATE TABLE `creatorsmovie` (
  `CreatorID` int NOT NULL,
  `MovieID` int NOT NULL,
  `Position` varchar(30) CHARACTER SET utf8mb4 COLLATE utf8mb4_0900_ai_ci NOT NULL,
  PRIMARY KEY (`CreatorID`,`MovieID`,`Position`),
  KEY `IX_CreatorsMovie_MovieID` (`MovieID`),
  CONSTRAINT `FK_CreatorsMovie_Creators_CreatorID` FOREIGN KEY (`CreatorID`) REFERENCES `creators` (`ID`) ON DELETE CASCADE,
  CONSTRAINT `FK_CreatorsMovie_Movies_MovieID` FOREIGN KEY (`MovieID`) REFERENCES `movies` (`ID`) ON DELETE CASCADE
) ENGINE=InnoDB DEFAULT CHARSET=utf8mb4 COLLATE=utf8mb4_0900_ai_ci;
/*!40101 SET character_set_client = @saved_cs_client */;

--
-- Dumping data for table `creatorsmovie`
--

LOCK TABLES `creatorsmovie` WRITE;
/*!40000 ALTER TABLE `creatorsmovie` DISABLE KEYS */;
INSERT INTO `creatorsmovie` VALUES (47,16,'Writer'),(48,16,'Writer'),(49,16,'Director'),(49,16,'Writer'),(48,17,'Writer'),(49,17,'Director'),(49,17,'Writer'),(50,17,'Writer'),(51,18,'Writer'),(52,18,'Director'),(52,18,'Writer'),(53,19,'Writer'),(54,19,'Writer'),(55,19,'Writer'),(56,19,'Director'),(53,20,'Writer'),(54,20,'Writer'),(55,20,'Writer'),(56,20,'Director'),(53,22,'Writer'),(54,22,'Writer'),(55,22,'Writer'),(56,22,'Director'),(59,23,'Director'),(59,23,'Writer'),(60,23,'Writer'),(61,24,'Director'),(61,24,'Writer'),(70,25,'Writer'),(71,25,'Director'),(71,25,'Writer'),(72,25,'Writer'),(73,26,'Writer'),(74,26,'Director'),(75,27,'Director'),(75,27,'Writer'),(76,27,'Director'),(76,27,'Writer'),(78,28,'Director'),(78,28,'Writer'),(79,28,'Writer'),(82,34,'Director'),(82,34,'Writer'),(83,37,'Writer'),(84,37,'Director'),(89,38,'Director'),(89,38,'Writer'),(90,38,'Director'),(90,38,'Writer'),(91,39,'Writer'),(92,39,'Writer'),(93,39,'Director'),(94,40,'Writer'),(95,40,'Writer'),(96,40,'Director'),(97,41,'Writer'),(98,41,'Writer'),(99,41,'Writer'),(100,41,'Director'),(101,44,'Writer'),(102,44,'Writer'),(103,44,'Director'),(103,44,'Writer'),(104,44,'Director'),(105,45,'Writer'),(106,45,'Director'),(111,47,'Director'),(111,47,'Writer'),(71,49,'Director'),(113,49,'Writer'),(114,49,'Writer'),(122,51,'Writer'),(123,51,'Writer'),(124,51,'Writer'),(125,51,'Director'),(126,52,'Writer'),(127,52,'Director'),(128,53,'Writer'),(129,53,'Writer'),(130,53,'Director'),(75,54,'Writer'),(76,54,'Writer'),(131,54,'Writer'),(132,54,'Director'),(133,55,'Writer'),(134,55,'Director'),(135,56,'Director'),(135,56,'Writer'),(136,56,'Writer'),(137,58,'Director'),(137,58,'Writer'),(82,59,'Writer'),(138,59,'Director'),(139,60,'Writer'),(140,60,'Director'),(140,60,'Writer'),(141,61,'Writer'),(142,61,'Writer'),(143,61,'Writer'),(144,61,'Director'),(145,61,'Director'),(146,62,'Writer'),(147,62,'Writer'),(148,62,'Writer'),(149,62,'Director'),(141,63,'Writer'),(142,63,'Writer'),(144,63,'Writer'),(145,63,'Director'),(134,64,'Director'),(150,64,'Writer'),(151,64,'Writer'),(152,64,'Writer'),(153,64,'Director'),(154,65,'Writer'),(155,65,'Writer'),(156,65,'Writer'),(157,65,'Director'),(158,66,'Writer'),(159,66,'Writer'),(160,66,'Director'),(161,67,'Writer'),(162,67,'Writer'),(163,67,'Director'),(164,68,'Writer'),(165,68,'Director'),(165,68,'Writer'),(166,69,'Writer'),(167,69,'Writer'),(168,69,'Director'),(169,70,'Writer'),(170,70,'Writer'),(171,70,'Writer'),(172,70,'Director'),(176,71,'Writer'),(177,71,'Writer'),(178,71,'Director'),(179,72,'Director'),(179,72,'Writer'),(180,72,'Director'),(181,73,'Writer'),(182,73,'Writer'),(183,73,'Writer'),(184,73,'Director'),(178,74,'Director'),(178,74,'Writer'),(185,74,'Writer'),(178,75,'Director'),(186,75,'Writer'),(187,75,'Writer'),(188,76,'Writer'),(189,76,'Writer'),(190,76,'Director'),(178,77,'Director'),(178,77,'Writer'),(186,77,'Writer'),(191,77,'Writer'),(192,78,'Writer'),(193,78,'Writer'),(194,78,'Director'),(195,78,'Director'),(178,80,'Director'),(178,80,'Writer'),(196,80,'Writer'),(197,80,'Writer'),(198,81,'Director'),(199,82,'Writer'),(200,82,'Writer'),(201,82,'Writer'),(202,82,'Director'),(198,83,'Director'),(203,83,'Writer'),(178,84,'Director'),(178,84,'Writer'),(204,84,'Writer'),(199,85,'Writer'),(205,85,'Writer'),(206,85,'Director'),(207,86,'Writer'),(208,86,'Director'),(200,87,'Writer'),(209,87,'Director'),(209,87,'Writer'),(210,87,'Writer'),(198,88,'Director'),(198,88,'Writer'),(213,90,'Writer'),(214,90,'Director'),(214,90,'Writer'),(215,90,'Writer'),(138,91,'Director'),(138,91,'Writer'),(218,91,'Writer'),(219,92,'Director'),(219,92,'Writer'),(220,92,'Writer'),(221,92,'Writer'),(222,93,'Writer'),(223,93,'Writer'),(224,93,'Writer'),(225,93,'Director'),(226,94,'Writer'),(227,94,'Director'),(228,95,'Director'),(228,95,'Writer'),(229,96,'Writer'),(230,96,'Director'),(231,97,'Writer'),(232,97,'Writer'),(233,97,'Director'),(233,97,'Writer'),(234,98,'Writer'),(235,98,'Writer'),(236,98,'Director'),(242,99,'Writer'),(243,99,'Writer'),(244,99,'Director'),(246,100,'Writer'),(247,100,'Director'),(248,101,'Writer'),(249,101,'Director'),(250,102,'Writer'),(251,102,'Writer'),(252,102,'Director'),(253,103,'Director'),(253,103,'Writer'),(254,103,'Writer'),(257,104,'Writer'),(258,104,'Writer'),(259,104,'Director'),(262,105,'Director'),(262,105,'Writer'),(263,105,'Writer'),(264,106,'Director'),(264,106,'Writer'),(264,107,'Director'),(265,107,'Writer'),(266,107,'Writer'),(267,107,'Writer'),(268,107,'Director'),(269,107,'Director'),(273,108,'Writer'),(274,108,'Director'),(275,109,'Director'),(275,109,'Writer'),(276,109,'Writer'),(277,110,'Writer'),(278,110,'Director'),(264,111,'Director'),(265,111,'Writer'),(266,111,'Writer'),(267,111,'Writer'),(268,111,'Director'),(269,111,'Director'),(141,112,'Writer'),(142,112,'Writer'),(144,112,'Writer'),(279,112,'Director'),(280,112,'Director'),(281,113,'Writer'),(282,113,'Writer'),(283,113,'Director'),(284,114,'Writer'),(285,114,'Writer'),(286,114,'Writer'),(287,114,'Director'),(141,115,'Writer'),(142,115,'Writer'),(144,115,'Writer'),(280,115,'Director'),(288,116,'Writer'),(289,116,'Writer'),(290,116,'Writer'),(291,116,'Director'),(292,117,'Writer'),(293,117,'Writer'),(294,117,'Director'),(295,118,'Writer'),(296,118,'Director'),(296,118,'Writer'),(297,119,'Writer'),(298,119,'Writer'),(299,119,'Writer'),(300,119,'Director'),(301,120,'Writer'),(302,120,'Director'),(303,121,'Writer'),(304,121,'Director'),(305,122,'Writer'),(306,122,'Writer'),(307,122,'Director'),(195,123,'Director'),(308,123,'Writer'),(309,123,'Writer'),(310,123,'Writer'),(311,124,'Writer'),(312,124,'Writer'),(313,124,'Writer'),(314,124,'Director'),(178,125,'Director'),(178,125,'Writer'),(315,125,'Writer'),(316,125,'Director'),(188,126,'Writer'),(317,126,'Director'),(318,127,'Writer'),(319,127,'Writer'),(320,127,'Writer'),(321,127,'Director'),(195,128,'Director'),(322,129,'Writer'),(323,129,'Director'),(285,130,'Writer'),(324,130,'Writer'),(325,130,'Director'),(325,130,'Writer'),(314,131,'Director'),(314,133,'Director'),(178,134,'Director'),(178,134,'Writer'),(316,134,'Director'),(198,135,'Director'),(198,135,'Writer'),(326,135,'Writer'),(327,136,'Writer'),(328,136,'Writer'),(329,136,'Writer'),(330,136,'Director'),(243,137,'Writer'),(332,137,'Writer'),(333,137,'Writer'),(334,137,'Director'),(337,138,'Writer'),(338,138,'Director'),(339,139,'Director'),(339,139,'Writer'),(340,140,'Writer'),(341,140,'Writer'),(342,140,'Director'),(137,141,'Director'),(137,141,'Writer'),(343,142,'Writer'),(344,142,'Director'),(344,142,'Writer'),(346,143,'Director'),(346,143,'Writer'),(348,144,'Writer'),(349,144,'Writer'),(350,144,'Director'),(332,145,'Writer'),(351,145,'Writer'),(352,145,'Writer'),(353,145,'Director'),(354,146,'Director'),(354,146,'Writer'),(355,146,'Writer'),(356,146,'Director'),(356,146,'Writer'),(358,147,'Director'),(358,147,'Writer'),(359,148,'Director'),(359,148,'Writer'),(78,149,'Writer'),(361,149,'Writer'),(362,149,'Writer'),(363,149,'Director'),(364,150,'Writer'),(365,150,'Director'),(226,151,'Director'),(226,151,'Writer'),(366,151,'Writer'),(367,151,'Writer'),(370,152,'Writer'),(371,152,'Writer'),(372,152,'Writer'),(373,152,'Director'),(236,153,'Director'),(374,153,'Writer'),(375,153,'Writer'),(376,154,'Writer'),(377,154,'Writer'),(378,154,'Writer'),(379,154,'Director'),(385,155,'Writer'),(386,155,'Writer'),(387,155,'Director'),(388,156,'Writer'),(389,156,'Director'),(389,156,'Writer'),(390,156,'Writer'),(391,157,'Writer'),(392,157,'Writer'),(393,157,'Writer'),(394,157,'Director'),(397,158,'Writer'),(398,158,'Director'),(122,159,'Director'),(122,159,'Writer'),(399,159,'Writer'),(400,160,'Writer'),(401,160,'Writer'),(402,160,'Writer'),(403,160,'Director'),(357,161,'Director'),(357,161,'Writer'),(404,161,'Director'),(405,162,'Writer'),(406,162,'Writer'),(407,162,'Director'),(408,163,'Writer'),(409,163,'Director'),(410,164,'Writer'),(411,164,'Writer'),(412,164,'Director'),(413,165,'Writer'),(414,165,'Writer'),(415,165,'Director'),(419,166,'Writer'),(420,166,'Writer'),(421,166,'Writer'),(422,166,'Director'),(424,167,'Writer'),(425,167,'Director'),(426,168,'Writer'),(427,168,'Writer'),(428,168,'Director'),(429,169,'Writer'),(430,169,'Writer'),(431,169,'Director'),(432,170,'Writer'),(433,170,'Writer'),(434,170,'Writer'),(435,170,'Director'),(436,171,'Director'),(436,171,'Writer'),(437,171,'Director'),(437,171,'Writer'),(438,171,'Writer'),(439,172,'Writer'),(440,172,'Director'),(441,173,'Writer'),(442,173,'Writer'),(443,173,'Director'),(444,174,'Writer'),(445,174,'Director'),(446,175,'Director'),(446,175,'Writer'),(447,175,'Writer'),(448,176,'Writer'),(449,176,'Writer'),(450,176,'Director'),(450,176,'Writer'),(454,177,'Writer'),(455,177,'Director'),(457,178,'Writer'),(458,178,'Writer'),(459,178,'Director'),(460,179,'Writer'),(461,179,'Writer'),(462,179,'Director'),(375,180,'Writer'),(463,180,'Writer'),(464,180,'Director'),(389,181,'Director'),(389,181,'Writer'),(465,182,'Director'),(465,182,'Writer'),(474,183,'Director'),(474,183,'Writer'),(475,184,'Director'),(237,185,'Writer'),(476,185,'Writer'),(477,185,'Director'),(478,186,'Director'),(478,186,'Writer'),(479,187,'Director'),(479,187,'Writer'),(480,187,'Writer'),(481,187,'Writer'),(217,188,'Writer'),(482,188,'Director'),(486,189,'Director'),(486,189,'Writer'),(487,190,'Director'),(487,190,'Writer'),(488,190,'Writer'),(489,190,'Writer'),(490,191,'Writer'),(491,191,'Director'),(491,191,'Writer'),(492,192,'Director'),(273,193,'Writer'),(274,193,'Director'),(493,194,'Writer'),(494,194,'Director'),(479,195,'Director'),(479,195,'Writer'),(495,195,'Writer'),(298,196,'Writer'),(300,196,'Director'),(496,196,'Writer'),(497,196,'Writer'),(313,197,'Writer'),(498,197,'Writer'),(499,197,'Writer'),(500,197,'Director'),(501,197,'Director'),(502,198,'Writer'),(503,198,'Director'),(504,199,'Writer'),(505,199,'Writer'),(506,199,'Director'),(478,200,'Director'),(478,200,'Writer'),(178,201,'Director'),(178,201,'Writer'),(316,201,'Director'),(507,201,'Writer'),(509,203,'Director'),(509,203,'Writer'),(510,204,'Director'),(510,204,'Writer'),(511,205,'Director'),(511,205,'Writer'),(512,206,'Writer'),(513,206,'Director'),(514,207,'Director'),(514,207,'Writer'),(515,207,'Writer'),(313,208,'Writer'),(516,208,'Writer'),(517,208,'Writer'),(518,208,'Director'),(510,209,'Director'),(510,209,'Writer'),(519,209,'Writer'),(504,210,'Writer'),(520,210,'Writer'),(521,210,'Writer'),(522,210,'Director'),(523,211,'Writer'),(524,211,'Director'),(525,212,'Writer'),(526,212,'Writer'),(527,212,'Writer'),(528,212,'Director'),(529,213,'Director'),(277,214,'Writer'),(278,214,'Director'),(530,215,'Director'),(530,215,'Writer'),(531,216,'Writer'),(532,216,'Writer'),(533,216,'Director'),(533,216,'Writer'),(198,217,'Director'),(198,217,'Writer'),(534,217,'Writer'),(535,217,'Writer'),(516,218,'Writer'),(518,218,'Director'),(536,218,'Writer'),(502,219,'Writer'),(503,219,'Director'),(502,220,'Writer'),(537,220,'Director'),(313,221,'Writer'),(538,221,'Director'),(538,221,'Writer'),(539,222,'Director'),(178,223,'Director'),(178,223,'Writer'),(507,223,'Writer'),(522,224,'Director'),(540,224,'Writer'),(178,225,'Director'),(178,225,'Writer'),(507,225,'Writer'),(541,225,'Writer'),(542,226,'Director'),(542,226,'Writer'),(543,227,'Director'),(543,227,'Writer'),(544,227,'Director'),(545,227,'Director'),(546,228,'Writer'),(547,228,'Director'),(194,229,'Director'),(195,229,'Director'),(310,229,'Writer'),(548,229,'Writer'),(549,229,'Writer'),(234,230,'Writer'),(550,230,'Director'),(550,230,'Writer'),(552,231,'Writer'),(553,231,'Writer'),(554,231,'Director'),(125,232,'Director'),(557,232,'Writer'),(558,232,'Writer'),(559,232,'Writer'),(563,233,'Writer'),(564,233,'Director'),(564,233,'Writer'),(565,233,'Writer'),(570,234,'Writer'),(571,234,'Director'),(571,234,'Writer'),(49,235,'Director'),(49,235,'Writer'),(83,236,'Writer'),(138,236,'Director'),(576,236,'Writer'),(577,236,'Writer'),(579,237,'Writer'),(580,237,'Director'),(125,238,'Director'),(333,238,'Writer'),(581,238,'Writer'),(582,238,'Writer'),(586,239,'Writer'),(587,239,'Writer'),(588,239,'Writer'),(589,239,'Director'),(590,240,'Writer'),(591,240,'Writer'),(592,240,'Writer'),(593,240,'Director'),(125,241,'Director'),(358,241,'Writer'),(557,241,'Writer'),(598,241,'Writer'),(69,242,'Director'),(69,242,'Writer'),(599,243,'Writer'),(600,243,'Writer'),(601,243,'Writer'),(602,243,'Director'),(603,244,'Writer'),(604,244,'Writer'),(605,244,'Director'),(606,245,'Writer'),(607,245,'Director'),(64,246,'Writer'),(409,246,'Director'),(608,246,'Writer'),(137,247,'Director'),(609,247,'Writer'),(610,247,'Writer'),(611,247,'Writer'),(613,248,'Director'),(613,248,'Writer'),(617,249,'Writer'),(618,249,'Writer'),(619,249,'Writer'),(620,249,'Director'),(590,250,'Writer'),(591,250,'Writer'),(592,250,'Writer'),(621,250,'Director'),(622,251,'Director'),(622,251,'Writer'),(623,251,'Writer'),(389,252,'Director'),(624,252,'Writer'),(625,253,'Writer'),(626,253,'Writer'),(627,253,'Writer'),(628,253,'Director'),(372,254,'Writer'),(373,254,'Director'),(631,254,'Writer'),(632,255,'Writer'),(633,255,'Writer'),(634,255,'Writer'),(635,255,'Director'),(637,256,'Writer'),(638,256,'Director'),(638,256,'Writer'),(639,256,'Writer'),(640,257,'Writer'),(641,257,'Writer'),(642,257,'Writer'),(643,257,'Director'),(644,258,'Writer'),(645,258,'Writer'),(646,258,'Writer'),(647,258,'Director'),(68,259,'Writer'),(572,259,'Director'),(648,259,'Writer'),(649,260,'Writer'),(650,260,'Director'),(651,261,'Director'),(651,261,'Writer'),(434,262,'Director'),(434,262,'Writer'),(652,262,'Writer'),(653,262,'Writer'),(654,263,'Director'),(654,263,'Writer'),(655,264,'Writer'),(656,264,'Writer'),(657,264,'Director'),(658,265,'Writer'),(659,265,'Writer'),(660,265,'Writer'),(661,265,'Director'),(667,266,'Director'),(667,266,'Writer'),(668,266,'Director'),(668,266,'Writer'),(669,266,'Writer'),(236,267,'Writer'),(676,267,'Director'),(676,267,'Writer'),(677,267,'Writer'),(678,268,'Director'),(678,268,'Writer'),(679,268,'Writer'),(680,268,'Writer'),(565,269,'Writer'),(681,269,'Director'),(682,270,'Writer'),(683,270,'Writer'),(684,270,'Writer'),(685,270,'Director'),(686,271,'Writer'),(687,271,'Writer'),(688,271,'Writer'),(689,271,'Director'),(436,272,'Director'),(437,272,'Director'),(690,272,'Writer'),(554,273,'Director'),(691,273,'Writer'),(692,273,'Writer'),(693,273,'Writer'),(694,274,'Writer'),(695,274,'Writer'),(696,274,'Director'),(697,275,'Writer'),(698,275,'Writer'),(699,275,'Writer'),(700,275,'Director'),(701,276,'Writer'),(702,276,'Writer'),(703,276,'Writer'),(704,276,'Director'),(705,277,'Director'),(705,277,'Writer'),(706,277,'Writer'),(228,278,'Writer'),(707,278,'Writer'),(708,278,'Writer'),(709,278,'Director'),(710,279,'Writer'),(711,279,'Writer'),(712,279,'Writer'),(713,279,'Director'),(227,280,'Director'),(714,280,'Writer'),(232,281,'Writer'),(715,281,'Writer'),(716,281,'Writer'),(717,281,'Director'),(718,282,'Writer'),(719,282,'Director'),(85,283,'Director'),(85,283,'Writer'),(613,284,'Writer'),(720,284,'Writer'),(721,284,'Writer'),(722,284,'Director'),(723,285,'Writer'),(724,285,'Writer'),(725,285,'Writer'),(726,285,'Director'),(646,286,'Director'),(727,286,'Writer'),(728,287,'Writer'),(729,287,'Director'),(729,287,'Writer'),(730,287,'Writer'),(731,288,'Writer'),(732,288,'Director'),(732,288,'Writer'),(704,289,'Director'),(734,289,'Writer'),(735,289,'Writer'),(736,289,'Writer'),(737,290,'Writer'),(738,290,'Writer'),(739,290,'Writer'),(740,290,'Director'),(741,291,'Writer'),(742,291,'Writer'),(743,291,'Director'),(564,292,'Director'),(744,292,'Writer'),(745,292,'Writer'),(746,292,'Writer'),(747,293,'Writer'),(748,293,'Writer'),(749,293,'Director'),(750,294,'Writer'),(751,294,'Director'),(228,295,'Writer'),(701,295,'Writer'),(702,295,'Writer'),(752,295,'Director'),(753,296,'Director'),(753,296,'Writer'),(754,296,'Writer'),(757,297,'Writer'),(758,297,'Writer'),(759,297,'Director'),(435,298,'Director'),(764,298,'Writer'),(556,299,'Writer'),(765,299,'Writer'),(766,299,'Writer'),(767,299,'Director'),(768,300,'Writer'),(769,300,'Writer'),(770,300,'Director'),(771,301,'Director'),(771,301,'Writer'),(772,301,'Writer'),(773,302,'Writer'),(774,302,'Writer'),(775,302,'Director'),(776,303,'Writer'),(777,303,'Writer'),(778,303,'Director'),(564,304,'Director'),(779,304,'Writer'),(780,304,'Writer'),(781,304,'Writer'),(782,305,'Writer'),(783,305,'Writer'),(784,305,'Writer'),(785,305,'Director'),(227,306,'Director'),(786,306,'Writer'),(787,307,'Director'),(788,308,'Director'),(788,308,'Writer'),(789,309,'Director'),(789,309,'Writer'),(790,309,'Writer'),(791,309,'Writer'),(799,310,'Director'),(799,310,'Writer'),(694,311,'Writer'),(695,311,'Writer'),(696,311,'Director'),(800,311,'Writer'),(801,312,'Writer'),(802,312,'Writer'),(803,312,'Director'),(804,313,'Writer'),(805,313,'Director'),(806,314,'Director'),(806,314,'Writer'),(807,315,'Writer'),(808,315,'Director'),(809,316,'Writer'),(810,316,'Writer'),(811,316,'Director'),(290,318,'Writer'),(812,318,'Writer'),(813,318,'Director'),(815,319,'Director'),(815,319,'Writer'),(817,320,'Writer'),(818,320,'Writer'),(819,320,'Writer'),(820,320,'Director'),(821,321,'Writer'),(822,321,'Writer'),(823,321,'Director'),(823,321,'Writer'),(824,322,'Director'),(824,322,'Writer'),(825,322,'Director'),(710,323,'Director'),(710,323,'Writer'),(826,324,'Writer'),(827,324,'Writer'),(828,324,'Writer'),(829,324,'Director'),(832,325,'Director'),(832,325,'Writer'),(836,326,'Writer'),(837,326,'Writer'),(838,326,'Director'),(839,327,'Writer'),(840,327,'Writer'),(841,327,'Director'),(842,327,'Director'),(844,328,'Director'),(844,328,'Writer'),(585,329,'Writer'),(845,329,'Writer'),(846,329,'Director'),(847,330,'Writer'),(848,330,'Director'),(849,331,'Writer'),(850,331,'Writer'),(851,331,'Director'),(345,332,'Writer'),(852,332,'Writer'),(853,332,'Director'),(854,333,'Director'),(854,333,'Writer'),(855,334,'Director'),(855,334,'Writer'),(856,334,'Writer'),(857,334,'Writer'),(612,335,'Director'),(612,335,'Writer'),(858,335,'Writer'),(860,336,'Director'),(860,336,'Writer'),(861,336,'Writer'),(862,337,'Writer'),(863,337,'Director'),(864,338,'Writer'),(865,338,'Director'),(866,338,'Director'),(867,338,'Director'),(871,339,'Director'),(871,339,'Writer'),(872,339,'Writer'),(873,339,'Writer'),(874,340,'Director'),(874,340,'Writer'),(612,341,'Director'),(612,341,'Writer'),(858,341,'Writer'),(875,341,'Writer'),(474,342,'Director'),(474,342,'Writer'),(877,342,'Writer'),(474,343,'Writer'),(878,343,'Writer'),(879,343,'Director'),(880,344,'Director'),(880,344,'Writer'),(881,345,'Director'),(872,346,'Director'),(872,346,'Writer'),(882,346,'Writer'),(883,346,'Writer'),(789,347,'Director'),(789,347,'Writer'),(884,347,'Writer'),(885,347,'Writer'),(886,348,'Director'),(886,348,'Writer'),(887,349,'Writer'),(888,349,'Director'),(889,350,'Director'),(889,350,'Writer'),(384,351,'Writer'),(890,351,'Writer'),(891,351,'Director'),(789,352,'Director'),(789,352,'Writer'),(892,352,'Writer'),(893,352,'Writer'),(894,353,'Writer'),(895,353,'Writer'),(896,353,'Director'),(899,354,'Writer'),(900,354,'Writer'),(901,354,'Director'),(902,355,'Writer'),(903,355,'Writer'),(904,355,'Director'),(904,355,'Writer'),(479,356,'Director'),(479,356,'Writer'),(872,356,'Writer'),(907,356,'Writer'),(908,357,'Writer'),(909,357,'Director'),(297,358,'Writer'),(910,358,'Director'),(910,358,'Writer'),(911,358,'Writer'),(912,359,'Writer'),(913,359,'Writer'),(914,359,'Director'),(915,360,'Writer'),(916,360,'Writer'),(917,361,'Writer'),(918,361,'Director'),(918,361,'Writer'),(919,361,'Writer'),(920,362,'Writer'),(921,362,'Writer'),(922,362,'Writer'),(923,362,'Director'),(925,363,'Writer'),(926,363,'Writer'),(927,363,'Director'),(927,363,'Writer'),(928,364,'Director'),(929,364,'Director'),(930,365,'Writer'),(931,365,'Writer'),(932,365,'Writer'),(933,365,'Director'),(934,366,'Writer'),(935,366,'Writer'),(936,366,'Director'),(937,367,'Writer'),(938,367,'Director'),(938,367,'Writer'),(939,367,'Writer'),(940,368,'Director'),(940,368,'Writer'),(585,369,'Writer'),(845,369,'Writer'),(941,369,'Director'),(509,370,'Director'),(509,370,'Writer'),(797,371,'Writer'),(798,371,'Writer'),(942,371,'Writer'),(943,371,'Director'),(944,372,'Writer'),(945,372,'Director'),(930,373,'Writer'),(931,373,'Writer'),(932,373,'Writer'),(933,373,'Director'),(585,374,'Writer'),(845,374,'Writer'),(846,374,'Director'),(188,375,'Writer'),(189,375,'Writer'),(918,375,'Director'),(918,375,'Writer'),(940,376,'Writer'),(946,376,'Director'),(946,376,'Writer'),(947,376,'Writer'),(948,376,'Director'),(585,377,'Writer'),(845,377,'Writer'),(941,377,'Director'),(878,378,'Writer'),(949,378,'Writer'),(950,378,'Director'),(950,378,'Writer'),(951,379,'Writer'),(952,379,'Writer'),(953,379,'Director'),(953,379,'Writer'),(955,380,'Director'),(955,380,'Writer'),(956,380,'Director'),(956,380,'Writer'),(957,380,'Writer'),(506,381,'Director'),(506,381,'Writer'),(958,381,'Writer'),(959,381,'Writer'),(960,382,'Writer'),(961,382,'Director'),(961,382,'Writer'),(962,383,'Director'),(962,383,'Writer'),(500,384,'Director'),(501,384,'Director'),(963,384,'Writer'),(964,384,'Writer'),(965,384,'Writer'),(480,385,'Writer'),(511,385,'Director'),(511,385,'Writer'),(966,385,'Writer'),(384,386,'Writer'),(890,386,'Writer'),(891,386,'Director'),(967,387,'Director'),(968,388,'Writer'),(969,388,'Director'),(970,389,'Director'),(970,389,'Writer'),(971,389,'Writer'),(972,389,'Writer'),(973,390,'Director'),(973,390,'Writer'),(974,390,'Writer'),(975,390,'Writer'),(976,391,'Director'),(976,391,'Writer'),(977,392,'Writer'),(978,392,'Writer'),(979,392,'Director'),(980,393,'Writer'),(981,393,'Director'),(516,394,'Writer'),(528,394,'Director'),(528,394,'Writer'),(982,394,'Writer'),(585,395,'Writer'),(890,395,'Writer'),(983,395,'Director'),(984,396,'Writer'),(985,396,'Writer'),(986,396,'Writer'),(987,396,'Director'),(479,397,'Director'),(479,397,'Writer'),(872,397,'Writer'),(878,398,'Writer'),(989,398,'Director'),(989,398,'Writer'),(345,399,'Writer'),(852,399,'Writer'),(990,399,'Director'),(940,400,'Writer'),(991,400,'Writer'),(992,400,'Writer'),(993,400,'Director'),(474,401,'Director'),(474,401,'Writer'),(878,401,'Writer'),(994,401,'Writer'),(995,402,'Writer'),(996,402,'Writer'),(997,402,'Writer'),(998,402,'Director'),(585,403,'Writer'),(999,403,'Director'),(999,403,'Writer'),(997,404,'Director'),(997,404,'Writer'),(998,404,'Writer'),(1000,404,'Writer'),(1001,405,'Director'),(1001,405,'Writer'),(1002,405,'Writer'),(1003,406,'Director'),(1003,406,'Writer'),(976,407,'Writer'),(1004,407,'Director'),(1004,407,'Writer'),(1005,407,'Writer'),(946,408,'Director'),(946,408,'Writer'),(1006,408,'Writer'),(1007,408,'Writer'),(1008,409,'Writer'),(1009,409,'Writer'),(1010,409,'Director'),(1010,409,'Writer'),(918,410,'Writer'),(1011,410,'Writer'),(1012,410,'Director'),(1012,410,'Writer'),(1013,411,'Director'),(1013,411,'Writer'),(1014,411,'Writer'),(345,412,'Writer'),(852,412,'Writer'),(1015,412,'Director'),(903,413,'Writer'),(985,413,'Writer'),(1016,413,'Director'),(1016,413,'Writer'),(997,414,'Writer'),(998,414,'Director'),(1017,414,'Writer'),(1018,414,'Writer'),(926,415,'Writer'),(927,415,'Director'),(927,415,'Writer'),(1019,415,'Writer'),(1020,416,'Director'),(1020,416,'Writer'),(188,417,'Writer'),(1021,417,'Director'),(1021,417,'Writer'),(612,418,'Director'),(612,418,'Writer'),(1022,418,'Writer'),(585,419,'Writer'),(1023,419,'Director'),(1023,419,'Writer'),(1024,419,'Writer'),(872,420,'Writer'),(1025,420,'Director'),(1025,420,'Writer'),(1026,421,'Writer'),(1027,421,'Director'),(1027,421,'Writer'),(1028,421,'Writer'),(1029,422,'Director'),(1029,422,'Writer'),(384,423,'Writer'),(890,423,'Writer'),(891,423,'Director'),(871,424,'Writer'),(872,424,'Director'),(1030,424,'Writer'),(1031,424,'Writer'),(1032,425,'Director'),(1032,425,'Writer'),(1003,426,'Director'),(1033,426,'Writer'),(1034,426,'Director'),(1034,426,'Writer'),(1035,427,'Writer'),(1036,427,'Writer'),(1037,427,'Director'),(474,428,'Writer'),(878,428,'Writer'),(902,428,'Director'),(902,428,'Writer'),(1038,429,'Writer'),(1039,429,'Writer'),(1040,429,'Writer'),(1041,429,'Director'),(1042,430,'Director'),(1042,430,'Writer'),(1044,431,'Writer'),(1045,431,'Writer'),(1046,431,'Director'),(1048,432,'Writer'),(67,433,'Writer'),(123,436,'Director'),(123,436,'Writer'),(68,437,'Director'),(68,437,'Writer');
/*!40000 ALTER TABLE `creatorsmovie` ENABLE KEYS */;
UNLOCK TABLES;

--
-- Table structure for table `creatorstvshows`
--

DROP TABLE IF EXISTS `creatorstvshows`;
/*!40101 SET @saved_cs_client     = @@character_set_client */;
/*!50503 SET character_set_client = utf8mb4 */;
CREATE TABLE `creatorstvshows` (
  `CreatorID` int NOT NULL,
  `TVShowID` int NOT NULL,
  `Position` varchar(30) CHARACTER SET utf8mb4 COLLATE utf8mb4_0900_ai_ci NOT NULL,
  PRIMARY KEY (`CreatorID`,`TVShowID`,`Position`),
  KEY `IX_CreatorsTVShows_TVShowID` (`TVShowID`),
  CONSTRAINT `FK_CreatorsTVShows_Creators_CreatorID` FOREIGN KEY (`CreatorID`) REFERENCES `creators` (`ID`) ON DELETE CASCADE,
  CONSTRAINT `FK_CreatorsTVShows_TVShows_TVShowID` FOREIGN KEY (`TVShowID`) REFERENCES `tvshows` (`ID`) ON DELETE CASCADE
) ENGINE=InnoDB DEFAULT CHARSET=utf8mb4 COLLATE=utf8mb4_0900_ai_ci;
/*!40101 SET character_set_client = @saved_cs_client */;

--
-- Dumping data for table `creatorstvshows`
--

LOCK TABLES `creatorstvshows` WRITE;
/*!40000 ALTER TABLE `creatorstvshows` DISABLE KEYS */;
INSERT INTO `creatorstvshows` VALUES (63,24,'Writer'),(66,25,'Writer'),(67,25,'Writer'),(68,26,'Writer'),(64,27,'Writer'),(65,27,'Writer'),(77,28,'Writer'),(85,29,'Writer'),(86,29,'Writer'),(87,29,'Writer'),(88,30,'Writer'),(141,31,'Writer'),(143,31,'Writer'),(145,31,'Writer'),(216,56,'Writer'),(217,56,'Writer'),(237,57,'Writer'),(238,58,'Writer'),(239,58,'Writer'),(240,58,'Writer'),(241,59,'Writer'),(245,60,'Writer'),(249,61,'Writer'),(255,61,'Writer'),(256,61,'Writer'),(260,62,'Writer'),(261,62,'Writer'),(270,63,'Writer'),(271,63,'Writer'),(272,63,'Writer'),(331,98,'Writer'),(335,99,'Writer'),(336,99,'Writer'),(345,101,'Writer'),(347,103,'Writer'),(357,104,'Writer'),(360,105,'Writer'),(368,106,'Writer'),(369,106,'Writer'),(380,108,'Writer'),(381,108,'Writer'),(382,108,'Writer'),(383,109,'Writer'),(384,110,'Writer'),(395,111,'Writer'),(396,111,'Writer'),(416,112,'Writer'),(417,112,'Writer'),(418,112,'Writer'),(423,113,'Writer'),(456,116,'Writer'),(466,117,'Writer'),(467,117,'Writer'),(468,117,'Writer'),(423,118,'Writer'),(469,118,'Writer'),(470,118,'Writer'),(467,119,'Writer'),(468,119,'Writer'),(471,120,'Writer'),(472,121,'Writer'),(473,121,'Writer'),(483,123,'Writer'),(484,123,'Writer'),(485,123,'Writer'),(550,212,'Writer'),(551,213,'Writer'),(553,215,'Writer'),(555,216,'Writer'),(556,217,'Writer'),(560,218,'Writer'),(561,219,'Writer'),(562,220,'Writer'),(566,222,'Writer'),(567,222,'Writer'),(568,223,'Writer'),(569,223,'Writer'),(572,224,'Writer'),(573,226,'Writer'),(574,226,'Writer'),(575,226,'Writer'),(578,227,'Writer'),(583,229,'Writer'),(584,229,'Writer'),(585,230,'Writer'),(594,231,'Writer'),(595,231,'Writer'),(596,232,'Writer'),(597,232,'Writer'),(578,233,'Writer'),(612,234,'Writer'),(614,235,'Writer'),(615,235,'Writer'),(616,235,'Writer'),(629,236,'Writer'),(630,236,'Writer'),(636,237,'Writer'),(578,238,'Writer'),(662,239,'Writer'),(663,239,'Writer'),(664,239,'Writer'),(99,240,'Writer'),(665,240,'Writer'),(666,240,'Writer'),(670,241,'Writer'),(671,241,'Writer'),(672,241,'Writer'),(673,242,'Writer'),(674,242,'Writer'),(675,242,'Writer'),(733,250,'Writer'),(755,253,'Writer'),(756,253,'Writer'),(760,254,'Writer'),(761,255,'Writer'),(762,255,'Writer'),(763,255,'Writer'),(636,257,'Writer'),(792,259,'Writer'),(793,259,'Writer'),(794,259,'Writer'),(795,260,'Writer'),(796,260,'Writer'),(797,261,'Writer'),(798,261,'Writer'),(814,263,'Writer'),(264,264,'Writer'),(816,264,'Director'),(830,269,'Writer'),(831,269,'Writer'),(456,272,'Writer'),(636,278,'Writer'),(859,278,'Writer'),(868,279,'Writer'),(869,279,'Writer'),(870,279,'Writer'),(876,280,'Writer'),(897,284,'Writer'),(898,284,'Writer'),(906,287,'Writer'),(924,290,'Writer'),(954,293,'Writer'),(50,303,'Writer'),(1043,303,'Writer'),(1047,304,'Writer'),(1049,305,'Writer'),(1050,305,'Writer'),(123,306,'Writer'),(1051,307,'Writer'),(1052,308,'Writer'),(1053,308,'Writer');
/*!40000 ALTER TABLE `creatorstvshows` ENABLE KEYS */;
UNLOCK TABLES;

--
-- Table structure for table `directmessages`
--

DROP TABLE IF EXISTS `directmessages`;
/*!40101 SET @saved_cs_client     = @@character_set_client */;
/*!50503 SET character_set_client = utf8mb4 */;
CREATE TABLE `directmessages` (
  `ID` int NOT NULL AUTO_INCREMENT,
  `UserID` int NOT NULL,
  `RecipientUserID` int NOT NULL,
  `Content` varchar(100) CHARACTER SET utf8mb4 COLLATE utf8mb4_0900_ai_ci NOT NULL,
  `Time` datetime(6) NOT NULL,
  PRIMARY KEY (`ID`),
  KEY `IX_DirectMessages_RecipientUserID` (`RecipientUserID`),
  KEY `IX_DirectMessages_UserID` (`UserID`),
  CONSTRAINT `FK_DirectMessages_Users_RecipientUserID` FOREIGN KEY (`RecipientUserID`) REFERENCES `users` (`ID`) ON DELETE CASCADE,
  CONSTRAINT `FK_DirectMessages_Users_UserID` FOREIGN KEY (`UserID`) REFERENCES `users` (`ID`) ON DELETE CASCADE
) ENGINE=InnoDB AUTO_INCREMENT=83 DEFAULT CHARSET=utf8mb4 COLLATE=utf8mb4_0900_ai_ci;
/*!40101 SET character_set_client = @saved_cs_client */;

--
-- Dumping data for table `directmessages`
--

LOCK TABLES `directmessages` WRITE;
/*!40000 ALTER TABLE `directmessages` DISABLE KEYS */;
INSERT INTO `directmessages` VALUES (1,71,72,'ALOOOEOEO','2023-08-05 20:25:09.080069'),(2,71,72,'bezveze','2023-08-06 19:26:02.994184'),(3,71,72,'eee','2023-08-07 20:40:23.135076'),(4,71,72,'cao cao ovo je test','2023-08-07 20:40:55.429126'),(5,71,72,'e','2023-08-07 20:42:30.565068'),(6,71,72,'opet test','2023-08-07 20:44:32.178153'),(7,71,72,'e','2023-08-07 20:47:46.381462'),(8,72,71,'zdravo','2023-08-07 20:48:02.369346'),(9,72,71,'kako si','2023-08-07 20:48:07.701342'),(10,71,72,'dobro a ti?','2023-08-07 20:48:13.255868'),(11,71,72,'nesto ne radi','2023-08-07 20:48:40.281118'),(12,71,72,'ee','2023-08-07 20:49:14.380932'),(13,71,72,'TESTIRAMO DA LI SE SALJE U BAZU OVO','2023-08-07 20:49:34.196957'),(14,71,72,'e','2023-08-07 20:57:01.182295'),(15,72,71,'shut up','2023-08-07 20:57:32.979703'),(16,71,72,'posljednji test','2023-08-07 21:03:06.876703'),(17,71,69,'dje si','2023-08-07 21:04:28.893134'),(18,71,69,'dje si','2023-08-07 21:04:37.931554'),(19,71,72,'e','2023-08-07 21:04:48.456547'),(20,71,69,'radi li ovo','2023-08-07 21:04:55.758137'),(21,71,69,'e','2023-08-07 21:05:42.707363'),(22,71,69,'berun','2023-08-07 21:06:28.976514'),(23,71,69,'e','2023-08-07 21:12:18.742076'),(24,71,69,'jel radi','2023-08-07 21:15:33.917307'),(25,71,69,'cao','2023-08-07 21:15:48.457917'),(26,71,72,'idemo','2023-08-07 21:15:58.596782'),(27,71,72,'dje ste dje ste','2023-08-07 23:34:46.564716'),(28,71,72,'eeeeeeeeeeeeeeeeeeeeeeeeeeeeeeeeeeeeeeeeeeeeeeeeeeeeeeeeeeeeeeeeeeeeeeeeeeeeeeeeeeeeeeeeeeeeeeeeeeee','2023-08-08 00:29:45.705461'),(29,71,72,'asdadasdadasdadasdadasdadasdadasdadasdadasdadasdadasdadasdadasdadasdadasdadasdadasdadasdadasdadasdad','2023-08-08 00:30:17.145502'),(30,71,72,'a','2023-08-08 00:30:24.738863'),(31,71,69,'testni','2023-08-08 00:31:09.567829'),(32,71,69,'a','2023-08-08 00:31:46.992697'),(33,71,69,'acsacacsacacsacacsacacsacacsacacsacacsacacsacacsacacsacacsacacsacacsacacsacacsacacsacacsacacsacacsac','2023-08-08 00:31:53.355547'),(34,71,69,'acsacacsacacsacacsacacsacacsacacsacacsacacsacacsacacsacacsacacsacacsacacsacacsacacsacacsacacsacacsac','2023-08-08 00:32:20.572129'),(35,71,69,'asadsadsadasadsadsadasadsadsadasadsadsadasadsadsadasadsadsadasadsadsadasadsadsadasadsadsadasadsadsad','2023-08-08 00:32:57.908829'),(36,71,76,'asadsadsadasadsadsadasadsadsadasadsadsadasadsadsadasadsadsadasadsadsadasadsadsadasadsadsadasadsadsad','2023-08-08 00:33:53.922402'),(37,71,69,'asadsadsadasadsadsadasadsadsadasadsadsadasadsadsadasadsadsadasadsadsadasadsadsadasadsadsadasadsadsad','2023-08-08 00:35:31.829635'),(38,71,69,'asadsadsadasadsadsadasadsadsadasadsadsadasadsadsadasadsadsadasadsadsadasadsadsadasadsadsadasadsadsad','2023-08-08 00:36:20.931989'),(39,71,69,'asadsadsadasadsadsadasadsadsadasadsadsadasadsadsadasadsadsadasadsadsadasadsadsadasadsadsadasadsadsad','2023-08-08 00:36:46.834865'),(40,71,69,'asadsadsadasadsadsadasadsadsadasadsadsadasadsadsadasadsadsadasadsadsadasadsadsadasadsadsadasadsadsad','2023-08-08 00:37:06.634034'),(41,71,69,'asdsadaasdsadaasdsadaasdsadaasdsadaasdsadaasdsadaasdsada','2023-08-08 00:37:41.212232'),(42,71,69,'asdsadaasdsadaasdsadaasdsadaasdsadaasdsadaasdsadaasdsadaasdsadaasdsadaasdsadaasdsadaasdsadaasdsadaas','2023-08-08 00:39:46.240526'),(43,71,69,'asdsadaasdsadaasdsadaasdsadaasdsadaasdsadaasdsadaasdsadaasdsadaasdsadaasdsadaasdsadaasdsadaasdsadaas','2023-08-08 00:40:03.137749'),(44,71,69,'    display: flex;\n    flex-wrap: wrap;\n    display: flex;\n    flex-wrap: wrap;\n    display: flex;\n ','2023-08-08 00:40:57.863661'),(45,71,69,'sadasdasdasdsadasdasdasdsadasdasdasdsadasdasdasdsadasdasdasdsadasdasdasdsadasdasdasdsadasdasdasdsada','2023-08-08 00:41:09.495907'),(46,71,69,'asdadaasdadaasdadaasdadaasdadaasdadaasdadaasdadaasdadaasdadaasdadaasdadaasdadaasdadaasdadaasdadaasda','2023-08-08 00:41:53.389828'),(47,71,69,'sadasdadsadasdadsadasdadsadasdadsadasdadsadasdadsadasdadsadasdadsadasdadsadasdadsadasdadsadasdadsada','2023-08-08 00:43:13.576490'),(48,71,69,'sadasdadsadasdadsadasdadsadasdad','2023-08-08 00:43:29.941443'),(49,71,69,'sadasdadsadasdadsadasdadsadasdadsadasdadsadasdadsadasdadsadasdadsadasdadsadasdadsadasdadsadasdadsada','2023-08-08 00:43:34.359333'),(50,71,76,'asdadasdadasdadasdadasdadasdadasdadasdadasdadasdadasdadasdadasdadasdadasdadasdadasdadasdadasdadasdad','2023-08-08 00:44:19.241180'),(51,71,72,'asdadasdasdadasdasdadasdasdadasdasdadasdasdadasdasdadasdasdadasdasdadasdasdadasdasdadasdasdadasdasda','2023-08-08 00:45:03.369215'),(52,71,72,'adssadasdadssadasdadssadasdadssadasdadssadasdadssadasdadssadasdadssadasdadssadasdadssadasdadssadasda','2023-08-08 00:45:26.101401'),(53,71,72,'asdadasdadasdadasdadasdadasdadasdadasdadasdadasdadasdadasdadasdadasdadasdadasdadasdadasdadasdadasdad','2023-08-08 00:45:42.644119'),(54,71,72,'asdadasdadasdadasdadasdadasdadasdadasdadasdadasdadasdadasdadasdadasdadasdadasdadasdadasdadasdadasdad','2023-08-08 00:46:13.765846'),(55,71,72,'1:32','2023-08-08 01:32:43.320068'),(56,72,71,'cao','2023-08-08 01:32:47.813547'),(57,71,72,'e','2023-08-08 01:46:42.807322'),(58,72,71,'a','2023-08-08 20:14:57.697492'),(59,72,71,'aeae','2023-08-08 20:16:40.000336'),(60,72,69,'eas','2023-08-08 20:18:13.641688'),(61,72,69,'jah','2023-08-08 20:21:00.970562'),(62,72,71,'prva poruka','2023-08-08 20:25:15.483174'),(63,72,71,'druga  poruka','2023-08-08 20:25:21.254490'),(64,72,69,'ajmo test','2023-08-11 00:26:25.028449'),(65,72,71,'VRIJEME TEST','2023-08-11 00:26:45.592346'),(66,72,69,'alalal','2023-08-11 00:30:37.928110'),(67,72,69,'radil','2023-08-11 01:04:58.174187'),(68,72,71,'asda','2023-08-11 01:21:53.976041'),(69,72,71,'HALO RADI LI OVO','2023-08-11 01:22:18.108707'),(70,72,69,'testni dio','2023-08-11 01:28:10.933098'),(71,72,69,'adi 2:18','2023-08-11 02:18:45.981169'),(72,71,72,'3 ujutru test','2023-08-11 02:46:23.790073'),(73,71,72,'ee','2023-08-11 02:47:41.772673'),(74,72,71,'ee','2023-08-11 02:47:51.808430'),(75,71,72,'asdad','2023-08-11 02:49:45.532754'),(76,71,76,'slanje poruke','2023-08-11 02:52:45.870512'),(77,71,76,'sta sad','2023-08-11 02:52:54.814616'),(78,71,76,'ee','2023-08-11 02:53:30.244745'),(79,71,72,'dje si test','2023-08-11 02:53:44.542208'),(80,72,71,'hajde','2023-08-11 02:55:45.414368'),(81,71,72,'cao cao','2023-08-11 02:55:55.693625'),(82,71,72,'2:56','2023-08-11 02:56:52.936328');
/*!40000 ALTER TABLE `directmessages` ENABLE KEYS */;
UNLOCK TABLES;

--
-- Table structure for table `episodes`
--

DROP TABLE IF EXISTS `episodes`;
/*!40101 SET @saved_cs_client     = @@character_set_client */;
/*!50503 SET character_set_client = utf8mb4 */;
CREATE TABLE `episodes` (
  `ID` int NOT NULL AUTO_INCREMENT,
  `Name` varchar(50) CHARACTER SET utf8mb4 COLLATE utf8mb4_0900_ai_ci NOT NULL,
  `SeasonID` int NOT NULL,
  `EpisodeNumber` int NOT NULL,
  PRIMARY KEY (`ID`),
  KEY `IX_Episodes_SeasonID` (`SeasonID`),
  CONSTRAINT `FK_Episodes_Seasons_SeasonID` FOREIGN KEY (`SeasonID`) REFERENCES `seasons` (`ID`) ON DELETE CASCADE
) ENGINE=InnoDB AUTO_INCREMENT=1140 DEFAULT CHARSET=utf8mb4 COLLATE=utf8mb4_0900_ai_ci;
/*!40101 SET character_set_client = @saved_cs_client */;

--
-- Dumping data for table `episodes`
--

LOCK TABLES `episodes` WRITE;
/*!40000 ALTER TABLE `episodes` DISABLE KEYS */;
INSERT INTO `episodes` VALUES (3,'',2,1),(371,'Pilot',47,1),(372,'The Landlord\'s Daughter',47,2),(373,'Martha Kane',47,3),(374,'Lady Penelope',47,4),(375,'Shirley Bassey',47,5),(376,'Cilla Black',47,6),(377,'Julie Christie',47,7),(378,'Sandie Shaw',47,8),(379,'Alma Cogan',47,9),(380,'Marianne Faithfull',47,10),(381,'The Heavy Crown',48,1),(382,'The Burning Bridge',48,2),(383,'The Belt and Welt',48,3),(384,'The Hunted Fox',48,4),(385,'The Bleeding Heart',48,5),(386,'The Rose and Thorn',48,6),(387,'The Bloody Mary',48,7),(388,'The Hangman\'s Noose',48,8),(389,'Paradise Lost',48,9),(390,'The Lion and Lamb',48,10),(391,'Well to Do',49,1),(392,'Many Clouds',49,2),(393,'Comply or Die',49,3),(394,'Silver Birch',49,4),(395,'Rhyme \'n\' Reason',49,5),(396,'Hedgehunter',49,6),(397,'Don\'t Push It',49,7),(398,'Red Marauder',49,8),(399,'Rag Trade',49,9),(400,'Highland Wedding',49,10),(401,'The Heirs of the Dragon',50,1),(402,'The Rogue Prince',50,2),(403,'Second of His Name',50,3),(404,'King of the Narrow Sea',50,4),(405,'We Light the Way',50,5),(406,'The Princess and the Queen',50,6),(407,'Driftmark',50,7),(408,'The Lord of the Tides',50,8),(409,'The Green Council',50,9),(410,'The Black Queen',50,10),(411,'Pilot',51,1),(412,'Cat\'s in the Bag...',51,2),(413,'...and the Bag\'s in the River',51,3),(414,'Cancer Man',51,4),(415,'Gray Matter',51,5),(416,'Crazy Handful of Nothin\'',51,6),(417,'A No-Rough-Stuff-Type Deal',51,7),(418,'Seven Thirty-Seven',52,1),(419,'Grilled',52,2),(420,'Bit by a Dead Bee',52,3),(421,'Down',52,4),(422,'Breakage',52,5),(423,'Peekaboo',52,6),(424,'Negro Y Azul',52,7),(425,'Better Call Saul',52,8),(426,'4 Days Out',52,9),(427,'Over',52,10),(428,'Mandala',52,11),(429,'Phoenix',52,12),(430,'ABQ',52,13),(431,'No Más',53,1),(432,'Caballo sin Nombre',53,2),(433,'I.F.T.',53,3),(434,'Green Light',53,4),(435,'Más',53,5),(436,'Sunset',53,6),(437,'One Minute',53,7),(438,'I See You',53,8),(439,'Kafkaesque',53,9),(440,'Fly',53,10),(441,'Abiquiu',53,11),(442,'Half Measures',53,12),(443,'Full Measure',53,13),(444,'Box Cutter',54,1),(445,'Thirty-Eight Snub',54,2),(446,'Open House',54,3),(447,'Bullet Points',54,4),(448,'Shotgun',54,5),(449,'Cornered',54,6),(450,'Problem Dog',54,7),(451,'Hermanos',54,8),(452,'Bug',54,9),(453,'Salud',54,10),(454,'Crawl Space',54,11),(455,'End Times',54,12),(456,'Face Off',54,13),(457,'Live Free or Die',55,1),(458,'Madrigal',55,2),(459,'Hazard Pay',55,3),(460,'Fifty-One',55,4),(461,'Dead Freight',55,5),(462,'Buyout',55,6),(463,'Say My Name',55,7),(464,'Gliding Over All',55,8),(465,'Blood Money',55,9),(466,'Buried',55,10),(467,'Confessions',55,11),(468,'Rabid Dog',55,12),(469,'To\'hajiilee',55,13),(470,'Ozymandias',55,14),(471,'Granite State',55,15),(472,'Felina',55,16),(473,'Winter is Coming',56,1),(474,'The Kingsroad',56,2),(475,'Lord Snow',56,3),(476,'Cripples, Bastards, and Broken Things',56,4),(477,'The Wolf and the Lion',56,5),(478,'A Golden Crown',56,6),(479,'You Win or You Die',56,7),(480,'The Pointy End',56,8),(481,'Baelor',56,9),(482,'Fire and Blood',56,10),(483,'The North Remembers',57,1),(484,'The Night Lands',57,2),(485,'What is Dead May Never Die',57,3),(486,'Garden of Bones',57,4),(487,'The Ghost of Harrenhal',57,5),(488,'The Old Gods and the New',57,6),(489,'A Man Without Honor',57,7),(490,'The Prince of Winterfell',57,8),(491,'Blackwater',57,9),(492,'Valar Morghulis',57,10),(493,'Valar Dohaeris',58,1),(494,'Dark Wings, Dark Words',58,2),(495,'Walk of Punishment',58,3),(496,'And Now His Watch is Ended',58,4),(497,'Kissed by Fire',58,5),(498,'The Climb',58,6),(499,'The Bear and the Maiden Fair',58,7),(500,'Second Sons',58,8),(501,'The Rains of Castamere',58,9),(502,'Mhysa',58,10),(503,'Two Swords',59,1),(504,'The Lion and the Rose',59,2),(505,'Breaker of Chains',59,3),(506,'Oathkeeper',59,4),(507,'First of His Name',59,5),(508,'The Laws of Gods and Men',59,6),(509,'Mockingbird',59,7),(510,'The Mountain and the Viper',59,8),(511,'The Watchers on the Wall',59,9),(512,'The Children',59,10),(513,'The Wars to Come',60,1),(514,'The House of Black and White',60,2),(515,'High Sparrow',60,3),(516,'Sons of the Harpy',60,4),(517,'Kill the Boy',60,5),(518,'Unbowed, Unbent, Unbroken',60,6),(519,'The Gift',60,7),(520,'Hardhome',60,8),(521,'The Dance of Dragons',60,9),(522,'Mother\'s Mercy',60,10),(523,'The Red Woman',61,1),(524,'Home',61,2),(525,'Oathbreaker',61,3),(526,'Book of the Stranger',61,4),(527,'The Door',61,5),(528,'Blood of My Blood',61,6),(529,'The Broken Man',61,7),(530,'No One',61,8),(531,'Battle of the Bastards',61,9),(532,'The Winds of Winter',61,10),(533,'Dragonstone',62,1),(534,'Stormborn',62,2),(535,'The Queen\'s Justice',62,3),(536,'The Spoils of War',62,4),(537,'Eastwatch',62,5),(538,'Beyond the Wall',62,6),(539,'The Dragon and the Wolf',62,7),(540,'Winterfell',63,1),(541,'A Knight of the Seven Kingdoms',63,2),(542,'The Long Night',63,3),(543,'The Last of the Starks',63,4),(544,'The Bells',63,5),(545,'The Iron Throne',63,6),(546,'Pilot',64,1),(547,'Surf N Turf',64,2),(548,'Best Buds',64,3),(549,'There Goes the Neighborhood',64,4),(550,'Spilt Milk',64,5),(551,'Ties That Bind',64,6),(552,'Fashion Police',64,7),(553,'Can I Get a Witness?',64,8),(554,'Jingle Bell Glock',64,9),(555,'Homebodies',64,10),(556,'Lawmen',64,11),(557,'Brotherly Love',64,12),(558,'The Seal is Broken',64,13),(559,'The Murtaugh File',64,14),(560,'As Good As It Getz',64,15),(561,'Unnecessary Roughness',64,16),(562,'A Problem Like Maria',64,17),(563,'Commencement',64,18),(564,'El Gringo Loco',65,1),(565,'Dancing in September',65,2),(566,'Born to Run',65,3),(567,'Flight Risk',65,4),(568,'Let It Ride',65,5),(569,'Gold Rush',65,6),(570,'Birdwatching',65,7),(571,'Fork-Getta-Bout It',65,8),(572,'Fools Rush In',65,9),(573,'Wreck the Halls',65,10),(574,'Funny Money',65,11),(575,'Diggin\' Up Dirt',65,12),(576,'Better Living Through Chemistry',65,13),(577,'Double Shot of Baileys',65,14),(578,'An Inconvenient Ruth',65,15),(579,'Ruthless',65,16),(580,'The Odd Couple',65,17),(581,'Frankie Comes to Hollywood',65,18),(582,'Leo Getz Hitched',65,19),(583,'Jesse\'s Girl',65,20),(584,'Family Ties',65,21),(585,'One Day More',65,22),(586,'In the Same Boat',66,1),(587,'Need to Know',66,2),(588,'A Whole Lotto Trouble',66,3),(589,'Leo Getz Justice',66,4),(590,'Get the Picture',66,5),(591,'Panama',66,6),(592,'Bali',66,7),(593,'What the Puck',66,8),(594,'Bad Santas',66,9),(595,'There Will Be Bud',66,10),(596,'Dial M for Murtaugh',66,11),(597,'The Roger and Me',66,12),(598,'Coyote Ugly',66,13),(599,'A Game of Chicken',66,14),(600,'The Spy Who Loved Me',66,15),(617,'Pilot',101,1),(618,'Lucifer, Stay. Good Devil.',101,2),(619,'The Would-Be Prince of Darkness',101,3),(620,'Manly Whatnots',101,4),(621,'Sweet Kicks',101,5),(622,'Favorite Son',101,6),(623,'Wingman',101,7),(624,'Et Tu, Doctor?',101,8),(625,'A Priest Walks Into a Bar',101,9),(626,'Pops',101,10),(627,'St. Lucifer',101,11),(628,'#TeamLucifer',101,12),(629,'Take Me Back to Hell',101,13),(630,'Episode 14',101,14),(631,'Everything\'s Coming Up Lucifer',102,1),(632,'Liar, Liar, Slutty Dress on Fire',102,2),(633,'Sin-Eater',102,3),(634,'Lady Parts',102,4),(635,'Weaponizer',102,5),(636,'Monster',102,6),(637,'My Little Monkey',102,7),(638,'Trip to Stabby Town',102,8),(639,'Homewrecker',102,9),(640,'Quid Pro Ho',102,10),(641,'Stewardess Interruptus',102,11),(642,'Love Handles',102,12),(643,'A Good Day to Die',102,13),(644,'Candy Morningstar',102,14),(645,'Deceptive Little Parasite',102,15),(646,'God Johnson',102,16),(647,'Sympathy for the Goddess',102,17),(648,'The Good, the Bad and the Crispy',102,18),(649,'They\'re Back, Aren\'t They?',103,1),(650,'The One with the Baby Carrot',103,2),(651,'Mr. and Mrs. Mazikeen Smith',103,3),(652,'What Would Lucifer Do?',103,4),(653,'Welcome Back, Charlotte Richards',103,5),(654,'Vegas with Some Radish',103,6),(655,'Off the Record',103,7),(656,'Chloe Does Lucifer',103,8),(657,'The Sinnerman',103,9),(658,'The Sin Bin',103,10),(659,'City of Angels?',103,11),(660,'All About Her',103,12),(661,'Til Death Do Us Part',103,13),(662,'My Brother\'s Keeper',103,14),(663,'High School Poppycock',103,15),(664,'Infernal Guinea Pig',103,16),(665,'Let Pinhead Sing!',103,17),(666,'The Last Heartbreak',103,18),(667,'Orange Is the New Maze',103,19),(668,'The Angel of San Bernardino',103,20),(669,'Anything Pierce Can Do I Can Do Better',103,21),(670,'All Hands on Decker',103,22),(671,'Quintessential Deckerstar',103,23),(672,'A Devil of My Word',103,24),(673,'Boo Normal',103,25),(674,'Once Upon a Time',103,26),(675,'Everything\'s Okay',104,1),(676,'Somebody\'s Been Reading Dante\'s Inferno',104,2),(677,'O, Ye of Little Faith, Father',104,3),(678,'All About Eve',104,4),(679,'Expire Erect',104,5),(680,'Orgy Pants to Work',104,6),(681,'Devil Is as Devil Does',104,7),(682,'Super Bad Boyfriend',104,8),(683,'Save Lucifer',104,9),(684,'Who\'s da New King of Hell?',104,10),(685,'Really Sad Devil Guy',105,1),(686,'Lucifer! Lucifer! Lucifer!',105,2),(687,'¡Diablo!',105,3),(688,'It Never Ends Well for the Chicken',105,4),(689,'Detective Amenadiel',105,5),(690,'BluBallz',105,6),(691,'Our Mojo',105,7),(692,'Spoiler Alert',105,8),(693,'Family Dinner',105,9),(694,'Bloody Celestial Karaoke Jam',105,10),(695,'Resting Devil Face',105,11),(696,'Daniel Espinoza: Naked and Afraid',105,12),(697,'A Little Harmless Stalking',105,13),(698,'Nothing Lasts Forever',105,14),(699,'Is This Really How It\'s Going to End?!',105,15),(700,'A Chance at a Happy Ending',105,16),(701,'Nothing Ever Changes Around Here',106,1),(702,'Buckets of Baggage',106,2),(703,'Yabba Dabba Do Me',106,3),(704,'Pin the Tail on the Daddy',106,4),(705,'The Murder of Lucifer Morningstar',106,5),(706,'A Lot Dirtier Than That',106,6),(707,'My Best Fiend\'s Wedding',106,7),(708,'Save the Devil, Save the World',106,8),(709,'Goodbye, Lucifer',106,9),(710,'Partners \'Til the End',106,10),(711,'The Original',107,1),(712,'Chestnut',107,2),(713,'The Stray',107,3),(714,'Dissonance Theory',107,4),(715,'Contrapasso',107,5),(716,'The Adversary',107,6),(717,'Trompe L\'Oeil',107,7),(718,'Trace Decay',107,8),(719,'The Well-Tempered Clavier',107,9),(720,'The Bicameral Mind',107,10),(721,'Journey Into Night',108,1),(722,'Reunion',108,2),(723,'Virtù e Fortuna',108,3),(724,'The Riddle of the Sphinx',108,4),(725,'Akane No Mai',108,5),(726,'Phase Space',108,6),(727,'Les Écorchés',108,7),(728,'Kiksuya',108,8),(729,'Vanishing Point',108,9),(730,'The Passenger',108,10),(731,'Parce Domine',109,1),(732,'The Winter Line',109,2),(733,'The Absence of Field',109,3),(734,'The Mother of Exiles',109,4),(735,'Genre',109,5),(736,'Decoherence',109,6),(737,'Passed Pawn',109,7),(738,'Crisis Theory',109,8),(739,'The Auguries',110,1),(740,'Well Enough Alone',110,2),(741,'Années Folles',110,3),(742,'Generation Loss',110,4),(743,'Zhuangzi',110,5),(744,'Fidelity',110,6),(745,'Metanoia',110,7),(746,'Que Será, Será',110,8),(747,'',111,1),(752,'',116,1),(753,'',117,1),(754,'',118,1),(755,'',119,1),(756,'',120,1),(757,'',121,3),(758,'',122,5),(759,'',123,10),(760,'',124,10),(761,'',125,1),(762,'',126,2),(763,'',127,1),(764,'',128,1),(765,'',129,1),(767,'',131,1),(768,'',132,1),(769,'',133,2),(770,'',134,2),(772,'',136,2),(773,'',137,2),(774,'',138,2),(775,'',139,1),(776,'',140,2),(777,'',141,1),(778,'',142,1),(779,'',143,1),(780,'',144,1),(781,'The Gathering',145,0),(782,'Midnight on the Firing Line',145,1),(783,'Soul Hunter',145,2),(784,'Born to the Purple',145,3),(785,'Infection',145,4),(786,'The Parliament of Dreams',145,5),(787,'Mind War',145,6),(788,'The War Prayer',145,7),(789,'And the Sky Full of Stars',145,8),(790,'Deathwalker',145,9),(791,'Believers',145,10),(792,'Survivors',145,11),(793,'By Any Means Necessary',145,12),(794,'Signs and Portents',145,13),(795,'TKO',145,14),(796,'Grail',145,15),(797,'Eyes',145,16),(798,'Legacies',145,17),(799,'A Voice in the Wilderness, Part I',145,18),(800,'A Voice in the Wilderness, Part II',145,19),(801,'Babylon Squared',145,20),(802,'The Quality of Mercy',145,21),(803,'Chrysalis',145,22),(804,'Points of Departure',146,1),(805,'Revelations',146,2),(806,'The Geometry of Shadows',146,3),(807,'A Distant Star',146,4),(808,'The Long Dark',146,5),(809,'Spider in the Web',146,6),(810,'Soul Mates',146,7),(811,'A Race Through Dark Places',146,8),(812,'The Coming of Shadows',146,9),(813,'GROPOS',146,10),(814,'All Alone in the Night',146,11),(815,'Acts of Sacrifice',146,12),(816,'Hunter, Prey',146,13),(817,'There All the Honor Lies',146,14),(818,'And Now for a Word',146,15),(819,'In the Shadow of Z\'ha\'dum',146,16),(820,'Knives',146,17),(821,'Confessions and Lamentations',146,18),(822,'Divided Loyalties',146,19),(823,'The Long, Twilight Struggle',146,20),(824,'Comes the Inquisitor',146,21),(825,'The Fall of Night',146,22),(826,'Matters of Honor',147,1),(827,'Convictions',147,2),(828,'A Day in the Strife',147,3),(829,'Passing Through Gethsemane',147,4),(830,'Voices of Authority',147,5),(831,'Dust to Dust',147,6),(832,'Exogenesis',147,7),(833,'Messages from Earth',147,8),(834,'Point of No Return',147,9),(835,'Severed Dreams',147,10),(836,'Ceremonies of Light and Dark',147,11),(837,'Sic Transit Vir',147,12),(838,'A Late Delivery from Avalon',147,13),(839,'Ship of Tears',147,14),(840,'Interludes and Examinations',147,15),(841,'War Without End, Part One',147,16),(842,'War Without End, Part Two',147,17),(843,'Walkabout',147,18),(844,'Grey 17 Is Missing',147,19),(845,'And the Rock Cried Out, No Hiding Place',147,20),(846,'Shadow Dancing',147,21),(847,'Z\'ha\'dum',147,22),(848,'The Hour of the Wolf',148,1),(849,'Whatever Happened to Mr. Garibaldi?',148,2),(850,'The Summoning',148,3),(851,'Falling Toward Apotheosis',148,4),(852,'The Long Night',148,5),(853,'Into the Fire',148,6),(854,'Epiphanies',148,7),(855,'The Illusion of Truth',148,8),(856,'Atonement',148,9),(857,'Racing Mars',148,10),(858,'Lines of Communication',148,11),(859,'Conflicts of Interest',148,12),(860,'Rumors, Bargains and Lies',148,13),(861,'Moments of Transition',148,14),(862,'No Surrender, No Retreat',148,15),(863,'Exercise of Vital Powers',148,16),(864,'The Face of the Enemy',148,17),(865,'Intersections in Real Time',148,18),(866,'Between the Darkness and the Light',148,19),(867,'Endgame',148,20),(868,'Rising Star',148,21),(869,'The Deconstruction of Falling Stars',148,22),(870,'No Compromises',149,1),(871,'The Very Long Night of Londo Mollari',149,2),(872,'The Paragon of Animals',149,3),(873,'A View from the Gallery',149,4),(874,'Learning Curve',149,5),(875,'Strange Relations',149,6),(876,'Secrets of the Soul',149,7),(877,'Day of the Dead',149,8),(878,'In the Kingdom of the Blind',149,9),(879,'A Tragedy of Telepaths',149,10),(880,'Phoenix Rising',149,11),(881,'The Ragged Edge',149,12),(882,'The Corps Is Mother, the Corps Is Father',149,13),(883,'Meditations on the Abyss',149,14),(884,'Darkness Ascending',149,15),(885,'And All My Dreams, Torn Asunder',149,16),(886,'Movements of Fire and Shadow',149,17),(887,'The Fall of Centauri Prime',149,18),(888,'The Wheel of Fire',149,19),(889,'Objects in Motion',149,20),(890,'Objects at Rest',149,21),(891,'Sleeping in Light',149,22),(892,'Episode 1',150,1),(893,'Episode 2',150,2),(894,'Episode 3',150,3),(895,'Episode 4',150,4),(896,'Episode 5',150,5),(897,'Episode 6',150,6),(898,'Episode 7',150,7),(899,'Episode 8',150,8),(900,'Episode 9',150,9),(901,'Episode 10',150,10),(902,'Episode 11',150,11),(903,'Episode 12',150,12),(904,'Episode 13',150,13),(905,'Episode 14',150,14),(906,'Episode 15',150,15),(907,'Episode 16',150,16),(908,'Episode 17',150,17),(909,'Episode 18',150,18),(910,'Episode 19',150,19),(911,'Episode 20',150,20),(912,'Episode 21',150,21),(913,'Episode 22',150,22),(914,'Episode 23',150,23),(915,'Episode 24',150,24),(916,'Episode 25',150,25),(917,'Episode 26',150,26),(918,'Episode 27',150,27),(919,'Episode 28',150,28),(920,'Episode 29',150,29),(921,'Episode 30',150,30),(922,'Episode 31',150,31),(923,'Episode 32',150,32),(924,'Episode 33',150,33),(925,'Episode 34',150,34),(926,'Episode 35',150,35),(927,'Episode 36',150,36),(928,'Episode 37',150,37),(929,'Episode 38',150,38),(930,'Episode 39',150,39),(931,'Episode 40',150,40),(932,'Episode 41',150,41),(933,'Episode 42',150,42),(934,'Episode 43',150,43),(935,'Episode 44',150,44),(936,'Episode 45',150,45),(937,'Episode 46',150,46),(938,'Episode 47',150,47),(939,'Episode 48',150,48),(940,'Episode 49',150,49),(941,'Episode 50',150,50),(942,'Episode 51',150,51),(943,'Episode 52',150,52),(944,'Episode 53',150,53),(945,'Episode 54',150,54),(946,'Episode 55',150,55),(947,'Episode 56',150,56),(948,'Episode 57',150,57),(949,'Episode 58',150,58),(950,'Episode 59',150,59),(951,'Episode 60',150,60),(952,'Episode 1',151,1),(953,'Episode 2',151,2),(954,'Episode 3',151,3),(955,'Episode 4',151,4),(956,'Episode 5',151,5),(957,'Episode 6',151,6),(958,'Episode 7',151,7),(959,'Episode 8',151,8),(960,'Episode 9',151,9),(961,'Episode 10',151,10),(962,'Episode 11',151,11),(963,'Episode 12',151,12),(964,'Episode 13',151,13),(965,'Episode 14',151,14),(966,'Episode 15',151,15),(967,'Episode 16',151,16),(968,'Episode 17',151,17),(969,'Episode 18',151,18),(970,'Episode 19',151,19),(971,'Episode 20',151,20),(972,'Episode 21',151,21),(973,'Episode 22',151,22),(974,'Episode 23',151,23),(975,'Episode 24',151,24),(976,'Episode 25',151,25),(977,'Episode 26',151,26),(978,'Episode 27',151,27),(979,'Episode 28',151,28),(980,'Episode 29',151,29),(981,'Episode 30',151,30),(982,'Episode 31',151,31),(983,'Episode 32',151,32),(984,'Episode 33',151,33),(985,'Episode 34',151,34),(986,'Episode 35',151,35),(987,'Episode 36',151,36),(988,'Episode 37',151,37),(989,'Episode 38',151,38),(990,'Episode 39',151,39),(991,'Episode 40',151,40),(992,'Episode 41',151,41),(993,'Episode 42',151,42),(994,'Episode 43',151,43),(995,'Episode 44',151,44),(996,'Episode 45',151,45),(997,'Episode 46',151,46),(998,'Episode 47',151,47),(999,'Episode 48',151,48),(1000,'Episode 49',151,49),(1001,'Episode 50',151,50),(1002,'Episode 51',151,51),(1003,'Episode 52',151,52),(1004,'Episode 53',151,53),(1005,'Episode 54',151,54),(1006,'Episode 55',151,55),(1007,'Episode 56',151,56),(1008,'Episode 57',151,57),(1009,'Episode 58',151,58),(1010,'Episode 59',151,59),(1011,'Episode 60',151,60),(1012,'Blood Money',152,1),(1013,'Buried',152,2),(1014,'Confessions',152,3),(1015,'Rabid Dog',152,4),(1016,'To\'hajiilee',152,5),(1017,'Ozymandias',152,6),(1018,'Granite State',152,7),(1019,'Felina',152,8),(1020,'Hi Diddle Riddle (1)',153,1),(1021,'Smack in the Middle (2)',153,2),(1022,'Fine Feathered Finks (1)',153,3),(1023,'The Penguin\'s a Jinx (2)',153,4),(1024,'The Joker is Wild (1)',153,5),(1025,'Batman is Riled (2)',153,6),(1026,'Instant Freeze (1)',153,7),(1027,'Rats Like Cheese (2)',153,8),(1028,'Zelda the Great (1)',153,9),(1029,'A Death Worse Than Fate (2)',153,10),(1030,'A Riddle a Day Keeps the Riddler Away (1)',153,11),(1031,'When the Rat\'s Away the Mice Will Play (2)',153,12),(1032,'The Thirteenth Hat (1)',153,13),(1033,'Batman Stands Pat (2)',153,14),(1034,'The Joker Goes to School (1)',153,15),(1035,'He Meets His Match, the Grisly Ghoul (2)',153,16),(1036,'True or False Face (1)',153,17),(1037,'Holy Rat Race (2)',153,18),(1038,'The Purr-Fect Crime (1)',153,19),(1039,'Better Luck Next Time (2)',153,20),(1040,'The Penguin Goes Straight (1)',153,21),(1041,'Not Yet, He Ain\'t (2)',153,22),(1042,'The Ring of Wax (1)',153,23),(1043,'Give \'em the Axe (2)',153,24),(1044,'The Joker Trumps an Ace (1)',153,25),(1045,'Batman Sets the Pace (2)',153,26),(1046,'The Curse of Tut (1)',153,27),(1047,'The Pharaoh\'s in a Rut (2)',153,28),(1048,'The Bookworm Turns (1)',153,29),(1049,'While Gotham City Burns (2)',153,30),(1050,'Death in Slow Motion (1)',153,31),(1051,'The Riddler\'s False Notion (2)',153,32),(1052,'Fine Finny Fiends (1)',153,33),(1053,'Batman Makes the Scenes (2)',153,34),(1054,'Shoot a Crooked Arrow (1)',154,1),(1055,'Walk the Straight and Narrow (2)',154,2),(1056,'Hot Off the Griddle (1)',154,3),(1057,'The Cat and the Fiddle (2)',154,4),(1058,'The Minstrel\'s Shakedown (1)',154,5),(1059,'Barbecued Batman? (2)',154,6),(1060,'The Spell of Tut (1)',154,7),(1061,'Tut\'s Case is Shut (2)',154,8),(1062,'The Greatest Mother of Them All (1)',154,9),(1063,'Ma Parker (2)',154,10),(1064,'The Clock King\'s Crazy Crimes (1)',154,11),(1065,'The Clock King Gets Crowned (2)',154,12),(1066,'An Egg Grows in Gotham (1)',154,13),(1067,'The Yegg Foes in Gotham (2)',154,14),(1068,'The Devil\'s Fingers (1)',154,15),(1069,'The Dead Ringers (2)',154,16),(1070,'Hizzonner the Penguin (1)',154,17),(1071,'Dizzoner the Penguin (2)',154,18),(1072,'Green Ice (1)',154,19),(1073,'Deep Freeze (2)',154,20),(1074,'The Impractical Joker (1)',154,21),(1075,'The Joker\'s Provokers (2)',154,22),(1076,'Marsha, Queen of Diamonds (1)',154,23),(1077,'Marsha\'s Scheme of Diamonds (2)',154,24),(1078,'Come Back, Shame (1)',154,25),(1079,'It\'s How You Play the Game (2)',154,26),(1080,'The Penguin\'s Nest (1)',154,27),(1081,'The Bird\'s Last Jest (2)',154,28),(1082,'The Cat\'s Meow (1)',154,29),(1083,'The Bat\'s Kow Tow (2)',154,30),(1084,'The Puzzles Are Coming (1)',154,31),(1085,'The Duo is Slumming (2)',154,32),(1086,'The Sandman Cometh (1)',154,33),(1087,'The Catwoman Goeth (2)',154,34),(1088,'The Contaminated Cowl (1)',154,35),(1089,'The Mad Hatter Runs Afoul (2)',154,36),(1090,'The Zodiac Crimes (1)',154,37),(1091,'The Joker\'s Hard Times (2)',154,38),(1092,'The Penguin Declines (3)',154,39),(1093,'That Darn Catwoman (1)',154,40),(1094,'Scat! Darn Catwoman (2)',154,41),(1095,'Penguin is a Girl\'s Best Friend (1)',154,42),(1096,'Penguin Sets a Trend (2)',154,43),(1097,'Penguin\'s Disastrous End (3)',154,44),(1098,'Batman\'s Anniversary (1)',154,45),(1099,'A Riddling Controversy (2)',154,46),(1100,'The Joker\'s Last Laugh (1)',154,47),(1101,'The Joker\'s Epitaph (2)',154,48),(1102,'Catwoman Goes to College (1)',154,49),(1103,'Batman Displays His Knowledge (2)',154,50),(1104,'A Piece of the Action (1)',154,51),(1105,'Batman\'s Satisfaction (2)',154,52),(1106,'King Tut\'s Coup (1)',154,53),(1107,'Batman\'s Waterloo (2)',154,54),(1108,'Black Widow Strikes Again (1)',154,55),(1109,'Caught in the Spider\'s Den (2)',154,56),(1110,'Pop Goes the Joker (1)',154,57),(1111,'Flop Goes the Joker (2)',154,58),(1112,'Ice Spy (1)',154,59),(1113,'The Duo Defy (2)',154,60),(1114,'Enter Batgirl, Exit Penguin',155,1),(1115,'Ring Around the Riddler',155,2),(1116,'The Wail of the Siren',155,3),(1117,'The Sport of Penguins (1)',155,4),(1118,'A Horse of Another Color (2)',155,5),(1119,'The Unkindest Tut of All',155,6),(1120,'Louie the Lilac',155,7),(1121,'The Ogg and I (1)',155,8),(1122,'How to Hatch a Dinosaur (2)',155,9),(1123,'Surf\'s Up! Joker\'s Under!',155,10),(1124,'The Londinium Larcenies (1)',155,11),(1125,'The Foggiest Notion (2)',155,12),(1126,'The Bloody Tower (3)',155,13),(1127,'Catwoman\'s Dressed to Kill',155,14),(1128,'The Ogg Couple',155,15),(1129,'The Funny Feline Felonies (1)',155,16),(1130,'The Joke\'s on Catwoman (2)',155,17),(1131,'Louie\'s Lethal Lilac Time',155,18),(1132,'Nora Clavicle and the Ladies\' Crime Club',155,19),(1133,'Penguin\'s Clean Sweep',155,20),(1134,'The Great Escape',155,21),(1135,'The Great Train Robbery',155,22),(1136,'I\'ll Be a Mummy\'s Uncle',155,23),(1137,'The Joker\'s Flying Saucer',155,24),(1138,'The Entrancing Dr. Cassandra',155,25),(1139,'Minerva, Mayhem and Millionaires',155,26);
/*!40000 ALTER TABLE `episodes` ENABLE KEYS */;
UNLOCK TABLES;

--
-- Table structure for table `followers`
--

DROP TABLE IF EXISTS `followers`;
/*!40101 SET @saved_cs_client     = @@character_set_client */;
/*!50503 SET character_set_client = utf8mb4 */;
CREATE TABLE `followers` (
  `Id` int NOT NULL AUTO_INCREMENT,
  `UserId` int NOT NULL,
  `UserFollowingId` int NOT NULL DEFAULT '0',
  `FollowingCreatedAt` datetime(6) NOT NULL DEFAULT '0001-01-01 00:00:00.000000',
  PRIMARY KEY (`Id`),
  KEY `IX_Followers_UserFollowingId` (`UserFollowingId`),
  KEY `IX_Followers_UserId` (`UserId`),
  CONSTRAINT `FK_Followers_Users_UserFollowingId` FOREIGN KEY (`UserFollowingId`) REFERENCES `users` (`ID`) ON DELETE CASCADE,
  CONSTRAINT `FK_Followers_Users_UserId` FOREIGN KEY (`UserId`) REFERENCES `users` (`ID`) ON DELETE CASCADE
) ENGINE=InnoDB AUTO_INCREMENT=23 DEFAULT CHARSET=utf8mb4 COLLATE=utf8mb4_0900_ai_ci;
/*!40101 SET character_set_client = @saved_cs_client */;

--
-- Dumping data for table `followers`
--

LOCK TABLES `followers` WRITE;
/*!40000 ALTER TABLE `followers` DISABLE KEYS */;
INSERT INTO `followers` VALUES (2,72,71,'2023-05-11 20:01:36.690176'),(21,71,69,'2023-05-13 02:30:21.669058'),(22,69,72,'2023-05-17 22:28:31.212727');
/*!40000 ALTER TABLE `followers` ENABLE KEYS */;
UNLOCK TABLES;

--
-- Table structure for table `genres`
--

DROP TABLE IF EXISTS `genres`;
/*!40101 SET @saved_cs_client     = @@character_set_client */;
/*!50503 SET character_set_client = utf8mb4 */;
CREATE TABLE `genres` (
  `ID` int NOT NULL AUTO_INCREMENT,
  `Name` varchar(20) CHARACTER SET utf8mb4 COLLATE utf8mb4_0900_ai_ci NOT NULL,
  PRIMARY KEY (`ID`)
) ENGINE=InnoDB AUTO_INCREMENT=34 DEFAULT CHARSET=utf8mb4 COLLATE=utf8mb4_0900_ai_ci;
/*!40101 SET character_set_client = @saved_cs_client */;

--
-- Dumping data for table `genres`
--

LOCK TABLES `genres` WRITE;
/*!40000 ALTER TABLE `genres` DISABLE KEYS */;
INSERT INTO `genres` VALUES (3,'Action'),(4,'Adventure'),(6,'Drama'),(7,'Crime'),(8,'Thriller'),(9,'Short'),(10,'Animation'),(11,'Comedy'),(12,'Fantasy'),(13,'N/A'),(14,'Mystery'),(15,'Sci-Fi'),(16,'Documentary'),(17,'Biography'),(18,'Music'),(19,'Musical'),(24,'Romance'),(26,'Western'),(27,'War'),(28,'History'),(29,'Family'),(30,'Horror'),(31,'Game-Show'),(32,'Reality-TV'),(33,'Sport');
/*!40000 ALTER TABLE `genres` ENABLE KEYS */;
UNLOCK TABLES;

--
-- Table structure for table `genresmovie`
--

DROP TABLE IF EXISTS `genresmovie`;
/*!40101 SET @saved_cs_client     = @@character_set_client */;
/*!50503 SET character_set_client = utf8mb4 */;
CREATE TABLE `genresmovie` (
  `GenreID` int NOT NULL,
  `MovieID` int NOT NULL,
  PRIMARY KEY (`GenreID`,`MovieID`),
  KEY `IX_GenresMovie_MovieID` (`MovieID`),
  CONSTRAINT `FK_GenresMovie_Genres_GenreID` FOREIGN KEY (`GenreID`) REFERENCES `genres` (`ID`) ON DELETE CASCADE,
  CONSTRAINT `FK_GenresMovie_Movies_MovieID` FOREIGN KEY (`MovieID`) REFERENCES `movies` (`ID`) ON DELETE CASCADE
) ENGINE=InnoDB DEFAULT CHARSET=utf8mb4 COLLATE=utf8mb4_0900_ai_ci;
/*!40101 SET character_set_client = @saved_cs_client */;

--
-- Dumping data for table `genresmovie`
--

LOCK TABLES `genresmovie` WRITE;
/*!40000 ALTER TABLE `genresmovie` DISABLE KEYS */;
INSERT INTO `genresmovie` VALUES (3,16),(6,16),(7,16),(3,17),(6,17),(7,17),(6,18),(7,18),(3,19),(4,19),(6,19),(3,20),(4,20),(6,20),(3,22),(4,22),(6,22),(14,23),(3,24),(6,24),(15,24),(3,25),(6,25),(15,26),(16,26),(3,27),(15,27),(3,28),(6,28),(7,28),(6,34),(7,34),(8,34),(3,37),(4,37),(6,37),(6,38),(3,39),(7,39),(8,39),(6,40),(17,40),(18,40),(3,41),(4,41),(15,41),(10,43),(11,43),(19,43),(4,44),(10,44),(11,44),(3,45),(8,45),(7,47),(11,47),(4,49),(6,49),(8,49),(3,51),(4,51),(6,52),(24,52),(3,53),(7,53),(8,53),(3,54),(6,54),(15,54),(6,55),(26,55),(6,56),(7,56),(8,56),(3,58),(7,58),(8,58),(6,59),(7,59),(4,60),(6,60),(8,60),(4,61),(11,61),(12,61),(3,62),(4,62),(27,62),(11,63),(3,64),(7,64),(8,64),(3,65),(7,65),(17,65),(4,66),(6,66),(24,66),(3,67),(4,67),(6,67),(3,68),(4,68),(26,68),(11,69),(16,69),(11,70),(19,70),(24,70),(6,71),(7,71),(16,72),(28,72),(11,73),(16,73),(18,73),(6,74),(6,75),(3,76),(6,76),(7,76),(3,77),(4,77),(6,77),(3,78),(4,78),(29,78),(6,80),(8,80),(24,80),(16,81),(7,82),(8,82),(6,83),(6,84),(7,84),(19,84),(7,85),(8,85),(14,85),(11,86),(19,86),(24,86),(6,87),(7,87),(24,87),(16,88),(3,90),(6,90),(24,90),(6,91),(7,91),(17,91),(6,92),(27,92),(6,93),(7,93),(6,94),(11,94),(24,94),(30,95),(6,96),(11,96),(24,96),(11,97),(8,98),(30,98),(6,99),(17,99),(11,100),(6,101),(11,102),(16,102),(11,103),(24,103),(6,104),(24,104),(6,105),(8,105),(3,106),(6,106),(10,106),(3,107),(6,107),(10,107),(11,108),(16,108),(11,109),(11,110),(16,110),(3,111),(6,111),(10,111),(11,112),(16,112),(19,112),(6,113),(19,113),(24,113),(3,114),(6,114),(7,114),(11,115),(6,116),(17,116),(27,116),(6,117),(7,117),(8,117),(6,118),(17,118),(6,119),(11,119),(24,119),(6,120),(7,120),(6,121),(17,121),(6,122),(7,122),(3,123),(7,123),(3,124),(8,124),(6,125),(3,126),(6,126),(6,127),(3,128),(6,128),(8,128),(6,129),(3,130),(6,130),(11,130),(3,131),(6,131),(13,132),(24,133),(29,133),(6,134),(6,135),(27,135),(6,136),(17,136),(3,137),(4,137),(8,137),(6,138),(7,138),(14,138),(6,139),(6,140),(24,140),(7,141),(11,141),(6,142),(7,142),(8,142),(6,143),(24,143),(3,144),(4,144),(15,144),(3,145),(4,145),(8,145),(11,146),(6,147),(8,147),(15,147),(3,148),(6,148),(7,148),(3,149),(6,149),(7,149),(3,150),(8,150),(24,150),(6,151),(11,151),(24,151),(6,152),(11,152),(3,153),(8,153),(30,153),(6,154),(7,154),(17,154),(6,155),(6,156),(17,156),(3,157),(4,157),(11,157),(6,158),(11,158),(29,158),(3,159),(4,159),(17,159),(3,160),(7,160),(8,160),(3,161),(6,161),(10,161),(11,162),(3,163),(6,163),(7,163),(6,164),(24,164),(29,164),(3,165),(7,165),(8,165),(3,166),(4,166),(30,166),(11,167),(33,167),(4,168),(6,168),(17,168),(3,169),(6,169),(7,169),(3,170),(4,170),(8,170),(6,171),(7,171),(8,171),(3,172),(6,172),(15,172),(3,173),(11,173),(29,173),(6,174),(11,174),(24,174),(6,175),(3,176),(6,176),(30,176),(6,177),(7,177),(3,178),(6,178),(29,178),(6,179),(26,179),(28,179),(3,180),(11,180),(15,180),(6,181),(24,181),(6,182),(11,182),(6,183),(11,183),(19,183),(16,184),(3,185),(15,185),(6,186),(11,186),(19,186),(6,187),(24,187),(11,188),(6,189),(6,190),(7,190),(11,190),(6,191),(17,191),(18,191),(16,192),(27,192),(11,193),(16,193),(18,193),(11,194),(16,194),(6,195),(24,195),(6,196),(24,196),(3,197),(6,197),(19,197),(11,198),(16,198),(6,199),(7,199),(6,200),(19,200),(6,201),(11,201),(28,201),(6,203),(3,204),(6,204),(11,204),(6,205),(11,205),(24,205),(11,206),(16,206),(6,207),(11,207),(24,207),(3,208),(7,208),(11,208),(6,209),(11,209),(6,210),(7,210),(8,210),(6,211),(17,211),(33,211),(6,212),(11,212),(19,212),(16,213),(28,213),(11,214),(16,214),(6,215),(11,215),(24,215),(3,216),(6,216),(7,216),(6,217),(7,217),(27,217),(3,218),(6,218),(7,218),(11,219),(16,219),(11,220),(16,220),(6,221),(7,221),(24,221),(16,222),(6,223),(24,223),(3,224),(6,224),(6,225),(3,226),(11,226),(12,226),(3,227),(6,227),(24,227),(6,228),(7,228),(8,228),(3,229),(4,229),(8,230),(15,230),(30,230),(11,231),(6,232),(7,232),(17,232),(11,233),(11,234),(3,235),(4,235),(15,235),(6,236),(7,236),(8,236),(8,237),(14,237),(30,237),(3,238),(4,238),(15,238),(3,239),(7,239),(8,239),(3,240),(4,240),(8,240),(6,241),(11,241),(24,241),(6,242),(7,242),(14,242),(6,243),(7,243),(8,243),(4,244),(6,244),(12,244),(6,245),(8,245),(27,245),(6,246),(3,247),(4,247),(14,247),(6,248),(11,248),(24,248),(3,249),(4,249),(11,249),(3,250),(4,250),(14,250),(6,251),(17,251),(33,251),(8,252),(14,252),(3,253),(6,253),(30,253),(11,254),(6,255),(11,255),(24,255),(3,256),(7,256),(17,256),(11,257),(6,258),(7,258),(17,258),(3,259),(6,259),(11,259),(6,260),(17,260),(6,261),(7,261),(17,261),(3,262),(4,262),(8,262),(6,263),(11,263),(24,263),(4,264),(11,264),(12,265),(30,265),(4,266),(10,266),(11,266),(30,267),(3,268),(11,268),(16,268),(11,269),(33,269),(6,270),(12,270),(24,270),(6,271),(7,271),(30,271),(3,272),(4,272),(6,272),(6,273),(11,273),(12,273),(3,274),(6,274),(17,274),(6,275),(7,275),(28,275),(8,276),(14,276),(30,276),(6,277),(12,277),(30,277),(6,278),(7,278),(30,278),(3,279),(7,279),(11,279),(4,280),(6,280),(11,280),(11,281),(11,282),(24,282),(6,283),(11,283),(24,283),(11,284),(29,284),(7,285),(8,285),(14,285),(6,286),(7,286),(8,286),(6,287),(11,287),(3,288),(8,288),(15,288),(7,289),(30,289),(4,290),(11,290),(29,290),(3,291),(6,291),(8,291),(6,292),(11,292),(6,293),(33,293),(3,294),(6,294),(7,294),(3,295),(30,295),(4,296),(12,296),(29,296),(11,297),(27,297),(8,298),(10,299),(11,299),(29,299),(11,300),(24,300),(3,301),(4,301),(6,301),(3,302),(7,302),(11,302),(4,303),(15,303),(30,303),(7,304),(11,304),(7,305),(11,305),(29,305),(6,306),(11,306),(24,306),(11,307),(16,307),(6,308),(11,308),(24,308),(6,309),(19,309),(33,309),(6,310),(11,310),(24,310),(3,311),(6,311),(17,311),(6,312),(11,312),(24,312),(6,313),(11,313),(6,314),(29,314),(33,314),(6,315),(12,315),(14,315),(11,316),(13,317),(8,318),(30,318),(11,319),(11,320),(29,320),(3,321),(6,321),(7,321),(6,322),(29,322),(6,323),(11,323),(24,323),(4,324),(10,324),(11,324),(3,325),(7,325),(8,325),(11,326),(29,326),(4,327),(10,327),(11,327),(10,328),(3,329),(4,329),(10,329),(6,330),(17,330),(10,331),(12,331),(29,331),(3,332),(4,332),(10,332),(3,333),(6,333),(7,333),(3,334),(6,334),(7,334),(7,335),(11,335),(3,336),(6,336),(7,336),(6,337),(28,337),(11,338),(16,338),(6,339),(6,340),(7,341),(11,341),(6,342),(19,342),(24,342),(6,343),(11,343),(19,343),(6,344),(11,344),(24,344),(16,345),(27,345),(3,346),(6,346),(7,346),(3,347),(6,347),(28,347),(6,348),(11,349),(16,349),(6,350),(7,350),(11,350),(3,351),(4,351),(10,351),(6,352),(19,352),(6,353),(7,353),(15,353),(11,354),(12,354),(29,354),(6,355),(7,355),(11,355),(6,356),(11,357),(16,357),(6,358),(7,358),(11,358),(11,359),(11,360),(6,361),(11,361),(24,361),(4,362),(6,362),(11,362),(6,363),(18,363),(16,364),(3,365),(6,365),(10,365),(3,366),(4,366),(11,366),(6,367),(11,367),(7,368),(11,368),(3,369),(4,369),(10,369),(6,370),(24,370),(27,370),(11,371),(11,372),(16,372),(3,373),(4,373),(10,373),(3,374),(10,374),(12,374),(3,375),(7,375),(8,375),(6,376),(11,376),(24,376),(3,377),(10,377),(12,377),(6,378),(24,378),(3,379),(11,379),(6,380),(11,380),(3,381),(11,381),(24,381),(6,382),(16,383),(27,383),(28,383),(3,384),(6,384),(7,384),(3,385),(6,385),(7,385),(3,386),(10,386),(11,386),(7,387),(16,387),(4,388),(11,388),(15,388),(6,389),(24,389),(6,390),(7,390),(8,390),(6,391),(11,391),(24,391),(8,392),(14,392),(11,393),(6,394),(24,394),(3,395),(4,395),(10,395),(6,396),(8,396),(11,396),(3,397),(6,397),(8,397),(6,398),(11,398),(24,398),(3,399),(10,399),(11,399),(3,400),(7,400),(11,400),(6,401),(24,401),(6,402),(11,402),(29,402),(3,403),(4,403),(10,403),(6,404),(11,404),(24,404),(6,405),(11,405),(24,405),(6,406),(11,406),(24,406),(3,407),(6,407),(11,407),(6,408),(11,408),(6,409),(11,409),(12,409),(6,410),(18,410),(6,411),(7,411),(11,411),(3,412),(4,412),(10,412),(6,413),(11,413),(24,413),(3,414),(6,414),(7,414),(6,415),(8,415),(18,415),(6,416),(27,416),(29,416),(6,417),(11,418),(3,419),(4,419),(10,419),(6,420),(11,420),(24,420),(6,421),(7,421),(14,421),(6,422),(3,423),(4,423),(10,423),(6,424),(11,424),(24,424),(6,425),(14,425),(24,425),(6,426),(11,426),(24,426),(11,427),(24,427),(3,428),(6,428),(7,428),(12,429),(29,429),(3,430),(8,430),(15,430),(3,431),(7,431),(11,431),(9,432),(12,432),(3,433),(12,433),(3,436),(4,436),(12,436),(3,437),(6,437),(7,437);
/*!40000 ALTER TABLE `genresmovie` ENABLE KEYS */;
UNLOCK TABLES;

--
-- Table structure for table `genrestvshows`
--

DROP TABLE IF EXISTS `genrestvshows`;
/*!40101 SET @saved_cs_client     = @@character_set_client */;
/*!50503 SET character_set_client = utf8mb4 */;
CREATE TABLE `genrestvshows` (
  `GenreID` int NOT NULL,
  `TVShowID` int NOT NULL,
  PRIMARY KEY (`GenreID`,`TVShowID`),
  KEY `IX_GenresTVShows_TVShowID` (`TVShowID`),
  CONSTRAINT `FK_GenresTVShows_Genres_GenreID` FOREIGN KEY (`GenreID`) REFERENCES `genres` (`ID`) ON DELETE CASCADE,
  CONSTRAINT `FK_GenresTVShows_TVShows_TVShowID` FOREIGN KEY (`TVShowID`) REFERENCES `tvshows` (`ID`) ON DELETE CASCADE
) ENGINE=InnoDB DEFAULT CHARSET=utf8mb4 COLLATE=utf8mb4_0900_ai_ci;
/*!40101 SET character_set_client = @saved_cs_client */;

--
-- Dumping data for table `genrestvshows`
--

LOCK TABLES `genrestvshows` WRITE;
/*!40000 ALTER TABLE `genrestvshows` DISABLE KEYS */;
INSERT INTO `genrestvshows` VALUES (3,24),(6,24),(7,24),(3,25),(4,25),(6,25),(6,26),(7,26),(8,26),(3,27),(4,27),(6,27),(3,28),(7,28),(11,28),(10,29),(11,29),(6,30),(7,30),(12,30),(11,31),(11,56),(3,57),(6,57),(7,57),(4,58),(9,58),(10,58),(11,59),(24,59),(29,59),(29,60),(31,60),(11,61),(29,61),(3,62),(4,62),(10,62),(10,63),(29,63),(11,97),(4,98),(31,98),(32,98),(3,99),(4,99),(6,99),(3,100),(4,100),(10,100),(3,101),(4,101),(10,101),(31,102),(3,103),(4,103),(10,103),(3,104),(6,104),(10,104),(6,105),(11,105),(3,106),(4,106),(29,106),(4,108),(10,108),(11,108),(12,109),(14,109),(30,109),(3,110),(4,110),(10,110),(11,111),(18,111),(29,111),(29,112),(11,113),(29,113),(3,114),(4,114),(10,114),(11,116),(11,117),(6,118),(11,118),(29,118),(6,119),(11,119),(29,119),(6,120),(11,120),(4,121),(10,121),(11,121),(11,123),(4,211),(11,211),(32,211),(6,212),(8,212),(30,212),(6,213),(12,213),(30,213),(32,214),(11,215),(6,216),(11,217),(6,218),(24,218),(11,219),(6,220),(29,220),(13,221),(3,222),(6,222),(7,222),(3,223),(4,223),(10,223),(6,224),(33,224),(11,225),(3,226),(4,226),(10,226),(6,227),(11,227),(29,227),(6,228),(7,228),(10,228),(6,229),(12,229),(30,229),(3,230),(4,230),(10,230),(4,231),(10,231),(11,231),(11,232),(18,232),(6,233),(11,233),(29,233),(7,234),(11,234),(31,235),(32,235),(4,236),(10,236),(11,236),(11,237),(29,237),(11,238),(24,238),(29,238),(4,239),(6,239),(12,239),(3,240),(9,240),(10,240),(4,241),(14,241),(31,241),(6,242),(11,242),(3,243),(6,243),(10,243),(13,247),(4,248),(10,248),(11,248),(3,249),(4,249),(10,249),(6,250),(12,250),(29,250),(11,251),(3,252),(10,252),(11,252),(6,253),(14,253),(15,253),(10,254),(19,254),(29,254),(9,255),(10,255),(11,255),(6,256),(10,256),(11,256),(6,257),(11,257),(29,257),(6,258),(10,259),(11,259),(29,259),(3,260),(10,260),(11,260),(11,261),(4,263),(9,263),(10,263),(3,264),(6,264),(10,264),(3,265),(4,265),(10,265),(4,268),(10,268),(11,268),(4,269),(10,269),(11,269),(9,271),(10,271),(11,271),(6,272),(11,272),(24,272),(4,274),(10,274),(11,274),(10,277),(11,277),(29,277),(3,278),(4,278),(10,278),(10,279),(11,280),(3,282),(4,282),(10,282),(6,283),(4,284),(9,284),(10,284),(6,285),(9,287),(10,287),(11,287),(3,288),(14,288),(24,288),(10,289),(11,289),(29,289),(11,290),(10,291),(29,291),(10,292),(4,293),(10,293),(11,293),(16,294),(11,298),(3,300),(4,300),(10,300),(11,301),(24,301),(6,302),(6,303),(14,303),(15,303),(3,304),(4,304),(6,304),(3,305),(4,305),(6,305),(3,306),(4,306),(10,306),(3,307),(6,307),(8,307),(3,308),(7,308),(12,308);
/*!40000 ALTER TABLE `genrestvshows` ENABLE KEYS */;
UNLOCK TABLES;

--
-- Table structure for table `languages`
--

DROP TABLE IF EXISTS `languages`;
/*!40101 SET @saved_cs_client     = @@character_set_client */;
/*!50503 SET character_set_client = utf8mb4 */;
CREATE TABLE `languages` (
  `ID` int NOT NULL AUTO_INCREMENT,
  `Name` longtext CHARACTER SET utf8mb4 COLLATE utf8mb4_0900_ai_ci NOT NULL,
  `EnglishName` longtext CHARACTER SET utf8mb4 COLLATE utf8mb4_0900_ai_ci NOT NULL,
  `Flag` longtext CHARACTER SET utf8mb4 COLLATE utf8mb4_0900_ai_ci,
  `LanguageCode` longtext CHARACTER SET utf8mb4 COLLATE utf8mb4_0900_ai_ci NOT NULL,
  PRIMARY KEY (`ID`)
) ENGINE=InnoDB AUTO_INCREMENT=65 DEFAULT CHARSET=utf8mb4 COLLATE=utf8mb4_0900_ai_ci;
/*!40101 SET character_set_client = @saved_cs_client */;

--
-- Dumping data for table `languages`
--

LOCK TABLES `languages` WRITE;
/*!40000 ALTER TABLE `languages` DISABLE KEYS */;
INSERT INTO `languages` VALUES (1,'Afrikaans','Afrikaans',NULL,'af'),(2,'shqiptare','Albanian',NULL,'sq'),(3,'عربي','Arabic',NULL,'ar'),(4,'հայերեն','Armenian',NULL,'hy'),(5,'euskara','Basque',NULL,'eu'),(6,'беларускі','Belarusian',NULL,'be'),(7,'বাংলা','Bengali',NULL,'bn'),(8,'bosanski','Bosnian',NULL,'bs'),(9,'català','Catalan',NULL,'ca'),(10,'简体中文','Simplified Chinese',NULL,'zh-cn'),(11,'繁體中文','Traditional Chinese',NULL,'zh-tw'),(12,'čeština','Czech',NULL,'cs'),(13,'dansk','Danish',NULL,'da'),(14,'Nederlandse taal','Dutch',NULL,'nl'),(15,'English','English',NULL,'en'),(16,'Esperanto','Esperanto',NULL,'eo'),(17,'eesti keel','Estonian',NULL,'et'),(18,'Suomen kieli','Finnish',NULL,'fi'),(19,'Filipino','Filipino',NULL,'fil, tl'),(20,'Français','French',NULL,'fr'),(21,'ქართული','Georgian',NULL,'ka'),(22,'Deutsch','German',NULL,'de'),(23,'galego','Galician',NULL,'gl'),(24,'Ελληνικά','Greek',NULL,'el'),(25,'עִברִית','Hebrew',NULL,'he'),(26,'हिन्दी','Hindi',NULL,'hi'),(27,'hrvatski','Croatian',NULL,'hr'),(28,'magyar','Hungarian',NULL,'hu'),(29,'íslenskur','Icelandic',NULL,'is'),(30,'bahasa Indonesia','Indonesian',NULL,'id'),(31,'Italiano','Italian',NULL,'it'),(32,'日本語','Japanese',NULL,'ja'),(33,'қазақ','Kazakh',NULL,'kk'),(34,'ភាសាខ្មែរ','Khmer',NULL,'km'),(35,'한국어','Korean',NULL,'ko'),(36,'latviešu','Latvian',NULL,'lv'),(37,'lietuvių kalba','Lithuanian',NULL,'lt'),(38,'Lëtzebuergesch','Luxembourgish',NULL,'lb'),(39,'македонски','Macedonian',NULL,'mk'),(40,'മലയാളം ഭാഷ','Malayalam',NULL,'ml'),(41,'bahasa melayu','Malay',NULL,'ms'),(42,'Монгол хэл','Mongolian',NULL,'mn'),(43,'norsk','Norwegian',NULL,'no'),(44,'فارسی','Persian',NULL,'fa'),(45,'polski','Polish',NULL,'pl'),(46,'Português','Portuguese',NULL,'pt-pt'),(47,'Русский','Russian',NULL,'ru'),(48,'српски','Serbian',NULL,'sr'),(49,'Española','Spanish',NULL,'es'),(50,'kiswahili','Swahili',NULL,'sw'),(51,'svensk','Swedish',NULL,'sv'),(52,'Slovenščina','Slovenian',NULL,'sl'),(53,'slovenčina','Slovak',NULL,'sk'),(54,'தமிழ்','Tamil',NULL,'ta'),(55,'తెలుగు','Telugu',NULL,'te'),(56,'ไทย','Thai',NULL,'th'),(57,'Türkçe','Turkish',NULL,'tr'),(58,'Українська мова','Ukrainian',NULL,'uk'),(59,'اردو زبان','Urdu',NULL,'ur'),(60,'ozbek tili','Uzbek',NULL,'uz'),(61,'Tiếng Việt','Vietnamese',NULL,'vi'),(62,'română','Romanian',NULL,'ro');
/*!40000 ALTER TABLE `languages` ENABLE KEYS */;
UNLOCK TABLES;

--
-- Table structure for table `movies`
--

DROP TABLE IF EXISTS `movies`;
/*!40101 SET @saved_cs_client     = @@character_set_client */;
/*!50503 SET character_set_client = utf8mb4 */;
CREATE TABLE `movies` (
  `ID` int NOT NULL AUTO_INCREMENT,
  `Synopsis` varchar(600) CHARACTER SET utf8mb4 COLLATE utf8mb4_0900_ai_ci NOT NULL,
  `Year` varchar(10) CHARACTER SET utf8mb4 COLLATE utf8mb4_0900_ai_ci NOT NULL,
  `Runtime` int NOT NULL,
  `IMDBRatingValue` double NOT NULL,
  `IMDBRatingCount` int NOT NULL,
  `CoverArt` longtext CHARACTER SET utf8mb4 COLLATE utf8mb4_0900_ai_ci,
  `Title` longtext CHARACTER SET utf8mb4 COLLATE utf8mb4_0900_ai_ci NOT NULL,
  `MetacriticValue` longtext CHARACTER SET utf8mb4 COLLATE utf8mb4_0900_ai_ci,
  `RottenTomatoesValue` longtext CHARACTER SET utf8mb4 COLLATE utf8mb4_0900_ai_ci,
  `IMDBId` longtext CHARACTER SET utf8mb4 COLLATE utf8mb4_0900_ai_ci NOT NULL,
  PRIMARY KEY (`ID`)
) ENGINE=InnoDB AUTO_INCREMENT=438 DEFAULT CHARSET=utf8mb4 COLLATE=utf8mb4_0900_ai_ci;
/*!40101 SET character_set_client = @saved_cs_client */;

--
-- Dumping data for table `movies`
--

LOCK TABLES `movies` WRITE;
/*!40000 ALTER TABLE `movies` DISABLE KEYS */;
INSERT INTO `movies` VALUES (16,'After training with his mentor, Batman begins his fight to free crime-ridden Gotham City from corruption.','2005',140,8.2,1458039,'https://m.media-amazon.com/images/M/MV5BOTY4YjI2N2MtYmFlMC00ZjcyLTg3YjEtMDQyM2ZjYzQ5YWFkXkEyXkFqcGdeQXVyMTQxNzMzNDI@._V1_SX300.jpg','Batman Begins','70/100','84%','tt0372784'),(17,'When the menace known as the Joker wreaks havoc and chaos on the people of Gotham, Batman must accept one of the greatest psychological and physical tests of his ability to fight injustice.','2008',152,9,2628154,'https://m.media-amazon.com/images/M/MV5BMTMxNTMwODM0NF5BMl5BanBnXkFtZTcwODAyMTk2Mw@@._V1_SX300.jpg','The Dark Knight','84/100','94%','tt0468569'),(18,'The aging patriarch of an organized crime dynasty in postwar New York City transfers control of his clandestine empire to his reluctant youngest son.','1972',175,9.2,1840332,'https://m.media-amazon.com/images/M/MV5BM2MyNjYxNmUtYTAwNi00MTYxLWJmNWYtYzZlODY3ZTk3OTFlXkEyXkFqcGdeQXVyNzkwMjQ5NzM@._V1_SX300.jpg','The Godfather','100/100','97%','tt0068646'),(19,'A meek Hobbit from the Shire and eight companions set out on a journey to destroy the powerful One Ring and save Middle-earth from the Dark Lord Sauron.','2001',178,8.8,1858615,'https://m.media-amazon.com/images/M/MV5BN2EyZjM3NzUtNWUzMi00MTgxLWI0NTctMzY4M2VlOTdjZWRiXkEyXkFqcGdeQXVyNDUzOTQ5MjY@._V1_SX300.jpg','The Lord of the Rings: The Fellowship of the Ring','92/100','91%','tt0120737'),(20,'While Frodo and Sam edge closer to Mordor with the help of the shifty Gollum, the divided fellowship makes a stand against Sauron\'s new ally, Saruman, and his hordes of Isengard.','2002',179,8.8,1653467,'https://m.media-amazon.com/images/M/MV5BZGMxZTdjZmYtMmE2Ni00ZTdkLWI5NTgtNjlmMjBiNzU2MmI5XkEyXkFqcGdeQXVyNjU0OTQ0OTY@._V1_SX300.jpg','The Lord of the Rings: The Two Towers','87/100','95%','tt0167261'),(22,'Gandalf and Aragorn lead the World of Men against Sauron\'s army to draw his gaze from Frodo and Sam as they approach Mount Doom with the One Ring.','2003',201,9,1830463,'https://m.media-amazon.com/images/M/MV5BNzA5ZDNlZWMtM2NhNS00NDJjLTk4NDItYTRmY2EwMWZlMTY3XkEyXkFqcGdeQXVyNzkwMjQ5NzM@._V1_SX300.jpg','The Lord of the Rings: The Return of the King','94/100','93%','tt0167260'),(23,'This is an encounter of Hollywood and European underground in the feature of Milutin Petrovic. The film is dedicated to the work of Ljubomir Simunic, author of avantgarde films and photographs. The Loop is a visual exploration of ...','2015',74,7.1,21,'https://m.media-amazon.com/images/M/MV5BMGI1M2FiNDEtYzFjOS00MDRjLThkYTYtZjg3NjBhMjM4YWMzXkEyXkFqcGdeQXVyMjM5MTg4MjQ@._V1_SX300.jpg','The Loop',NULL,NULL,'tt3920498'),(24,'In 2074, when the mob wants to get rid of someone, the target is sent into the past, where a hired gun awaits - someone like Joe - who one day learns the mob wants to \'close the loop\' by sending back Joe\'s future self for assassin...','2012',119,7.4,575322,'https://m.media-amazon.com/images/M/MV5BMTg5NTA3NTg4NF5BMl5BanBnXkFtZTcwNTA0NDYzOA@@._V1_SX300.jpg','Looper','84/100','93%','tt1276104'),(25,'An American military advisor embraces the Samurai culture he was hired to destroy after he is captured in battle.','2003',154,7.8,440996,'https://m.media-amazon.com/images/M/MV5BMzkyNzQ1Mzc0NV5BMl5BanBnXkFtZTcwODg3MzUzMw@@._V1_SX300.jpg','The Last Samurai','55/100','66%','tt0325710'),(26,'Welcome to the matrix, is it illusion or is it reality? Find out in this powerful new documentary that explores the ultimate questions of life: where do we come from and what is the nature of reality itself. Plug into the Matrix: ...','2020',42,7,75,'https://m.media-amazon.com/images/M/MV5BNjQyNWZiM2UtOWYyYS00MmVmLWFhZGUtY2ExMDQxNDc5YTE0XkEyXkFqcGdeQXVyMTEzMjQzMDM1._V1_SX300.jpg','Matrix',NULL,NULL,'tt11749868'),(27,'When a beautiful stranger leads computer hacker Neo to a forbidding underworld, he discovers the shocking truth--the life he knows is the elaborate deception of an evil cyber-intelligence.','1999',136,8.7,1895851,'https://m.media-amazon.com/images/M/MV5BNzQzOTk3OTAtNDQ0Zi00ZTVkLWI0MTEtMDllZjNkYzNjNTc4L2ltYWdlXkEyXkFqcGdeQXVyNjU0OTQ0OTY@._V1_SX300.jpg','The Matrix','73/100','88%','tt0133093'),(28,'After awakening from a four-year coma, a former assassin wreaks vengeance on the team of assassins who betrayed her.','2003',111,8.2,1110833,'https://m.media-amazon.com/images/M/MV5BNzM3NDFhYTAtYmU5Mi00NGRmLTljYjgtMDkyODQ4MjNkMGY2XkEyXkFqcGdeQXVyNzkwMjQ5NzM@._V1_SX300.jpg','Kill Bill: Vol. 1','69/100','85%','tt0266697'),(34,'Redemption is the long game in Paul Schrader\'s THE CARD COUNTER. Told with Schrader\'s trademark cinematic intensity, the revenge thriller tells the story of an ex-military interrogator turned gambler haunted by the ghosts of his p...','2021',111,6.2,35021,'https://m.media-amazon.com/images/M/MV5BNTMyNzQ4MmUtMmJiYy00YjlmLWJiMzktNjc1MGNlMzBjYjhiXkEyXkFqcGdeQXVyMDA4NzMyOA@@._V1_SX300.jpg','The Card Counter','77/100',NULL,'tt11196036'),(37,'Balian of Ibelin travels to Jerusalem during the Crusades of the 12th century, and there he finds himself as the defender of the city and its people.','2005',144,7.2,289054,'https://m.media-amazon.com/images/M/MV5BMTI2ODhkMjMtYWU2Yy00MjI1LThlNDctZTJmNDE2MDE4ZDYzXkEyXkFqcGdeQXVyMjUzOTY1NTc@._V1_SX300.jpg','Kingdom of Heaven','63/100','39%','tt0320661'),(38,'An unfortunate accident sets in motion a path of change for Nathanial Cane as he attempts to recover from substance abuse. A mentally unstable psychiatrist, DR. Henry Calhoon is tipping ...','2006',63,6.7,7,'https://m.media-amazon.com/images/M/MV5BMTgzNzkxMzk5Nl5BMl5BanBnXkFtZTgwMTQ2MzA2MDE@._V1_SX300.jpg','Undefined',NULL,NULL,'tt1436480'),(39,'An FBI Agent seeks vengeance on a mysterious assassin known as \"Rogue\" who murdered his partner.','2007',103,6.2,92146,'https://m.media-amazon.com/images/M/MV5BNTIwMjE2Mjc1MF5BMl5BanBnXkFtZTYwNzI0OTI3._V1_SX300.jpg','War','36/100',NULL,'tt0499556'),(40,'A Polish Jewish musician struggles to survive the destruction of the Warsaw ghetto of World War II.','2002',150,8.5,827948,'https://m.media-amazon.com/images/M/MV5BOWRiZDIxZjktMTA1NC00MDQ2LWEzMjUtMTliZmY3NjQ3ODJiXkEyXkFqcGdeQXVyNjU0OTQ0OTY@._V1_SX300.jpg','The Pianist','85/100','95%','tt0253474'),(41,'Sam Witwicky leaves the Autobots behind for a normal life. But when his mind is filled with cryptic symbols, the Decepticons target him and he is dragged back into the Transformers\' war.','2009',149,5.9,407986,'https://m.media-amazon.com/images/M/MV5BNjk4OTczOTk0NF5BMl5BanBnXkFtZTcwNjQ0NzMzMw@@._V1_SX300.jpg','Transformers: Revenge of the Fallen','35/100','20%','tt1055369'),(43,'A collection of South Park Christmas tales, featuring classic episodes and memorable characters.','2000',100,8.3,4100,'https://m.media-amazon.com/images/M/MV5BYjE0NmZjMjgtZmJjOS00NTU0LWJlYzgtZjExNGUzZGVmNzRlXkEyXkFqcGdeQXVyNTAyODkwOQ@@._V1_SX300.jpg','Christmas in South Park',NULL,'63%','tt0263206'),(44,'SpongeBob SquarePants takes leave from the town of Bikini Bottom in order to track down King Neptune\'s stolen crown.','2004',87,7.1,91887,'https://m.media-amazon.com/images/M/MV5BZjM5YjI0NmQtOTk4OS00NTNiLThkNzQtNTZlNGE4Y2VmNmU3XkEyXkFqcGdeQXVyMTQxNzMzNDI@._V1_SX300.jpg','The SpongeBob SquarePants Movie','66/100','68%','tt0345950'),(45,'A young CIA agent is tasked with looking after a fugitive in a safe house. But when the safe house is attacked, he finds himself on the run with his charge.','2012',115,6.7,224174,'https://m.media-amazon.com/images/M/MV5BMjI5ODkyMjA2Nl5BMl5BanBnXkFtZTcwNTcyNTgzNw@@._V1_SX300.jpg','Safe House','52/100','53%','tt1599348'),(47,'The first story features an elderly jeweler\'s adventures with his unsatisfied wife, a handsome neighbor, and the neighborhood bordello. The second is a more modern tale of sex, lies, and videotape.','1976',86,5.7,64,'https://m.media-amazon.com/images/M/MV5BYjViZjIyYmItODAwZS00NmVkLWIyMGEtMGY0MDE5YmQwYmFjXkEyXkFqcGdeQXVyMjAyNTEwOQ@@._V1_SX300.jpg','Nian hua re cao',NULL,NULL,'tt0074355'),(49,'A fisherman, a smuggler, and a syndicate of businessmen match wits over the possession of a priceless diamond.','2006',143,8,549744,'https://m.media-amazon.com/images/M/MV5BZDMxOGZhNWYtMzRlYy00Mzk5LWJjMjEtNmQ4NDU4M2QxM2UzXkEyXkFqcGdeQXVyNTA4NzY1MzY@._V1_SX300.jpg','Blood Diamond','64/100','63%','tt0450259'),(51,'Archaeology professor Indiana Jones ventures to seize a biblical artefact known as the Ark of the Covenant. While doing so, he puts up a fight against Renee and a troop of Nazis.','1981',115,8.4,963139,'https://m.media-amazon.com/images/M/MV5BNTU2ODkyY2MtMjU1NC00NjE1LWEzYjgtMWQ3MzRhMTE0NDc0XkEyXkFqcGdeQXVyMjM4MzQ4OTQ@._V1_SX300.jpg','Indiana Jones and the Raiders of the Lost Ark','85/100','96%','tt0082971'),(52,'In a community vibrant with migrants from across the African Continent, against the backdrop of unspoken love, a young woman tries to navigate a path for herself. But in this world, everything keeps shifting--everything except the...','2015',105,6.9,104,'https://m.media-amazon.com/images/M/MV5BNDM0MTAzNjMwOF5BMl5BanBnXkFtZTgwNzMwNDAxNzE@._V1_SX300.jpg','Ayanda and the Mechanic',NULL,'86%','tt4459386'),(53,'An elite hitman teaches his trade to an apprentice who has a connection to one of his previous victims.','2011',93,6.5,161928,'https://m.media-amazon.com/images/M/MV5BMjEyMjk1NjI1M15BMl5BanBnXkFtZTcwODcyNjAxNA@@._V1_SX300.jpg','The Mechanic','49/100','54%','tt0472399'),(54,'In a future British dystopian society, a shadowy freedom fighter, known only by the alias of \"V\", plots to overthrow the tyrannical government - with the help of a young woman.','2005',132,8.2,1119205,'https://m.media-amazon.com/images/M/MV5BOTI5ODc3NzExNV5BMl5BanBnXkFtZTcwNzYxNzQzMw@@._V1_SX300.jpg','V for Vendetta','62/100','73%','tt0434409'),(55,'Retired Old West gunslinger William Munny reluctantly takes on one last job, with the help of his old partner Ned Logan and a young man, The \"Schofield Kid.\"','1992',130,8.2,412107,'https://m.media-amazon.com/images/M/MV5BODM3YWY4NmQtN2Y3Ni00OTg0LWFhZGQtZWE3ZWY4MTJlOWU4XkEyXkFqcGdeQXVyNjU0OTQ0OTY@._V1_SX300.jpg','Unforgiven','85/100','96%','tt0105695'),(56,'A naive young man assumes a dead man\'s identity and finds himself embroiled in an underground world of power, violence, and chance where men gamble behind closed doors on the lives of other men.','2010',91,6,42506,'https://m.media-amazon.com/images/M/MV5BOWE4YWZjYWItY2U0NS00N2ZlLWFkOGEtY2M2N2E0NDA5MjBlXkEyXkFqcGdeQXVyNTIzOTk5ODM@._V1_SX300.jpg','13','29/100','7%','tt0798817'),(58,'When a Russian mobster orchestrates a crooked land deal, millions of dollars are up for grabs, drawing in the entire London underworld into a feeding frenzy at a time when the old criminal regime is losing turf to a wealthy foreig...','2008',114,7.2,254332,'https://m.media-amazon.com/images/M/MV5BMTQ0NTk5Mzk2OV5BMl5BanBnXkFtZTcwMDE3NTE4MQ@@._V1_SX300.jpg','RocknRolla','53/100','60%','tt1032755'),(59,'A mentally unstable veteran works as a nighttime taxi driver in New York City, where the perceived decadence and sleaze fuels his urge for violent action.','1976',114,8.2,846966,'https://m.media-amazon.com/images/M/MV5BM2M1MmVhNDgtNmI0YS00ZDNmLTkyNjctNTJiYTQ2N2NmYzc2XkEyXkFqcGdeQXVyNzkwMjQ5NzM@._V1_SX300.jpg','Taxi Driver','94/100','96%','tt0075314'),(60,'Intent on seeing the Cahulawassee River before it\'s dammed and turned into a lake, outdoor fanatic Lewis Medlock takes his friends on a canoeing trip they\'ll never forget into the dangerous American back-country.','1972',109,7.7,111930,'https://m.media-amazon.com/images/M/MV5BNTFjOWQxYWMtMzNkZC00ZTEzLWJkOTgtYWZiOGYyOGVlZjVmXkEyXkFqcGdeQXVyMjUzOTY1NTc@._V1_SX300.jpg','Deliverance','80/100','89%','tt0068473'),(61,'King Arthur and his Knights of the Round Table embark on a surreal, low-budget search for the Holy Grail, encountering many, very silly obstacles.','1975',91,8.2,547068,'https://m.media-amazon.com/images/M/MV5BN2IyNTE4YzUtZWU0Mi00MGIwLTgyMmQtMzQ4YzQxYWNlYWE2XkEyXkFqcGdeQXVyNjU0OTQ0OTY@._V1_SX300.jpg','Monty Python and the Holy Grail','91/100','98%','tt0071853'),(62,'During World War II, a rebellious U.S. Army Major is assigned a dozen convicted murderers to train and lead them into a mass assassination mission of German officers.','1967',150,7.7,75256,'https://m.media-amazon.com/images/M/MV5BM2Y1ZTI0NzktYzU3MS00YmE1LThkY2EtMDc0NGYxNTNlZDA5XkEyXkFqcGdeQXVyNTAyODkwOQ@@._V1_SX300.jpg','The Dirty Dozen','73/100','81%','tt0061578'),(63,'Born on the original Christmas in the stable next door to Jesus Christ, Brian of Nazareth spends his life being mistaken for a messiah.','1979',94,8,403685,'https://m.media-amazon.com/images/M/MV5BMDA1ZWI4ZDItOTRlYi00OTUxLWFlNWQtMzM5NDI0YjA4ZGI2XkEyXkFqcGdeQXVyMjUzOTY1NTc@._V1_SX300.jpg','Life of Brian','77/100','96%','tt0079470'),(64,'When a madman calling himself \"the Scorpio Killer\" menaces the city, tough-as-nails San Francisco Police Inspector \"Dirty\" Harry Callahan is assigned to track down and ferret out the crazed psychopath.','1971',102,7.7,159694,'https://m.media-amazon.com/images/M/MV5BMzdhMTM2YTItOWU2YS00MTM0LTgyNDYtMDM1OWM3NzkzNTM2XkEyXkFqcGdeQXVyNjc1NTYyMjg@._V1_SX300.jpg','Dirty Harry','87/100','89%','tt0066999'),(65,'Bored waitress Bonnie Parker falls in love with an ex-con named Clyde Barrow and together they start a violent crime spree through the country, stealing cars and robbing banks.','1967',111,7.7,115253,'https://m.media-amazon.com/images/M/MV5BMTNjNzBlY2QtNmY1Ni00MzhkLThmODgtMzc3ZDQ0YzJjZjNlXkEyXkFqcGdeQXVyMjUzOTY1NTc@._V1_SX300.jpg','Bonnie and Clyde','86/100','90%','tt0061418'),(66,'In the Victorian period, two children are shipwrecked on a tropical island in the South Pacific. With no adults to guide them, the two make a simple life together, unaware that sexual maturity will eventually intervene.','1980',104,5.8,72435,'https://m.media-amazon.com/images/M/MV5BOWU2ZDIxY2UtNzM5NS00MWUwLTkxN2QtMmI3NDZkNTA2OTYxXkEyXkFqcGdeQXVyMTA0MjU0Ng@@._V1_SX300.jpg','The Blue Lagoon','31/100','8%','tt0080453'),(67,'A team of Allied saboteurs are assigned an impossible mission: infiltrate an impregnable Nazi-held Greek island and destroy the two enormous long-range field guns that prevent the rescue of 2,000 trapped British soldiers.','1961',158,7.5,52570,'https://m.media-amazon.com/images/M/MV5BOTk0OGI2YTItZWMzZS00M2M1LWI5N2YtMDE3YmNiY2FlZTk1XkEyXkFqcGdeQXVyNTgyNTA4MjM@._V1_SX300.jpg','The Guns of Navarone','72/100','92%','tt0054953'),(68,'An arrogant Texas millionaire hires four adventurers to rescue his kidnapped wife from a notorious Mexican bandit.','1966',117,7.3,17343,'https://m.media-amazon.com/images/M/MV5BMTY0OWNiZTQtZGY4MS00YmJlLTg4YzEtMmE3YTVkMDM3ODRlXkEyXkFqcGdeQXVyNjc1NTYyMjg@._V1_SX300.jpg','The Professionals','75/100','89%','tt0060862'),(69,'Richard Pryor\'s classic 1979 concert film has him discussing a wide range of topics, including race, the police and his favorite target -- himself.','1979',78,8,5448,'https://m.media-amazon.com/images/M/MV5BNzlmODM5YmUtZjkxZC00MDZlLWE1ZjctOGZjZjEyOGNjNGFlXkEyXkFqcGdeQXVyMDUyOTUyNQ@@._V1_SX300.jpg','Richard Pryor: Live in Concert',NULL,'92%','tt0079807'),(70,'A successful song-and-dance team become romantically involved with a sister act and team up to save the failing Vermont inn of their former commanding general.','1954',120,7.5,46551,'https://m.media-amazon.com/images/M/MV5BYjI0ZTk0ZjQtZTMzOS00NDdmLTk0YzUtZTQ4NGRkNWFhZTkxXkEyXkFqcGdeQXVyNjc1NTYyMjg@._V1_SX300.jpg','White Christmas','56/100','77%','tt0047673'),(71,'A newspaper salesman at the train station in Cairo develops an unhealthy obsession with a woman who sells refreshments.','1958',77,7.5,4837,'https://m.media-amazon.com/images/M/MV5BNzA3NTkzYmItN2Y3Yy00ZGNmLWIyZDUtNmUyNWFhODI1M2I3XkEyXkFqcGdeQXVyMTA0MTM5NjI2._V1_SX300.jpg','Cairo Station',NULL,'100%','tt0051390'),(72,'This meticulously assembled film dissects the Third Reich with an analytical blade, charting Hitler\'s improbable rise, his mastery of crowd psychology and his consummate skill in exploiting others\' weaknesses.','1977',150,7.5,2674,'https://m.media-amazon.com/images/M/MV5BMTEwNzM5NDUxODJeQTJeQWpwZ15BbWU3MDUwODIwMzE@._V1_SX300.jpg','Hitler: A career',NULL,NULL,'tt0191182'),(73,'Available for the first time since it mysteriously disappeared in 1972 after only one week in theaters, this raucous film is a riveting slice of the Vietnam anti-war movement.','1972',103,6.4,430,'https://m.media-amazon.com/images/M/MV5BYWNiYjIwNTAtNmY1OS00MmRiLWJlMTktNzZmYzJkY2ZjMGQ3XkEyXkFqcGdeQXVyMjI3NDAyNg@@._V1_SX300.jpg','FTA','75/100','84%','tt0068562'),(74,'Yehia is a young man living in the cosmopolitan Alexandria during World War II. Inspired by American movies and Shakespeare, he aspires to be an actor, but struggles to pursue his Hollywood dream, given the constraints of his life...','1979',133,7.3,1852,'https://m.media-amazon.com/images/M/MV5BZWUxZDAxY2UtZDdkMi00ZDk1LWIzMTctNzYyMWU5ODNhMjk5XkEyXkFqcGdeQXVyMzI4MTk3MTY@._V1_SX300.jpg','Alexandria... Why?',NULL,NULL,'tt0077751'),(75,'A small peasant village\'s struggles against the careless inroads of the large local landowner, The Land shows why political oppression does not necessarily lead to a sense of solidarity among the disinherited.','1970',130,8,2162,'https://m.media-amazon.com/images/M/MV5BYzgxYzI5YjMtYzBkMS00YzFkLTg0NmItMjMzNzM2NmZhYTcyXkEyXkFqcGdeQXVyMTA0MTM5NjI2._V1_SX300.jpg','The Land',NULL,NULL,'tt0064038'),(76,'Vijay Varma (Amitabh Bachchan) and Ravi Kapoor (Shatrughan Sinha) are two close childhood friends. When they thought they have matured enough they decides to enter law policy: one as a police officer and another as a lawyer. There...','1980',152,6.5,1025,'https://m.media-amazon.com/images/M/MV5BYmY1ZjIwODItNGVkOS00Zjg4LWE3NmEtOWY0MDAyZDM5YjRiXkEyXkFqcGdeQXVyODE5NzE3OTE@._V1_SX300.jpg','Friendship',NULL,NULL,'tt0080653'),(77,'After Saladin\'s victory over the King of Jerusalem, a peace treaty is signed between them, but the commander of the Crusader army, Renaud de Chatillon, slaughters a group of pilgrims going to Mecca. Saladin then decides to take re...','1963',90,7.6,2656,'https://m.media-amazon.com/images/M/MV5BMGMzYzA5Y2MtYzYxNy00YThjLTlkOGMtYWIzMjJmZWVlNzM0XkEyXkFqcGdeQXVyNjUxOTU2ODU@._V1_SX300.jpg','Saladin',NULL,NULL,'tt0057357'),(78,'Alibaba, (Dharmendra) a native of Guleba is in love with Marjina (Hema Malini). The town has a ruler, Abu Hasan. Guleban is terrorized by dacoits. Ali Baba hears the password to the door of the cave of the dacoits and takes a lot ...','1980',138,6.2,596,'https://m.media-amazon.com/images/M/MV5BZjJiMWE4MjAtMTRjNi00ZDFkLTgyNjgtNzc5ZjhmZjg0N2ViXkEyXkFqcGdeQXVyNjA0Mzc0MzI@._V1_SX300.jpg','Adventures of Ali-Baba and the Forty Thieves',NULL,NULL,'tt0079749'),(80,'After three years of absence, back (Recep) after a long travel trip spent on the back of one of the ships in an effort to save money in order to complete his marriage b (benign), who lives with his mother in a shack built on the s...','1956',120,6.7,691,'https://m.media-amazon.com/images/M/MV5BNmUyY2U1MzYtYmIxYi00MzRjLTg4ZjktNzRjYjQwYTlhMzVlXkEyXkFqcGdeQXVyMjg0MzMwNzg@._V1_SX300.jpg','Dark Waters',NULL,NULL,'tt0049761'),(81,'After the 1979 Israeli invasion of Lebanon, children try to sing the national anthem as citizens search for hope in the war-torn South.','1979',80,5.4,53,'https://m.media-amazon.com/images/M/MV5BNWI5ZGZjMzctYzRkNC00YTg4LWJmOWUtMWUxZjIxYmE5ZmZiXkEyXkFqcGdeQXVyNDM1Mjc2NDY@._V1_SX300.jpg','We Are All for the Fatherland',NULL,NULL,'tt0170799'),(82,'When his employee disappears in Singapore, Shyam travels from India to investigate the absence and becomes entangled in a deadly plot.','1960',135,6.5,91,'https://m.media-amazon.com/images/M/MV5BZDU5YTE4MWEtZDcwYy00YjViLWFkODktMWQzOTEzN2FjOWRmXkEyXkFqcGdeQXVyODEzOTQwNTY@._V1_SX300.jpg','Singapore',NULL,NULL,'tt0268639'),(83,'Beirut Oh Beirut (1975) follows four young Lebanese after the defeat of Lebanon by Israeli forces in the Six Day War of 1967.','1975',111,6.5,115,'https://m.media-amazon.com/images/M/MV5BY2I0M2QxYWItNjBkNS00YzcxLTkzZmYtYTZmY2Y0ZjRhY2YyXkEyXkFqcGdeQXVyNDM1Mjc2NDY@._V1_SX300.jpg','Beyrouth ya Beyrouth',NULL,NULL,'tt0169599'),(84,'Freed after spending 12 years in jail, a man\'s homecoming turns into a dark affair as his disillusion clashes with his family expectations.','1978',120,7.2,851,'https://m.media-amazon.com/images/M/MV5BODUxYjQ4YjEtZDI5Ni00MDk3LTkzNzYtMTFjZDk1NTA2NTI1XkEyXkFqcGdeQXVyMjA0MzYwMDY@._V1_SX300.jpg','Return of the Prodigal Son',NULL,NULL,'tt0074168'),(85,'A Bombay cop tries to track down a serial killer who snipes at random victims.','1973',127,5.2,50,'https://m.media-amazon.com/images/M/MV5BZjI0MjRkMTMtZWRlMi00ZGZmLTg2MDYtMWZhZjRiMjdjZjFjXkEyXkFqcGdeQXVyMjU3MzYxODk@._V1_SX300.jpg','Khoon Khoon',NULL,NULL,'tt0230412'),(86,'After getting fired, a police officer connects with a prostitute he met on the job in a red-light district and sets out to keep her off the streets.','1974',158,6.6,254,'https://m.media-amazon.com/images/M/MV5BYzM0MjJjNzItMGRjMy00OGYxLWFjM2MtM2EzZjExNWY1Y2I5XkEyXkFqcGdeQXVyODA3NzU4Njc@._V1_SX300.jpg','Manoranjan',NULL,NULL,'tt0071811'),(87,'An impoverished male turns to crime, kills someone, tries to make a honest living but ends up becoming a suspect for theft.','1959',109,6.8,86,'https://m.media-amazon.com/images/M/MV5BZjljOGI4MTAtZjAwNi00MTU5LTk5YTktZDA3ZjU5MDExOWExXkEyXkFqcGdeQXVyMjM5NDM1MTE@._V1_SX300.jpg','Ujala',NULL,NULL,'tt0157132'),(88,'At every station, between sites filled with poetry and nostalgia for a bygone era, the poet\'s dashed dreams and idealized vision of her country coincide with the director\'s own.','1980',92,7.8,80,'https://m.media-amazon.com/images/M/MV5BYTUzMjMzM2MtZWE0Yi00NjcyLWIxYjItMWUxYmFmYjMzODNhXkEyXkFqcGdeQXVyNDM1Mjc2NDY@._V1_SX300.jpg','Whispers',NULL,NULL,'tt0170803'),(90,'Heirless Maharaj Brajbhan leaves his throne to his cousin Vikram, but when Brajbhan\'s wife, Badi Rani, finally conceives, Vikram plots to destroy her.','1978',0,4.6,37,'https://m.media-amazon.com/images/M/MV5BMzI4YjU0MGYtMGM1Mi00MjdjLWIxMTMtZGQ5ZTYyZGM5MzJiXkEyXkFqcGdeQXVyODE5NzE3OTE@._V1_SX300.jpg','Bandie',NULL,NULL,'tt1219315'),(91,'The story of Henry Hill and his life in the mob, covering his relationship with his wife Karen Hill and his mob partners Jimmy Conway and Tommy DeVito in the Italian-American crime syndicate.','1990',145,8.7,1174837,'https://m.media-amazon.com/images/M/MV5BY2NkZjEzMDgtN2RjYy00YzM1LWI4ZmQtMjIwYjFjNmI3ZGEwXkEyXkFqcGdeQXVyNzkwMjQ5NzM@._V1_SX300.jpg','Goodfellas','91/100','96%','tt0099685'),(92,'A pragmatic U.S. Marine observes the dehumanizing effects the Vietnam War has on his fellow recruits from their brutal boot camp training to the bloody street fighting in Hue.','1987',116,8.3,750625,'https://m.media-amazon.com/images/M/MV5BNzkxODk0NjEtYjc4Mi00ZDI0LTgyYjEtYzc1NDkxY2YzYTgyXkEyXkFqcGdeQXVyNzkwMjQ5NzM@._V1_SX300.jpg','Full Metal Jacket','76/100','91%','tt0093058'),(93,'A former Prohibition-era Jewish gangster returns to the Lower East Side of Manhattan 35 years later, where he must once again confront the ghosts and regrets of his old life.','1984',229,8.3,356163,'https://m.media-amazon.com/images/M/MV5BMGFkNWI4MTMtNGQ0OC00MWVmLTk3MTktOGYxN2Y2YWVkZWE2XkEyXkFqcGdeQXVyNjU0OTQ0OTY@._V1_SX300.jpg','Once Upon a Time in America','75/100','87%','tt0087843'),(94,'Harry and Sally have known each other for years, and are very good friends, but they fear sex would ruin the friendship.','1989',95,7.7,225922,'https://m.media-amazon.com/images/M/MV5BMjE0ODEwNjM2NF5BMl5BanBnXkFtZTcwMjU2Mzg3NA@@._V1_SX300.jpg','When Harry Met Sally...','76/100','91%','tt0098635'),(95,'Teenager Nancy Thompson must uncover the dark truth concealed by her parents after she and her friends become targets of the spirit of a serial killer with a bladed glove in their dreams, in which if they die, it kills them in rea...','1984',91,7.4,245099,'https://m.media-amazon.com/images/M/MV5BNzFjZmM1ODgtMDBkMS00NWFlLTg2YmUtZjc3ZTgxMjE1OTI2L2ltYWdlXkEyXkFqcGdeQXVyNTAyODkwOQ@@._V1_SX300.jpg','A Nightmare on Elm Street','76/100','95%','tt0087800'),(96,'A young beautician, newly arrived in a small Louisiana town, finds work at the local salon, where a small group of women share a close bond of friendship, and welcome her into the fold.','1989',117,7.3,57619,'https://m.media-amazon.com/images/M/MV5BZTVkNWM2YjgtYjRhNC00OWQ5LWFiMDAtYWI2MTM0ZDk1ODE3XkEyXkFqcGdeQXVyMTQxNzMzNDI@._V1_SX300.jpg','Steel Magnolias','56/100','68%','tt0098384'),(97,'A group of good-hearted, but incompetent misfits enter the police academy, but the instructors there are not going to put up with their pranks.','1984',96,6.7,129530,'https://m.media-amazon.com/images/M/MV5BMjNiMWVhNjAtMzgyYS00NzRhLWJmNGUtNzdiOGFhMmY5NDUwL2ltYWdlL2ltYWdlXkEyXkFqcGdeQXVyMTQxNzMzNDI@._V1_SX300.jpg','Police Academy','41/100','57%','tt0087928'),(98,'A nerdish boy buys a strange car with an evil mind of its own and his nature starts to change to reflect it.','1983',110,6.7,85902,'https://m.media-amazon.com/images/M/MV5BZThhNDQxNzAtOTYzZC00MzZkLWI2YjItOTE2ZjliZDY3NTFkXkEyXkFqcGdeQXVyMTQxNzMzNDI@._V1_SX300.jpg','Christine','57/100','70%','tt0085333'),(99,'The victims of an encephalitis epidemic many years ago have been catatonic ever since, but now a new drug offers the prospect of reviving them.','1990',121,7.8,145767,'https://m.media-amazon.com/images/M/MV5BMWUxOTk2NzUtZDBjYi00MzIwLWFlODYtZjFmNDM5MjlkYjJjXkEyXkFqcGdeQXVyMjUzOTY1NTc@._V1_SX300.jpg','Awakenings','74/100','86%','tt0099077'),(100,'The Griswold family\'s plans for a big family Christmas predictably turn into a big disaster.','1989',97,7.5,202948,'https://m.media-amazon.com/images/M/MV5BMGZkMWQ2MzMtYTkxYS00OThmLWI0ZTQtNmY0ZTkyY2E4MjliXkEyXkFqcGdeQXVyMTQxNzMzNDI@._V1_SX300.jpg','National Lampoon\'s Christmas Vacation','49/100','70%','tt0097958'),(101,'The dedicated but tyrannical Joe Clark is appointed the principal of a decaying inner-city school he is determined to improve by any and all means.','1989',108,7.4,21520,'https://m.media-amazon.com/images/M/MV5BMTUxNjg3MzExOF5BMl5BanBnXkFtZTgwMDc1NjQyMTI@._V1_SX300.jpg','Lean on Me','58/100','68%','tt0097722'),(102,'Eddie Murphy in a stand-up performance recorded live. For an hour and a half he talks about his favourite subjects: sex and women.','1987',93,7.6,20062,'https://m.media-amazon.com/images/M/MV5BOWEwYTk4YTgtZGVjNi00MmI0LTkwOTItOWUxYzBlN2YwZWFkXkEyXkFqcGdeQXVyNzc5MjA3OA@@._V1_SX300.jpg','Eddie Murphy: Raw','54/100','77%','tt0092948'),(103,'Story of a woman and her three lovers.','1986',84,6.8,15186,'https://m.media-amazon.com/images/M/MV5BNGM3NzcwZjQtY2E5ZC00ODU0LTg1ODQtZDNlMGNiZTRlNWZkXkEyXkFqcGdeQXVyMTQxNzMzNDI@._V1_SX300.jpg','She\'s Gotta Have It','79/100','94%','tt0091939'),(104,'David and Jade are high-school sweethearts and happy in love. But when Jades grades starts to drop her father forbid the young couple to see each other. Mad with frustration and desire David tries to reverse the decision, with cat...','1981',116,4.9,8866,'https://m.media-amazon.com/images/M/MV5BMDQ3YWNhMjUtMjg3Zi00YmZhLTkzNDUtMzExN2FjZGMwNGIwXkEyXkFqcGdeQXVyMTUzMDUzNTI3._V1_SX300.jpg','Endless Love','30/100','26%','tt0082329'),(105,'A courtroom drama in which two talented self made lawyers are determined to win a case where they are on opposing sides.','2022',155,6.4,1985,'https://m.media-amazon.com/images/M/MV5BMzJiNDU3NzAtMmE0YS00YjZkLWJkNTMtZDIyZDc1NDViZWU2XkEyXkFqcGdeQXVyMjkxNzQ1NDI@._V1_SX300.jpg','Vaashi',NULL,NULL,'tt13913068'),(106,'Amuro Ray and Char Aznable settle their rivalry once and for all during the Second Neo Zeon War.','1988',124,7.3,1815,'https://m.media-amazon.com/images/M/MV5BMTE5OGJjZmQtZmI0Ni00YzU1LWE1OGItZGI5MDc3ODhlYjc1XkEyXkFqcGdeQXVyMTA3OTEyODI1._V1_SX300.jpg','Mobile Suit Gundam: Char\'s Counterattack',NULL,NULL,'tt0095262'),(107,'After managing to survive attacks by Zeon\'s Char Aznable and Garma Zabi, the crew of Federation warship White Base and its mobile suits battle Zeon forces (Ramba Ral, Ma Kube, Tri-Stars, Boone) through Asia, Europe, and the Atlant...','1981',139,7.2,1363,'https://m.media-amazon.com/images/M/MV5BOGM3YzdiNzgtOTJkYy00ZTYwLTlkMmMtNmZiMmMxYjU0NjFlXkEyXkFqcGdeQXVyMTA3NTQwNDU4._V1_SX300.jpg','Mobile Suit Gundam II: Soldiers of Sorrow',NULL,NULL,'tt0159510'),(108,'Fans old and new have cause for celebration with the release of Sam Kinison: Breaking All The Rules, HBO Special. Along with being voted onto Comedy Central\'s All-Time Top 20 Stand-Up Comedians list and VH-1\'s Top Comedians list, ...','1987',50,7.2,690,'https://m.media-amazon.com/images/M/MV5BMTgxNjMwNzUzM15BMl5BanBnXkFtZTcwMDg0NDMyMQ@@._V1_SX300.jpg','Sam Kinison: Breaking the Rules',NULL,NULL,'tt0307403'),(109,'Each member of this family tries to endorse someone else to care for the old Mother.','1985',94,8,6699,'https://m.media-amazon.com/images/M/MV5BZjQxNWM3ODktZDQ2My00NDAyLWJkZDUtMWJiZWNjNTM2ZjU4XkEyXkFqcGdeQXVyMTk5MTE5MTg@._V1_SX300.jpg','Waiting for the Hearse',NULL,NULL,'tt0089108'),(110,'Tim Allen\'s first Showtime stand-up comedy special filmed in Kalamazoo, Michigan.','1990',30,6.1,369,'https://m.media-amazon.com/images/M/MV5BNWJmMTEyOWItZDc1ZC00NjUwLWE0ZDMtZTNlNzRiMDFlNzViXkEyXkFqcGdeQXVyNTM3MDMyMDQ@._V1_SX300.jpg','Tim Allen: Men Are Pigs',NULL,NULL,'tt0259057'),(111,'Amuro Ray and the rest of the White Base crew, now denominated the 13th Autonomous Corps, return to outer space to support the rest of the Earth Federation forces for the decisive battle against the Duchy of Zeon\'s forces.','1982',144,7.6,1320,'https://m.media-amazon.com/images/M/MV5BNzNiOTRjZjMtZDQ4ZS00Njk0LWFiYTAtYjAxODc0ZjUyZjFmXkEyXkFqcGdeQXVyMTA3NTQwNDU4._V1_SX300.jpg','Mobile Suit Gundam III: Encounters in Space',NULL,NULL,'tt0159511'),(112,'The Monty Python troupe perform a combination of classic sketches and new material at the Hollywood Bowl.','1982',77,7.9,15393,'https://m.media-amazon.com/images/M/MV5BMzMyNzVjOTktZjVkNS00OTIxLWFjYWEtZjg0Mjc1MDBkNDMxXkEyXkFqcGdeQXVyMjUzOTY1NTc@._V1_SX300.jpg','Monty Python Live at the Hollywood Bowl',NULL,NULL,'tt0084352'),(113,'After years of honest work a talented amateur singer becomes a famous professional, but an old enemy of his family is envious of his success.','1982',135,6.4,1539,'https://m.media-amazon.com/images/M/MV5BOWMyZTFjZDUtYzQ1Yi00OWJjLWJkYjgtZTVlZDQ3MDI1YzJhXkEyXkFqcGdeQXVyODE5NzE3OTE@._V1_SX300.jpg','Disco Dancer',NULL,NULL,'tt0208903'),(114,'A young boy\'s quest for revenge leads him to become a gangster as an adult, and with each day he becomes more and more like his enemies. Can he find vengeance and redemption?','1990',174,7.6,9139,'https://m.media-amazon.com/images/M/MV5BOGIyNGNhN2EtYTZiNC00MDJjLWI2M2ItZjA1MTBlYmNiODNlXkEyXkFqcGdeQXVyODE5NzE3OTE@._V1_SX300.jpg','Agneepath',NULL,NULL,'tt0098999'),(115,'Sketches from Monty Python\'s Flying Circus (1969).','1989',72,8.1,1551,'https://m.media-amazon.com/images/M/MV5BMTkzNDA5MTA5MV5BMl5BanBnXkFtZTgwMzMzOTk1MDE@._V1_SX300.jpg','Parrot Sketch Not Included: Twenty Years of Monty Python',NULL,NULL,'tt0213984'),(116,'The true story of Calvin Graham who at the age of twelve, but looking quite a lot older, succeeded in joining the navy during World War II. In spite of his young age, he received a Purple Heart for his bravery in the Naval Battle ...','1988',100,6.8,517,'https://m.media-amazon.com/images/M/MV5BOWJjZmE3MmUtZjkyMC00YTAyLThkNWMtMWM2YjhlYjMyY2MyXkEyXkFqcGdeQXVyNzMwOTY2NTI@._V1_SX300.jpg','Too Young the Hero',NULL,NULL,'tt0096286'),(117,'Religious beliefs clash with the law when an Amish infant is killed in a rural community.','1988',94,6,413,'https://m.media-amazon.com/images/M/MV5BMTY3MDE0OTY5OV5BMl5BanBnXkFtZTgwMDEwODY0MjE@._V1_SX300.jpg','A Stoning in Fulham County',NULL,NULL,'tt0096179'),(118,'The story of Ryan White, a 13-year-old haemophiliac who contracted AIDS from factor VIII, which was used to control this disorder.','1989',105,7.2,901,'https://m.media-amazon.com/images/M/MV5BMTQ0NjI2NTgtZWYxNy00M2JjLWEyODgtY2Q2NzJmMmUyOTE4XkEyXkFqcGdeQXVyMjczOTU2NTI@._V1_SX300.jpg','The Ryan White Story',NULL,NULL,'tt0098237'),(119,'A man pretends to be a rich industrialist to improve his son\'s chances of marrying in to wealth, but his plan backfires on him.','1990',172,6.6,5456,'https://m.media-amazon.com/images/M/MV5BNzZiZTY0NTMtNTFhMC00OTA1LTg5ZmQtMjYwNThhNDJiOTVkXkEyXkFqcGdeQXVyODE5NzE3OTE@._V1_SX300.jpg','Dil',NULL,NULL,'tt0099429'),(120,'Follows the true story of John and Reve Walsh who, after their child was murdered, fought to raise national awareness of the problem of missing children.','1986',100,6.9,220,'https://m.media-amazon.com/images/M/MV5BMjIwMDc1NTM3OV5BMl5BanBnXkFtZTgwNzAwODY0MjE@._V1_SX300.jpg','Adam: His Song Continues',NULL,NULL,'tt0090589'),(121,'He risked it all to make the grade.','1986',100,6,968,'https://m.media-amazon.com/images/M/MV5BMTY3OTgyMDM0OV5BMl5BanBnXkFtZTcwNjc1MjkxMQ@@._V1_SX300.jpg','The George McKenna Story',NULL,NULL,'tt0091106'),(122,'A lawyer\'s husband is having an affair. When the woman he is having the affair with is found dead. He is the prime suspect. Though he adamantly proclaims his innocence. His wife takes charge of his defense, but can she place his b...','1990',95,5.5,215,'https://m.media-amazon.com/images/M/MV5BMTUwNjA5Njk0Nl5BMl5BanBnXkFtZTgwMTIwODY0MjE@._V1_SX300.jpg','In Defense of a Married Man',NULL,NULL,'tt0099396'),(123,'Jailed as a teenager, Shankar has been unable to stay on the right side of the law ever since, despite his wife\'s pleas and his mother\'s rejection.','1989',163,5.4,201,'https://m.media-amazon.com/images/M/MV5BOWQwZWE5MjctMTlkYy00NWUwLTg0ZTktZmUxYzcxZGE4NWNkXkEyXkFqcGdeQXVyODE5NzE3OTE@._V1_SX300.jpg','Mujrim',NULL,NULL,'tt0097926'),(124,'An intrepid police inspector forced into a desk job must take matters into his own hands when ruthless criminals are released on a technicality.','1988',148,5.4,100,'https://m.media-amazon.com/images/M/MV5BMWViZTZlYmEtOTMzMC00OGFjLTkzZWUtZjdmMjc2ZGJjNThiXkEyXkFqcGdeQXVyODE5NzE3OTE@._V1_SX300.jpg','Aakhri Adaalat',NULL,NULL,'tt0177505'),(125,'During a hunger strike by the Egyptian film industry, Yehia, a famous Egyptian director, finds himself obsessed with Amir, the leading man in one of his movies, and Nadia, a woman he desires to work with.','1989',100,6.5,717,'https://m.media-amazon.com/images/M/MV5BMWYxNzdlOGYtOTliMC00Mzc1LWE4MjMtYjkxZjlhOWY3ZWQ1XkEyXkFqcGdeQXVyMjI4NzAzNjg@._V1_SX300.jpg','Alexandria: Again and Forever',NULL,NULL,'tt0099858'),(126,'Framed for a crime he didn\'t commit, Mohan Kumar loses his wife, son, and freedom, then he emerges from prison vowing revenge.','1984',169,6.4,254,'https://m.media-amazon.com/images/M/MV5BM2E0MGZmN2QtYWUzZi00NjdlLTg1NTAtNGQzMTcxYTNjMzU0XkEyXkFqcGdeQXVyODE5NzE3OTE@._V1_SX300.jpg','Duniya',NULL,NULL,'tt0301231'),(127,'A family begins to fall apart when they find out their eldest daughter, Nancy McKeon, is a victim of schizophrenia.','1987',100,6.3,377,'https://m.media-amazon.com/images/M/MV5BMTU5MTU4MzIxNV5BMl5BanBnXkFtZTgwODAwODY0MjE@._V1_SX300.jpg','Strange Voices',NULL,NULL,'tt0094052'),(128,'Shankar Verma lives a poor lifestyle with his mom, Shanti, in India after His father, Sathpal, leaves the family for a courtesan by the name of Meenabai. Years later, Shankar has now grown up and finds himself the object of affect...','1986',0,5.2,140,'https://m.media-amazon.com/images/M/MV5BNWM2YmU3MmItYTY5Yy00ZmViLWFjMTItMTgyMWQ4OWQ1NDE1XkEyXkFqcGdeQXVyODE5NzE3OTE@._V1_SX300.jpg','Jaal',NULL,NULL,'tt0239495'),(129,'A real-life story about a high school teacher and football coach who is diagnosed with Lou Gehrig\'s disease but refuses to give in.','1988',100,7.2,146,'https://m.media-amazon.com/images/M/MV5BY2ExOGI3ZjAtM2FlNS00MWIxLTg4ZjYtYTg4NjVhNDU0ZjEyXkEyXkFqcGdeQXVyMzU0NzkwMDg@._V1_SX300.jpg','Quiet Victory: The Charlie Wedemeyer Story',NULL,NULL,'tt0095945'),(130,'An honest Hindu pandit (priest) is framed for embezzlement and rape, and not only dismissed from employment, but also arrested and imprisoned, leaving behind his family in destitution. On his return from prison, he is unable to lo...','1987',171,4.7,73,'https://m.media-amazon.com/images/M/MV5BYzQ3ZmM5YTEtYzI5NC00ZTZhLWE3ZTEtOThjMDc4MWZjZjY0XkEyXkFqcGdeQXVyODE5NzE3OTE@._V1_SX300.jpg','Muqaddar Ka Faisla',NULL,NULL,'tt0239682'),(131,'Twins separated by a court order meet at camp and decide to reunite their parents, unaware of the dark secret that drove them apart years before.','1986',130,6.1,71,'https://m.media-amazon.com/images/M/MV5BYTMyMGM5YjgtMjMzMS00OGI3LWE0OGQtNjIyMTA5NTJkZjQyXkEyXkFqcGdeQXVyODE5NzE3OTE@._V1_SX300.jpg','Pyar Ke Do Pal',NULL,NULL,'tt0358053'),(132,'','1984',0,0,0,'N/A','#DUPE#',NULL,NULL,'tt0152509'),(133,'While trying to win over his beloved\'s parents, a young man is accused of arson, and his father soon realizes insanity may be his only defense.','1983',151,6.5,77,'https://m.media-amazon.com/images/M/MV5BNGVkYThhMzQtMDQ4Ni00NzliLThlMDUtOGY1NWIyYmI1NDk2XkEyXkFqcGdeQXVyMDkwNTkwNg@@._V1_SX300.jpg','Ek Jaan Hain Hum',NULL,NULL,'tt0379272'),(134,'In the middle of his own heart surgery, an Egyptian filmmaker remembers his life. In fact his old self, as a child, is accused of the attempted murder of his new self. Through the metaphoric trial, we are drawn into his life in re...','1982',115,7.3,1189,'https://m.media-amazon.com/images/M/MV5BZDdhOGNmNGYtOWNjNS00YjA0LWI5ZDAtNGNiYzBmM2JmYzkxXkEyXkFqcGdeQXVyMjI4NzAzNjg@._V1_SX300.jpg','An Egyptian Story',NULL,NULL,'tt0084042'),(135,'Lebanon, 1975. How Tahal, an affluent young man becomes a warlord ; how Soraya, the girl he leaves behind, tries to help him in abducting a businessman ; how Nabil, a press photographer deals drugs under the cover of the civil war...','1982',108,6.5,158,'https://m.media-amazon.com/images/M/MV5BZGE2NWM5YjgtMGY4MS00NmMxLThkOGYtMzNjNzA0NTg1ZmUxXkEyXkFqcGdeQXVyMzI4MTk3MTY@._V1_SX300.jpg','Little Wars',NULL,NULL,'tt0084492'),(136,'The story of child psychologists Dr. Laurie and Joseph Braga and their involvement in one of the worst child sex abuse scandals in the U.S.','1990',100,6.1,492,'https://m.media-amazon.com/images/M/MV5BMTQ3MzYzMDA4MF5BMl5BanBnXkFtZTgwMjIwODY0MjE@._V1_SX300.jpg','Unspeakable Acts',NULL,NULL,'tt0100848'),(137,'An American agent, under false suspicion of disloyalty, must discover and expose the real spy without the help of his organization.','1996',110,7.1,433244,'https://m.media-amazon.com/images/M/MV5BMTc3NjI2MjU0Nl5BMl5BanBnXkFtZTgwNDk3ODYxMTE@._V1_SX300.jpg','Mission: Impossible','59/100','66%','tt0117060'),(138,'Two detectives, a rookie and a veteran, hunt a serial killer who uses the seven deadly sins as his motives.','1995',127,8.6,1670017,'https://m.media-amazon.com/images/M/MV5BOTUwODM5MTctZjczMi00OTk4LTg3NWUtNmVhMTAzNTNjYjcyXkEyXkFqcGdeQXVyNjU0OTQ0OTY@._V1_SX300.jpg','Se7en','65/100','82%','tt0114369'),(139,'Back when sex was safe, pleasure was a business and business was booming, an idealistic porn producer aspires to elevate his craft to an art when he discovers a hot young talent.','1997',155,7.9,269796,'https://m.media-amazon.com/images/M/MV5BY2E2YWYxY2QtZmJmZi00MjJlLWFiYWItZTk5Y2IyMWQ1ZThhXkEyXkFqcGdeQXVyMTMxODk2OTU@._V1_SX300.jpg','Boogie Nights','85/100','93%','tt0118749'),(140,'The presidencies of Kennedy and Johnson, the Vietnam War, the Watergate scandal and other historical events unfold from the perspective of an Alabama man with an IQ of 75, whose only desire is to be reunited with his childhood swe...','1994',142,8.8,2105493,'https://m.media-amazon.com/images/M/MV5BNWIwODRlZTUtY2U3ZS00Yzg1LWJhNzYtMmZiYmEyNmU1NjMzXkEyXkFqcGdeQXVyMTQxNzMzNDI@._V1_SX300.jpg','Forrest Gump','82/100','71%','tt0109830'),(141,'Unscrupulous boxing promoters, violent bookmakers, a Russian gangster, incompetent amateur robbers and supposedly Jewish jewelers fight to track down a priceless stolen diamond.','2000',102,8.2,865121,'https://m.media-amazon.com/images/M/MV5BMTA2NDYxOGYtYjU1Mi00Y2QzLTgxMTQtMWI1MGI0ZGQ5MmU4XkEyXkFqcGdeQXVyNDk3NzU2MTQ@._V1_SX300.jpg','Snatch','55/100','74%','tt0208092'),(142,'In late 1950s New York, a young underachiever named Tom Ripley is sent to Italy to retrieve Dickie Greenleaf, a rich and spoiled millionaire playboy. But when the errand fails, Ripley takes extreme measures.','1999',139,7.4,216668,'https://m.media-amazon.com/images/M/MV5BODA3NDhiZjYtYTk2NS00ZWYwLTljYTQtMjU0NzcyMGEzNTU2L2ltYWdlL2ltYWdlXkEyXkFqcGdeQXVyMTQxNzMzNDI@._V1_SX300.jpg','The Talented Mr. Ripley','76/100','85%','tt0134119'),(143,'A seventeen-year-old aristocrat falls in love with a kind but poor artist aboard the luxurious, ill-fated R.M.S. Titanic.','1997',194,7.9,1200632,'https://m.media-amazon.com/images/M/MV5BMDdmZGU3NDQtY2E5My00ZTliLWIzOTUtMTY4ZGI1YjdiNjk3XkEyXkFqcGdeQXVyNTA4NzY1MzY@._V1_SX300.jpg','Titanic','75/100','88%','tt0120338'),(144,'Humans in a fascist, militaristic future wage war with giant alien bugs.','1997',129,7.3,301347,'https://m.media-amazon.com/images/M/MV5BNWExNzg3MmMtYjc3MS00MzFlLWJiOWQtNWYxZTgxNjhlZTQ2XkEyXkFqcGdeQXVyNzkwMjQ5NzM@._V1_SX300.jpg','Starship Troopers','52/100','69%','tt0120201'),(145,'IMF agent Ethan Hunt is sent to Sydney to find and destroy a genetically modified disease called \"Chimera\".','2000',123,6.1,348839,'https://m.media-amazon.com/images/M/MV5BN2RkYWVkZDQtNTMxMi00NWQ4LWE2ODctNmQzOWM2NjQzYzdlXkEyXkFqcGdeQXVyMjUzOTY1NTc@._V1_SX300.jpg','Mission: Impossible II','59/100',NULL,'tt0120755'),(146,'After a woman leaves a briefcase at the airport terminal, a dumb limo driver and his dumber friend set out on a hilarious cross-country road trip to Aspen to return it.','1994',107,7.3,390796,'https://m.media-amazon.com/images/M/MV5BZDQwMjNiMTQtY2UwYy00NjhiLTk0ZWEtZWM5ZWMzNGFjNTVkXkEyXkFqcGdeQXVyMTQxNzMzNDI@._V1_SX300.jpg','Dumb and Dumber','41/100','68%','tt0109686'),(147,'A genetically inferior man assumes the identity of a superior one in order to pursue his lifelong dream of space travel.','1997',106,7.8,309104,'https://m.media-amazon.com/images/M/MV5BODI3ZTc5NjktOGMyOC00NjYzLTgwZDYtYmQ4NDc1MmJjMjRlXkEyXkFqcGdeQXVyMTQxNzMzNDI@._V1_SX300.jpg','Gattaca','64/100','82%','tt0119177'),(148,'12-year-old Mathilda is reluctantly taken in by Léon, a professional assassin, after her family is murdered. An unusual relationship forms as she becomes his protégée and learns the assassin\'s trade.','1994',110,8.5,1174424,'https://m.media-amazon.com/images/M/MV5BOTgyMWQ0ZWUtN2Q2MS00NmY0LWI3OWMtNjFkMzZlNDZjNTk0XkEyXkFqcGdeQXVyMjUzOTY1NTc@._V1_SX300.jpg','Léon: The Professional','64/100','74%','tt0110413'),(149,'Two victims of traumatized childhoods become lovers and psychopathic serial murderers irresponsibly glorified by the mass media.','1994',119,7.2,239251,'https://m.media-amazon.com/images/M/MV5BNGNjNjU1YmEtZGM5MC00ODgzLWEyY2MtZmZmNTlhOGU4OWJjXkEyXkFqcGdeQXVyNTAyODkwOQ@@._V1_SX300.jpg','Natural Born Killers','74/100','48%','tt0110632'),(150,'A female gunfighter returns to a frontier town where a dueling tournament is being held, which she enters in an effort to avenge her father\'s death.','1995',108,6.5,97053,'https://m.media-amazon.com/images/M/MV5BOTI2ZTZmMmItMmM3YS00ZjUwLWJiODMtMmRjMWM4NDE0OWFhXkEyXkFqcGdeQXVyMTQxNzMzNDI@._V1_SX300.jpg','The Quick and the Dead','49/100','58%','tt0114214'),(151,'Book superstore magnate Joe Fox and independent book shop owner Kathleen Kelly fall in love in the anonymity of the Internet, both blissfully unaware that he\'s trying to put her out of business.','1998',119,6.7,218615,'https://m.media-amazon.com/images/M/MV5BZTcxNzgzZjMtYzZiZC00MmE1LTg3MzQtZDAxMTYyZWE4MDNhL2ltYWdlXkEyXkFqcGdeQXVyMTQxNzMzNDI@._V1_SX300.jpg','You\'ve Got Mail','57/100','70%','tt0128853'),(152,'A lazy law-school grad adopts a kid to impress his girlfriend, but everything doesn\'t go as planned and he becomes the unlikely foster father.','1999',93,6.4,222081,'https://m.media-amazon.com/images/M/MV5BOWJmZTExZTYtZjg1Mi00ZDFmLTk3MTYtZTUwYzkzODA2M2ZmXkEyXkFqcGdeQXVyNjk1Njg5NTA@._V1_SX300.jpg','Big Daddy','41/100','39%','tt0142342'),(153,'Recovering from an ambush that killed his entire team, a vengeful vampire slayer must retrieve an ancient Catholic relic that, should it be acquired by vampires, will allow them to walk in sunlight.','1998',108,6.1,60825,'https://m.media-amazon.com/images/M/MV5BMTlmYzc0YmEtNDQ3ZS00ZmFjLTkxMmEtZDY5NGVmOWQ0MzQwXkEyXkFqcGdeQXVyMTQxNzMzNDI@._V1_SX300.jpg','Vampires','42/100','42%','tt0120877'),(154,'An FBI undercover agent infiltrates the mob and finds himself identifying more with the mafia life, at the expense of his regular one.','1997',127,7.7,312761,'https://m.media-amazon.com/images/M/MV5BYzMzMDZkYWEtODIzNS00YjI3LTkxNTktOWEyZGM3ZWI2MWM4XkEyXkFqcGdeQXVyNzkwMjQ5NzM@._V1_SX300.jpg','Donnie Brasco','76/100','88%','tt0119008'),(155,'Two sons of a stern minister - one reserved, one rebellious - grow up in rural 1920s Montana while devoted to fly fishing.','1992',123,7.2,61931,'https://m.media-amazon.com/images/M/MV5BNzE4YWZkOWMtOWZlNS00NzU4LTk5MDQtZjZkNDllMjM1NGI1XkEyXkFqcGdeQXVyMTQxNzMzNDI@._V1_SX300.jpg','A River Runs Through It','68/100','80%','tt0105265'),(156,'Based on writer Susanna Kaysen\'s account of her 18-month stay at a mental hospital in the late 1960s.','1999',127,7.3,193641,'https://m.media-amazon.com/images/M/MV5BNzdjZDYwM2QtMGNlZS00MGQzLTlhMjctYTU4NWI5MWJlYmQwXkEyXkFqcGdeQXVyMTAwMzUyOTc@._V1_SX300.jpg','Girl, Interrupted','51/100','53%','tt0172493'),(157,'With the help of a magic ticket, a young movie fan is transported into the fictional world of his favorite action movie character.','1993',130,6.4,155074,'https://m.media-amazon.com/images/M/MV5BNjdhOGY1OTktYWJkZC00OGY5LWJhY2QtZmQzZDA2MzY5MmNmXkEyXkFqcGdeQXVyNDk3NzU2MTQ@._V1_SX300.jpg','Last Action Hero','44/100','38%','tt0107362'),(158,'A young girl on the threshold of her teen years finds her life turning upside down when she is accompanied by an unlikely friend.','1991',102,6.9,83217,'https://m.media-amazon.com/images/M/MV5BYWM2ZDliNjItZTcxOC00NTY2LWE1ODctNzRhNGM3YWIyYjBiXkEyXkFqcGdeQXVyNTIzOTk5ODM@._V1_SX300.jpg','My Girl','56/100','50%','tt0102492'),(159,'From Wichita to Dodge City, to the O.K. Corral in Tombstone, a man becomes a myth in this thrilling journey of romance, adventure, and desperate heroic action.','1994',191,6.7,52500,'https://m.media-amazon.com/images/M/MV5BZTY2NDVhZGUtZTY2MC00MTBhLTg4YTQtN2ZiODU4OWM2YTNjXkEyXkFqcGdeQXVyNTAyODkwOQ@@._V1_SX300.jpg','Wyatt Earp','47/100','31%','tt0111756'),(160,'A Witness Protection specialist becomes suspicious of his co-workers when dealing with a case involving high-tech weapons.','1996',115,6.2,113693,'https://m.media-amazon.com/images/M/MV5BNDNlZGNkY2YtNjA1NS00NDZhLWFhZGEtMzlmMWIyMDI1M2ZiXkEyXkFqcGdeQXVyMTUzMDUzNTI3._V1_SX300.jpg','Eraser','56/100','42%','tt0116213'),(161,'Concurrent theatrical ending of the TV series Neon Genesis Evangelion (1995).','1997',87,8,56737,'https://m.media-amazon.com/images/M/MV5BMjU0MzQwMmMtMWU3OS00MDc0LWIzOTItZmE1MjZlYmExMGJiXkEyXkFqcGdeQXVyNzI1NzMxNzM@._V1_SX300.jpg','Neon Genesis Evangelion: The End of Evangelion',NULL,'90%','tt0169858'),(162,'In the fourth outing for the vacation franchise, the Griswolds have to survive Vegas fever when they go to Las Vegas for a fun family vacation.','1997',93,5.9,50996,'https://m.media-amazon.com/images/M/MV5BZTIwMWEwZmQtMjI1ZS00NDdmLTgwMGItNmFiOTk1ZWQ5NGZiXkEyXkFqcGdeQXVyMTQxNzMzNDI@._V1_SX300.jpg','Vegas Vacation','20/100','16%','tt0120434'),(163,'Secret Service agent Frank Horrigan couldn\'t save Kennedy, but he\'s determined not to let a clever assassin take out this president.','1993',128,7.2,106998,'https://m.media-amazon.com/images/M/MV5BMjdhYjRlMTgtNTMzOS00OTZlLWIxMjAtNjM4NGY0NGQxODM3XkEyXkFqcGdeQXVyNDk3NzU2MTQ@._V1_SX300.jpg','In the Line of Fire','74/100','96%','tt0107206'),(164,'The March sisters live and grow in post-Civil War America.','1994',115,7.3,60252,'https://m.media-amazon.com/images/M/MV5BNzY2M2IzNWMtMWFkMS00ODk1LWI3NGYtNTBiYTc5MTA0Y2YzXkEyXkFqcGdeQXVyNDA5NTgxNjU@._V1_SX300.jpg','Little Women','87/100',NULL,'tt0110367'),(165,'U.S. Marshal Samuel Gerard and his team of Marshals are assigned to track down Sheridan, who has been accused of a double-murder.','1998',131,6.5,108211,'https://m.media-amazon.com/images/M/MV5BYmM1MTVhMzctMWVhNi00NDM0LWJlNGItMDE4ZTY0ZTAwODgzXkEyXkFqcGdeQXVyMjUzOTY1NTc@._V1_SX300.jpg','U.S. Marshals','47/100','30%','tt0120873'),(166,'A \"National Geographic\" film crew is taken hostage by an insane hunter, who forces them along on his quest to capture the world\'s largest - and deadliest - snake.','1997',89,4.8,106823,'https://m.media-amazon.com/images/M/MV5BZDc4ODcyNWMtMzI2Zi00YzcwLWE4ZTUtYWM3OWI1MTgwYTc1XkEyXkFqcGdeQXVyNzc5MjA3OA@@._V1_SX300.jpg','Anaconda','37/100','40%','tt0118615'),(167,'During a pro football strike, the owners hire substitute players.','2000',118,6.6,66366,'https://m.media-amazon.com/images/M/MV5BZGEwOWQzNmItM2FlNC00YTk3LTljNjYtNGQ1OTE2M2M4YzI0L2ltYWdlL2ltYWdlXkEyXkFqcGdeQXVyMTQxNzMzNDI@._V1_SX300.jpg','The Replacements','30/100','41%','tt0191397'),(168,'True story of Heinrich Harrer, an Austrian mountain climber who became friends with the Dalai Lama at the time of China\'s takeover of Tibet.','1997',136,7.1,147612,'https://m.media-amazon.com/images/M/MV5BYTNkMDMxMDMtMDlhNi00MzQxLTk4NTAtODc0YTFmNGVlNDAyXkEyXkFqcGdeQXVyMjUzOTY1NTc@._V1_SX300.jpg','Seven Years in Tibet','55/100','58%','tt0120102'),(169,'A computer programmer stumbles upon a conspiracy, putting her life and the lives of those around her in great danger.','1995',114,6,69842,'https://m.media-amazon.com/images/M/MV5BNjE4MjQyNjUtZTNmYy00ZmNlLTk2ODUtN2YzODIwNDdkM2EwXkEyXkFqcGdeQXVyMjUzOTY1NTc@._V1_SX300.jpg','The Net','51/100','44%','tt0113957'),(170,'A botched mid-air heist results in suitcases full of cash being searched for by various groups throughout the Rocky Mountains.','1993',113,6.5,132547,'https://m.media-amazon.com/images/M/MV5BYWNlYTI0MDctNDdjNS00MmUzLWE4MzYtZTNjOTNjYWJjZmM5XkEyXkFqcGdeQXVyMTUzMDUzNTI3._V1_SX300.jpg','Cliffhanger','60/100','67%','tt0106582'),(171,'A young street hustler attempts to escape the rigors and temptations of the ghetto in a quest for a better life.','1993',97,7.5,60499,'https://m.media-amazon.com/images/M/MV5BNGE3MGI0MzItNjJjNC00ZTUzLTlmZTctOGUyMDllMWM2OTcxXkEyXkFqcGdeQXVyMjQ1MjYzOTQ@._V1_SX300.jpg','Menace II Society','76/100','84%','tt0107554'),(172,'A data courier, literally carrying a data package inside his head, must deliver it before he dies from the burden or is killed by the Yakuza.','1995',96,5.6,73189,'https://m.media-amazon.com/images/M/MV5BNTdhYjEzYTEtYTkwZC00NzgxLWI0ZWEtYmEyMGZhOWYwMjE2XkEyXkFqcGdeQXVyMTQxNzMzNDI@._V1_SX300.jpg','Johnny Mnemonic','36/100','18%','tt0113481'),(173,'Young martial artists face their grandfather\'s foes when they accompany him to Japan to deliver a priceless dagger.','1994',93,4.5,9496,'https://m.media-amazon.com/images/M/MV5BMzFiNWI1MDQtMjg3Mi00YjIxLWI2NDktNjI0MmNiNjRjMDI5XkEyXkFqcGdeQXVyNjMwMjk0MTQ@._V1_SX300.jpg','3 Ninjas Kick Back','39/100','15%','tt0109015'),(174,'A teenager copes with his sexuality on the last day of school in 1984. It shows him coping with being gay and being with friends.','1998',99,6.8,6789,'https://m.media-amazon.com/images/M/MV5BMTY1YmJjMDQtYTVkMC00Mjc0LWJkOGEtZjcyYTczODNiMzY1XkEyXkFqcGdeQXVyNjc3MjQzNTI@._V1_SX300.jpg','Edge of Seventeen','67/100','80%','tt0138414'),(175,'','1995',85,0,0,'N/A','Betrayal',NULL,NULL,'tt0962637'),(176,'An elite mercenary is killed, but comes back from Hell as a reluctant soldier of the Devil.','1997',96,5.2,69586,'https://m.media-amazon.com/images/M/MV5BN2ZkMWFlODEtNzIyOC00NmU2LTg5MDQtYWQxY2UyYmQxZGJlL2ltYWdlL2ltYWdlXkEyXkFqcGdeQXVyMTQxNzMzNDI@._V1_SX300.jpg','Spawn','34/100','17%','tt0120177'),(177,'An aspiring writer is hired as a croupier at a casino, where he realizes that his life as a croupier would make a great novel.','1998',94,7,22386,'https://m.media-amazon.com/images/M/MV5BMmMwNDE5YmYtNzdmYy00ZTlmLWJkOWYtMDY5NDBiMGQyNTFmXkEyXkFqcGdeQXVyMjUzOTY1NTc@._V1_SX300.jpg','Croupier','75/100','95%','tt0159382'),(178,'Mr. Miyagi is back and he takes a new pupil under his wing: a troubled adolescent girl.','1994',107,4.5,31808,'https://m.media-amazon.com/images/M/MV5BYzQwOTVkZmQtMDMwNS00ZTQzLTlkODUtOWI0NDZkMjYxNWUwXkEyXkFqcGdeQXVyMTQxNzMzNDI@._V1_SX300.jpg','The Next Karate Kid','36/100','7%','tt0110657'),(179,'The story of the Apache chief and his armed resistance to the U.S. Government\'s subjugation of his people.','1993',115,6.5,12313,'https://m.media-amazon.com/images/M/MV5BNDRhZTYyYTEtMjA4My00MmI1LThkNTMtMjBkYmQ3ZDgwM2I1XkEyXkFqcGdeQXVyNjMwMjk0MTQ@._V1_SX300.jpg','Geronimo: An American Legend','58/100','48%','tt0107004'),(180,'An international spy teams up with an arms dealer to escape from a penal colony and rescue his family from a terrorist.','1997',93,4.8,35210,'https://m.media-amazon.com/images/M/MV5BMTEzZTczYjctOGY4Zi00MjFhLWJlMDctZjBiMWU2MDYwZTQ5XkEyXkFqcGdeQXVyNDc2NjEyMw@@._V1_SX300.jpg','Double Team','44/100','11%','tt0119013'),(181,'The life of an overweight, unhappy cook is changed after a kind, beautiful college drop-out comes to work as a waitress at his and his mother\'s road-side restaurant.','1995',105,6.8,5340,'https://m.media-amazon.com/images/M/MV5BNjI1NmE1NWQtZTdiYS00MjY4LThiMGMtMDk4NzNhODJmZjMyXkEyXkFqcGdeQXVyMzU4ODM5Nw@@._V1_SX300.jpg','Heavy','75/100','87%','tt0113280'),(182,'A woman must contend with rival strippers and her boss in an attempt to make a legitimate living.','1998',104,5.8,7001,'https://m.media-amazon.com/images/M/MV5BMTY0NDgwNzg4Ml5BMl5BanBnXkFtZTcwNzg3NTU0NA@@._V1_SX300.jpg','The Players Club',NULL,'31%','tt0119905'),(183,'During their college years, Anjali was in love with her best-friend Rahul, but he had eyes only for Tina. Years later, Rahul and the now-deceased Tina\'s eight-year-old daughter attempts to reunite her father and Anjali.','1998',177,7.6,53756,'https://m.media-amazon.com/images/M/MV5BNGNhNWMwNTgtZmNlOS00OGM3LWIxYzItOWQwZDJjMzQ3MzRlXkEyXkFqcGdeQXVyODE5NzE3OTE@._V1_SX300.jpg','Kuch Kuch Hota Hai',NULL,'80%','tt0172684'),(184,'A family describes their time within a religious cult, one that perpetuated pedophilia, sexual abuse, and prostitution.','1994',63,6.3,636,'https://m.media-amazon.com/images/M/MV5BMzkwOTE1YTUtYzc5Ni00NGExLThlMWMtNWRjMDEyZjBjNDQyXkEyXkFqcGdeQXVyNjc2NjkzNTg@._V1_SX300.jpg','Children of God',NULL,NULL,'tt6051792'),(185,'In the future, guns are banned and criminals are frozen for the duration of their sentences. A recent spate of killings involving handguns brings Michael Knight back to fight for justice, but he insists on the help of KITT, his ar...','1991',95,4.6,3312,'https://m.media-amazon.com/images/M/MV5BYmMwYjUwMDMtOWE3Zi00MDNhLTkyZDktYWI4ZDkyMDRhOWQxXkEyXkFqcGdeQXVyNjExODE1MDc@._V1_SX300.jpg','Knight Rider 2000',NULL,NULL,'tt0102227'),(186,'Prem and Nisha meet and fall in love at the wedding of their elder siblings, but their plans to be together are put in jeopardy when Nisha\'s sister dies, leaving behind a baby.','1994',206,7.5,21634,'https://m.media-amazon.com/images/M/MV5BZjc0ODAwMmItMmQwMy00MmRmLThjOGYtZGEwYjQ2ZjcyYzA3XkEyXkFqcGdeQXVyODE5NzE3OTE@._V1_SX300.jpg','Hum Aapke Hain Koun..!',NULL,NULL,'tt0110076'),(187,'A radio broadcaster\'s intense attraction to a mysterious woman opens the door to a tidal wave of powerful emotions and desires.','1998',163,7.5,29512,'https://m.media-amazon.com/images/M/MV5BNWFjNGIxYWUtZDFmNy00NzRkLThkYWItZjBiNTJlNGE3MTA0XkEyXkFqcGdeQXVyODE0NjUxNzY@._V1_SX300.jpg','Dil Se..',NULL,'60%','tt0164538'),(188,'Live from New York City, Jerry Seinfeld, aided and abetted by a host of friends and fellow comedians, performs his 1998 Emmy-nominated performance on Broadway.','1998',75,7.8,5994,'https://m.media-amazon.com/images/M/MV5BNDM4OTY0NTAyMF5BMl5BanBnXkFtZTcwNTcxMDQyMQ@@._V1_SX300.jpg','Jerry Seinfeld: \'I\'m Telling You for the Last Time\'',NULL,NULL,'tt0500140'),(189,'A self-absorbed Black American fashion model on a photo shoot in Africa is spiritually transported back to a plantation in the West Indies where she experiences first-hand the physical and psychic horrors of chattel slavery, and e...','1993',125,7,743,'https://m.media-amazon.com/images/M/MV5BM2E0MGI2NWEtMWM5MC00MGYzLWFhMTUtZmZmOTMxOTc1OWEzXkEyXkFqcGdeQXVyNzMzMjU5NDY@._V1_SX300.jpg','Sankofa','93/100','93%','tt0108041'),(190,'A naive man appointed as an acting mayor of a small town turns into a corrupt politician capable of anything to stay in power.','1999',123,7.8,6403,'https://m.media-amazon.com/images/M/MV5BYTg3Y2YxMmUtZWI2Zi00MGIyLTlkZjktMjM0M2FmOWM1MDBmXkEyXkFqcGdeQXVyODY5Njk4Njc@._V1_SX300.jpg','Herod\'s Law','64/100','68%','tt0221344'),(191,'A biopic based on the life of one of the pioneer argentine rock stars \'Tanguito\'. The movie tells the story of his rise and fall from grace, encompassed in violent times of a military regime.','1993',124,6.7,1632,'https://m.media-amazon.com/images/M/MV5BZTQzMGE5YWEtMGIyOS00ZmMwLWI5MTUtMjBlZWQ2OTE2MTY3XkEyXkFqcGdeQXVyMzAzODY0NzE@._V1_SX300.jpg','Wild Tango',NULL,NULL,'tt0108291'),(192,'In late 1944, even as they faced imminent defeat, the Nazis expended enormous resources to kill or deport over 425,000 Jews during the \"cleansing\" of Hungary. This Oscar-winning documentary, executive produced by Steven Spielberg,...','1998',87,7.9,4823,'https://m.media-amazon.com/images/M/MV5BY2YwYWFjNjYtNGE0OC00ZWZmLTljNDAtY2M4NDJkY2M0MjQ4XkEyXkFqcGdeQXVyNDE4MTMzNw@@._V1_SX300.jpg','The Last Days','85/100','92%','tt0174852'),(193,'Catch Sam Kinison in his last recorded special. Filmed live at the Wiltern Theatre, Sam\'s not only provides the screaming comedy you\'ve come to love him for, but he bookends this special with rock performances!','1991',50,6.5,288,'https://m.media-amazon.com/images/M/MV5BMTg5ODE3NDA2NV5BMl5BanBnXkFtZTcwMjUxNTEyMQ@@._V1_SX300.jpg','The Sam Kinison Family Entertainment Hour',NULL,NULL,'tt0249934'),(194,'Bill Hicks in the height of his genius. Recorded at the Dominion Theatre in London, Hicks opens our eyes and minds to the hypocrisy and ludicrousness of the world around us.','1993',57,8.5,3159,'https://m.media-amazon.com/images/M/MV5BMjM1OTAwMDE3N15BMl5BanBnXkFtZTgwNjkzMzYwNzE@._V1_SX300.jpg','Bill Hicks: Revelations',NULL,NULL,'tt0152183'),(195,'A Hindu man and a Muslim woman fall in love in a small village and move to Mumbai, where they have two children. However, growing religious tensions and erupting riots threaten to tear the family apart.','1995',130,8.1,12972,'https://m.media-amazon.com/images/M/MV5BYTczNDcyNzctZGVjYS00NGNmLWFkYzAtNWVjNTk3NjM3MzhjXkEyXkFqcGdeQXVyODEzOTQwNTY@._V1_SX300.jpg','Bombay',NULL,NULL,'tt0112553'),(196,'A young woman falls in love with a handsome playboy, while aboard a Singapore to India cruise. They make plans to meet again, but fate may have other plans...','1999',160,6.1,5622,'https://m.media-amazon.com/images/M/MV5BZmM3YzU3NmEtMmM4ZS00YWQwLWJjYTktZDAyMTI4MTY2MmVlXkEyXkFqcGdeQXVyODE5NzE3OTE@._V1_SX300.jpg','Mann - Soul\'s Heart',NULL,NULL,'tt0206921'),(197,'The story follows a young man (Bobby Deol) who flees India and arrives in Australia seeking vengence for something that started in India. In Australia he meets and falls in love with the daughter of a rich and powerful man(Suresh ...','1998',156,6.3,3117,'https://m.media-amazon.com/images/M/MV5BMTcyMTc1OTczMV5BMl5BanBnXkFtZTcwNzE2ODgzMQ@@._V1_SX300.jpg','Soldier',NULL,'15%','tt0211634'),(198,'Sinbad\'s special from Denver talking about family and his life experiences. Also takes Q&amp;A from the audience.','1996',56,7.1,128,'https://m.media-amazon.com/images/M/MV5BMTYyODUwNjcxOF5BMl5BanBnXkFtZTcwNzU5Nzc0MQ@@._V1_SX300.jpg','Sinbad: Son of a Preacher Man',NULL,NULL,'tt0938333'),(199,'After witnessing a rape in her own household, Damini fights for justice for the deceased victim. However, she faces a bunch of challenges until she meets a disgraced lawyer who decides to fight the case and bring the culprits to j...','1993',175,7.8,3675,'https://m.media-amazon.com/images/M/MV5BNmIyYjRiNzAtODhlYy00MWVhLWIyZjAtNTljMzY1YjY3Y2I0XkEyXkFqcGdeQXVyNjc5Mjg4Nzc@._V1_SX300.jpg','Damini',NULL,NULL,'tt0106655'),(200,'Ramkishen and Mamta have three sons Vivek , Prem and Vinod and a daughter Sangeeta. This family is part of a joint family whose close knit bond is challenged by a misunderstanding.','1999',177,6.3,8912,'https://m.media-amazon.com/images/M/MV5BMTc2NDQ5OTIzNl5BMl5BanBnXkFtZTgwMTI5ODUzNzE@._V1_SX300.jpg','Hum Saath-Saath Hain',NULL,NULL,'tt0216817'),(201,'The story is set in the 12th century in Arab-ruled Spanish province Andalusia, where famed philosopher Averroes is appointed grand judge by the caliph and his liberal court judgments are not liked by everyone. The caliph\'s politic...','1997',135,7.2,2990,'https://m.media-amazon.com/images/M/MV5BZDQzNWE4NDQtNGE3YS00OTNkLTk3YjEtYTdkYTYyNDhkNDYwXkEyXkFqcGdeQXVyMjI4NzAzNjg@._V1_SX300.jpg','Destiny',NULL,NULL,'tt0119629'),(203,'A Palestinian expatriate filmmaker (Elia Suleiman) documents the loss of national identity in Israel\'s Arab population.','1996',88,6.9,775,'https://m.media-amazon.com/images/M/MV5BMTc3ODMwMzg1NV5BMl5BanBnXkFtZTcwNjg3NjAzMQ@@._V1_SX300.jpg','Chronicle of a Disappearance',NULL,'83%','tt0115895'),(204,'The movie is about a loyal servant, Muthu (Rajni), working for Zamindar Malayasimman (Sarath Babu) and the cunning plans by the uncle of Malasimman to capture the whole wealth which uncovers some mystery about Muthu.','1995',132,7.5,3302,'https://m.media-amazon.com/images/M/MV5BZGU3YjNlNTEtZTFiOS00YjlkLTljMWQtY2UyNmJhNWRjZWFiXkEyXkFqcGdeQXVyMjMwODI3NDE@._V1_SX300.jpg','Muthu',NULL,NULL,'tt0140399'),(205,'The father of twin brothers wants to get them married to only twin sisters. But one of the brothers falls in love with a woman does not have a twin sister.','1998',175,6.4,3722,'https://m.media-amazon.com/images/M/MV5BYjQ2NjhmMmItMDFmZC00ODg4LTlkYjEtMDZkOGI5OWYxY2VjXkEyXkFqcGdeQXVyMTEzNzg0Mjkx._V1_SX300.jpg','Jeans',NULL,NULL,'tt0151121'),(206,'This reunion show features the five surviving members of Monty Python, with Graham Chapman\'s ashes in attendance. The Pythons look back at their work and receive an American Film Industry award. It also features some memorable mom...','1998',58,7.8,1114,'https://m.media-amazon.com/images/M/MV5BZDNlZmQ3NzgtYzQ5Yi00NWVlLWE4MjktMjIxZjdmNTE0YTg0XkEyXkFqcGdeQXVyNjExODE1MDc@._V1_SX300.jpg','Monty Python\'s Flying Circus: Live at Aspen',NULL,NULL,'tt0287570'),(207,'Thomas loves Priya from their high school days but is afraid to confess. So he resorts to his friend Deva, to convince Priya. However, a tricky situation arises when Priya falls in love with Deva.','1997',153,6.7,1273,'https://m.media-amazon.com/images/M/MV5BYTgwYmIyOTctZjQ3Zi00NDEyLThiODItMzA0YmNmZmNlY2QxXkEyXkFqcGdeQXVyMTEzNzg0Mjkx._V1_SX300.jpg','Minsaara Kanavu',NULL,NULL,'tt0274789'),(208,'In order to evade the law, a ruthless don tries to kill his lookalike; a chef and tries to take his place.','1998',164,5.5,7866,'https://m.media-amazon.com/images/M/MV5BYzkyZGRkYjEtZGJlNS00YzQ4LWJiNWYtMThhM2VlMWJmMzRiXkEyXkFqcGdeQXVyODE5NzE3OTE@._V1_SX300.jpg','Duplicate',NULL,NULL,'tt0164550'),(209,'A man disguises himself as a nanny to be with his daughter after his divorce.','1996',161,7.9,2700,'https://m.media-amazon.com/images/M/MV5BMDMzMWJhNWEtNGNmYi00Y2RkLWE3MzgtNTZmMzhjNTk0ZjhiXkEyXkFqcGdeQXVyMTEzNzg0Mjkx._V1_SX300.jpg','Avvai Shanmugi',NULL,NULL,'tt0139872'),(210,'Vijay falls in love Shivani and proposes her only to be rejected every time. However his love turns into an obsession and turns her life into a hell.','1994',170,6.6,6766,'https://m.media-amazon.com/images/M/MV5BZDQwNTQ2NzAtNTFiNy00NzUyLWE3MTMtYjUzMjFlMzgwZWRmXkEyXkFqcGdeQXVyODE5NzE3OTE@._V1_SX300.jpg','Anjaam',NULL,NULL,'tt0109134'),(211,'In the early 1980s, football star Ricky Bell befriends Ryan Blankenship, a disabled boy.','1991',100,7.2,253,'https://m.media-amazon.com/images/M/MV5BMTc2NTQ2MDk1Nl5BMl5BanBnXkFtZTcwNDI1NTkxMQ@@._V1_SX300.jpg','A Triumph of the Heart: The Ricky Bell Story',NULL,NULL,'tt0103123'),(212,'In order to seek justice for a man who exacts vengeance on a politician, who was responsible for his daughter\'s death, two rival reporters teams up to help him to prove his innocence.','2000',160,6.1,7877,'https://m.media-amazon.com/images/M/MV5BNDI4MGFiY2UtY2JhZC00Y2U0LWExM2MtZWY0MWFjYTdkNTkzXkEyXkFqcGdeQXVyOTk3NTc2MzE@._V1_SX300.jpg','Phir Bhi Dil Hai Hindustani',NULL,NULL,'tt0222270'),(213,'Farah and Issa, two streetwise children living in Beirut\'s Palestinian Shatila refugee camp, use their imaginations and creativity to come to terms with the realities of growing up in a refugee camp that has survived massacre, sie...','1998',50,8.2,100,'https://m.media-amazon.com/images/M/MV5BMTgxMDY3NjUxMF5BMl5BanBnXkFtZTcwNTY4OTUyMQ@@._V1_SX300.jpg','Children of Shatila',NULL,NULL,'tt0243174'),(214,'In his second Showtime stand-up comedy special taped at The Power Center for the Performing Arts in Ann Arbor, Michigan, Tim Allen proudly grunts his way through a discussion of \"men stuff.\"','1991',30,0,204,'https://m.media-amazon.com/images/M/MV5BODM1NjM2M2QtZDg0MS00MzA0LTlhN2QtNjliNzk4YWFlZmVlXkEyXkFqcGdeQXVyNTM3MDMyMDQ@._V1_SX300.jpg','Tim Allen Rewires America',NULL,NULL,'tt0294967'),(215,'In April, 1975, civil war breaks out; Beirut is partitioned along a Moslem-Christian line. Tarek is in high school, making Super 8 movies with his friend, Omar. At first the war is a lark: school has closed, the violence is fascin...','1998',105,7.6,4424,'https://m.media-amazon.com/images/M/MV5BNzE0NzdkMmUtNTJlOC00ZGEyLTg1MDctZjdhNDQ4MTc5YzkyXkEyXkFqcGdeQXVyMTMxMTY0OTQ@._V1_SX300.jpg','West Beirut',NULL,'94%','tt0157183'),(216,'A Tantric believes that by donating a virgin woman\'s head to gods crown, would bring down the universe to his feet. How the hero and heroine gets entangled in the underworld nexus, while rescuing the robbery, forms the crux of the...','1993',145,6.7,362,'https://m.media-amazon.com/images/M/MV5BZDQxYjc0NGEtYjIyZi00ZmFjLThiMWItNTUwMjAxYWE1OTgxXkEyXkFqcGdeQXVyNjQ2MjQ5NzM@._V1_SX300.jpg','Govindha Govindha',NULL,NULL,'tt0187096'),(217,'A French photograher is kidnapped and held hostage in a war-torn Beirut. Slowly but surely his integrity and self-respect is broken.','1991',97,6.9,411,'https://m.media-amazon.com/images/M/MV5BMTg3NjcxNDA3Ml5BMl5BanBnXkFtZTcwNTgxNzYxMQ@@._V1_SX300.jpg','Out of Life',NULL,NULL,'tt0102058'),(218,'Roshni Chadha is the only child of Sharda Chhadha, and has no knowledge of the whereabouts of her absconding dad, Prakash Chhadha. Roshni is introduced to Rahul Malhotra and both are attracted to each other. Rahul finds out that s...','1993',149,6.1,854,'https://m.media-amazon.com/images/M/MV5BYWE4MWNiYzYtYzI5MS00MjRiLThiNjItYzdiODRlZDY2ZGFiXkEyXkFqcGdeQXVyOTI1NzYyOTE@._V1_SX300.jpg','Gumrah',NULL,NULL,'tt0107060'),(219,'Sinbad hosts a stand up special from Aruba.','1997',56,6.4,70,'https://m.media-amazon.com/images/M/MV5BNGM0NjI1MWYtZTcyNC00YWVhLWIwNzAtZDk5ZTU4MDRjMmViXkEyXkFqcGdeQXVyMTgwOTE5NDk@._V1_SX300.jpg','Sinbad: Nuthin\' But the Funk',NULL,NULL,'tt0938332'),(220,'In his second HBO comedy special, stand-up comedian Sinbad takes a nostalgic trip to the 1970s and jokes about the black culture from that decade, and pays homage to the Blaxploitation films and black family life during that era.','1993',60,8,186,'https://m.media-amazon.com/images/M/MV5BYjNiMzg0YTAtNzVlNC00NGE5LTlkZmMtNWI3NWE4ZmFlZmU0XkEyXkFqcGdeQXVyMTgwOTE5NDk@._V1_SX300.jpg','Sinbad: Afros and Bellbottoms',NULL,NULL,'tt0938331'),(221,'In 1993 Fiza\'s brother Aman disappears during the riots in Mumbai. In 1999 Fiza is tired of waiting and goes looking for him.','2000',170,6,4322,'https://m.media-amazon.com/images/M/MV5BMDk4YjE4NmYtZTE0Mi00N2IwLTlhZmUtZDMzOWJjMzJiZmEzXkEyXkFqcGdeQXVyOTA0NTIzNzU@._V1_SX300.jpg','Fiza',NULL,NULL,'tt0248012'),(222,'The pre-Monty Python years of the six members of the group. Covers their school and university days, their first individual forays into comedy, how the parts slowly came together and Monty Python\'s eventual formation.','2008',55,7.3,177,'https://m.media-amazon.com/images/M/MV5BNjliNzkyOWQtMTQxOS00ZDdhLWE4NGItZGRlNjVjNGI0YjExXkEyXkFqcGdeQXVyMjg2MDcyMw@@._V1_SX300.jpg','Monty Python: Before the Flying Circus',NULL,NULL,'tt9230920'),(223,'Egyptian director Youssef Chahine exposes the links between power and fanaticism and denounces intolerance in this bitter portrait of the Egyptian business world, where unconditional drive for money rules. Adam (Hani Salama), the ...','1999',105,5.9,1030,'https://m.media-amazon.com/images/M/MV5BOWIyNWY5MDYtOTQ1Yy00NmIzLWI5OWUtN2UzNmFlNzZjM2ViXkEyXkFqcGdeQXVyMjg0MzMwNzg@._V1_SX300.jpg','The Other',NULL,NULL,'tt0196355'),(224,'Karan (Sunny Deol) a lawyer crusades for truth, fairness and justice, is the son of Chandrakant (Shafi Inamdar) a journalist who uses his journalistic expertise to expose and unmask Justice Dharmesh Agnihotri, who is known as \'Dag...','1991',142,4.5,212,'https://m.media-amazon.com/images/M/MV5BNWY4MTlkZTgtMmJkZi00NGEyLTg3NjAtMGMzODNiYjViNGI1XkEyXkFqcGdeQXVyMjU4NDY1ODA@._V1_SX300.jpg','Yodha',NULL,NULL,'tt0267130'),(225,'The biblical tale of Joseph is told from an Egyptian perspective in this interesting character study. In this film, Joseph is called Ram. Ram, tired of his family\'s backward superstitious life, and tired of being picked on by his ...','1994',129,6.5,1055,'https://m.media-amazon.com/images/M/MV5BMmZkMDNhODEtZWRmNi00ZDg3LWIyNDktOGFhY2QzZGRkNzIyXkEyXkFqcGdeQXVyMjg0MzMwNzg@._V1_SX300.jpg','Al-mohager',NULL,NULL,'tt0110545'),(226,'A police officer receives a heart transplant from a murdered man whose ghost then follows him around insisting that he solve and avenge his murder.','1999',139,4.6,4369,'https://m.media-amazon.com/images/M/MV5BMjk1MDczMGQtY2RkNS00OGVhLWJhNzYtNWMwMzFhNTcyNjczXkEyXkFqcGdeQXVyODE5NzE3OTE@._V1_SX300.jpg','Hello Brother',NULL,NULL,'tt0233856'),(227,'In order to settle personal scores; two gang leaders, Jai Singh and Oberoi fight for many years in gang-wars. There enmity multiplies when Jai\'s younger brother, Suraj falls in love with Oberoi\'s sister, Sapna which forces Suraj a...','1995',156,5,257,'https://m.media-amazon.com/images/M/MV5BMGY1MTA4NTQtMWU4Yy00ZWMyLWFhMTEtMTVmNGRkY2ZhYmEzXkEyXkFqcGdeQXVyODE5NzE3OTE@._V1_SX300.jpg','Dushmani: A Violent Love Story',NULL,NULL,'tt0112916'),(228,'The recounting of a terrible crime that wracked a family and galvanized police in South Carolina in the 1980\'s.','1991',100,5.6,360,'https://m.media-amazon.com/images/M/MV5BOWZlMmEyNWItMWVhNi00M2M5LWE3NDctMDUzZjJlMmEzYjljXkEyXkFqcGdeQXVyMDc4MTI5Nw@@._V1_SX300.jpg','Nightmare in Columbia County',NULL,NULL,'tt0102537'),(229,'Shankar and Chanchal earn their living by doing road shows. Once, Shankar sees Natasha on a circus poster and dreams of working with her. He gets an offer to work in the circus in Russia','1991',162,5.6,78,'https://m.media-amazon.com/images/M/MV5BNjNjZjQwMDAtMzY3Ni00NGU3LWFkMDQtYTZjMmFhZTEzM2EzXkEyXkFqcGdeQXVyODE5NzE3OTE@._V1_SX300.jpg','Shikari: The Hunter',NULL,NULL,'tt0170416'),(230,'A freak storm unleashes a species of bloodthirsty creatures on a small town, where a small band of citizens hole up in a supermarket and fight for their lives.','2007',126,7.1,317146,'https://m.media-amazon.com/images/M/MV5BMTU2NjQyNDY1Ml5BMl5BanBnXkFtZTcwMTk1MDU1MQ@@._V1_SX300.jpg','The Mist','58/100','72%','tt0884328'),(231,'Cady Heron is a hit with The Plastics, the A-list girl clique at her new school, until she makes the mistake of falling for Aaron Samuels, the ex-boyfriend of alpha Plastic Regina George.','2004',97,7.1,392544,'https://m.media-amazon.com/images/M/MV5BMjE1MDQ4MjI1OV5BMl5BanBnXkFtZTcwNzcwODAzMw@@._V1_SX300.jpg','Mean Girls','66/100','84%','tt0377092'),(232,'Barely 21 yet, Frank is a skilled forger who has passed as a doctor, lawyer and pilot. FBI agent Carl becomes obsessed with tracking down the con man, who only revels in the pursuit.','2002',141,8.1,995005,'https://m.media-amazon.com/images/M/MV5BMTY5MzYzNjc5NV5BMl5BanBnXkFtZTYwNTUyNTc2._V1_SX300.jpg','Catch Me If You Can','75/100','96%','tt0264464'),(233,'Three friends attempt to recapture their glory days by opening up a fraternity near their alma mater.','2003',88,7,235728,'https://m.media-amazon.com/images/M/MV5BN2VjNDQ4MDctMDY3Yy00MmZmLTlhM2MtMWE4NjJhZTlmNTAxL2ltYWdlXkEyXkFqcGdeQXVyMTQxNzMzNDI@._V1_SX300.jpg','Old School','54/100','60%','tt0302886'),(234,'In the 1970s, an anchorman\'s stint as San Diego\'s top-rated newsreader is challenged when an ambitious newswoman becomes his co-anchor.','2004',94,7.1,362821,'https://m.media-amazon.com/images/M/MV5BMTQ2MzYwMzk5Ml5BMl5BanBnXkFtZTcwOTI4NzUyMw@@._V1_SX300.jpg','Anchorman: The Legend of Ron Burgundy','63/100','66%','tt0357413'),(235,'A thief who steals corporate secrets through the use of dream-sharing technology is given the inverse task of planting an idea into the mind of a C.E.O., but his tragic past may doom the project and his team to disaster.','2010',148,8.8,2379638,'https://m.media-amazon.com/images/M/MV5BMjAxMzY3NjcxNF5BMl5BanBnXkFtZTcwNTI5OTM0Mw@@._V1_SX300.jpg','Inception','74/100','87%','tt1375666'),(236,'An undercover cop and a mole in the police attempt to identify each other while infiltrating an Irish gang in South Boston.','2006',151,8.5,1337142,'https://m.media-amazon.com/images/M/MV5BMTI1MTY2OTIxNV5BMl5BanBnXkFtZTYwNjQ4NjY3._V1_SX300.jpg','The Departed','85/100','91%','tt0407887'),(237,'A family looks to prevent evil spirits from trapping their comatose child in a realm called The Further.','2010',103,6.8,314604,'https://m.media-amazon.com/images/M/MV5BMTYyOTAxMDA0OF5BMl5BanBnXkFtZTcwNzgwNTc1NA@@._V1_SX300.jpg','Insidious','52/100','66%','tt1591095'),(238,'An alien invasion threatens the future of humanity. The catastrophic nightmare is depicted through the eyes of one American family fighting for survival.','2005',116,6.5,455590,'https://m.media-amazon.com/images/M/MV5BNDUyODAzNDI1Nl5BMl5BanBnXkFtZTcwMDA2NDAzMw@@._V1_SX300.jpg','War of the Worlds','73/100','75%','tt0407304'),(239,'A frustrated office worker discovers that he is the son of a professional assassin, and that he shares his father\'s superhuman killing abilities.','2008',110,6.7,394192,'https://m.media-amazon.com/images/M/MV5BMTQwNDM2MTMwMl5BMl5BanBnXkFtZTgwMjE4NjQxMTE@._V1_SX300.jpg','Wanted','64/100','71%','tt0493464'),(240,'After earning 00 status and a licence to kill, secret agent James Bond sets out on his first mission as 007. Bond must defeat a private banker funding terrorists in a high-stakes game of poker at Casino Royale, Montenegro.','2006',144,8,665357,'https://m.media-amazon.com/images/M/MV5BYmI3MmMzMGMtNzc4Ni00YWQ4LWFkMDYtNjVlOWU3ZGZiNjY1XkEyXkFqcGdeQXVyNDQ2MTMzODA@._V1_SX300.jpg','Casino Royale','80/100','94%','tt0381061'),(241,'An Eastern European tourist unexpectedly finds himself stranded in JFK airport, and must take up temporary residence there.','2004',128,7.4,467332,'https://m.media-amazon.com/images/M/MV5BYzY3YzNlZjctZTNiNC00MjUzLTlhM2ItNjdkNzAwMDhmYmRmXkEyXkFqcGdeQXVyMjgyNjk3MzE@._V1_SX300.jpg','The Terminal','55/100','61%','tt0362227'),(242,'A law firm brings in its \"fixer\" to remedy the situation after a lawyer has a breakdown while representing a chemical company that he knows is guilty in a multibillion-dollar class action suit.','2007',119,7.2,168119,'https://m.media-amazon.com/images/M/MV5BMTc0NTU5MjI2MV5BMl5BanBnXkFtZTcwMTg5NTQzMw@@._V1_SX300.jpg','Michael Clayton','82/100','91%','tt0465538'),(243,'A mob enforcer\'s son in 1930s Illinois witnesses a murder, forcing him and his father to take to the road, and his father down a path of redemption and revenge.','2002',117,7.7,272888,'https://m.media-amazon.com/images/M/MV5BNjcxMmQ0MmItYTkzYy00MmUyLTlhOTQtMmJmNjE3MDMwYjdlXkEyXkFqcGdeQXVyNzkwMjQ5NzM@._V1_SX300.jpg','Road to Perdition','72/100','81%','tt0257044'),(244,'A frustrated son tries to determine the fact from fiction in his dying father\'s life.','2003',125,8,445355,'https://m.media-amazon.com/images/M/MV5BZTNlNTQzMGEtYjU4Yi00MzEzLThmMTQtNmM0NzcxZWI1MTk0XkEyXkFqcGdeQXVyMjUzOTY1NTc@._V1_SX300.jpg','Big Fish','58/100','75%','tt0319061'),(245,'During the Iraq War, a Sergeant recently assigned to an army bomb squad is put at odds with his squad mates due to his maverick way of handling his work.','2008',131,7.5,456827,'https://m.media-amazon.com/images/M/MV5BYWYxZjU2MmQtMmMzYi00ZWUwLTg2ZWQtMDExZTVlYjM3ZWM1XkEyXkFqcGdeQXVyNzkwMjQ5NzM@._V1_SX300.jpg','The Hurt Locker','95/100','97%','tt0887912'),(246,'An adaptation of Homer\'s great epic, the film follows the assault on Troy by the united Greek forces and chronicles the fates of the men involved.','2004',163,7.3,542904,'https://m.media-amazon.com/images/M/MV5BMTk5MzU1MDMwMF5BMl5BanBnXkFtZTcwNjczODMzMw@@._V1_SX300.jpg','Troy','56/100','53%','tt0332452'),(247,'Detective Sherlock Holmes and his stalwart partner Watson engage in a battle of wits and brawn with a nemesis whose plot is a threat to all of England.','2009',128,7.6,641644,'https://m.media-amazon.com/images/M/MV5BMTg0NjEwNjUxM15BMl5BanBnXkFtZTcwMzk0MjQ5Mg@@._V1_SX300.jpg','Sherlock Holmes','57/100','69%','tt0988045'),(248,'Follows the lives of eight very different couples in dealing with their love lives in various loosely interrelated tales all set during a frantic month before Christmas in London, England.','2003',135,7.6,500876,'https://m.media-amazon.com/images/M/MV5BNThkNjgxNGQtOTIxMy00ZTFmLWIwMDItYzE5YzM3ZDMzNDE3XkEyXkFqcGdeQXVyMTUyNjc3NDQ4._V1_SX300.jpg','Love Actually','55/100','64%','tt0314331'),(249,'Maxwell Smart, a highly intellectual but bumbling spy working for the CONTROL agency, is tasked with preventing a terrorist attack from rival spy agency KAOS.','2008',110,6.5,221134,'https://m.media-amazon.com/images/M/MV5BMTY0NzQ4MDU0NV5BMl5BanBnXkFtZTcwMzA2NzQ2MQ@@._V1_SX300.jpg','Get Smart','54/100','51%','tt0425061'),(250,'James Bond descends into mystery as he tries to stop a mysterious organisation from eliminating a country\'s most valuable resource.','2008',106,6.6,454501,'https://m.media-amazon.com/images/M/MV5BMzhjYzlmYjQtYmU0Yy00NjNkLWFmOTQtZjQxZWU4NjY1Y2M4XkEyXkFqcGdeQXVyMjUzOTY1NTc@._V1_SX300.jpg','Quantum of Solace','58/100','64%','tt0830515'),(251,'The story of Michael Oher, a homeless and traumatized boy who became an All-American football player and first-round NFL draft pick with the help of a caring woman and her family.','2009',129,7.6,337559,'https://m.media-amazon.com/images/M/MV5BMjEzOTE3ODM3OF5BMl5BanBnXkFtZTcwMzYyODI4Mg@@._V1_SX300.jpg','The Blind Side','53/100','66%','tt0878804'),(252,'Stranded at a desolate Nevada motel during a nasty rain storm, ten strangers become acquainted with each other when they realize that they\'re being killed off one by one.','2003',90,7.3,253737,'https://m.media-amazon.com/images/M/MV5BMjE2NzgyNDYzNl5BMl5BanBnXkFtZTYwODM2Nzc2._V1_SX300.jpg','Identity','64/100','63%','tt0309698'),(253,'Years after a plague kills most of humanity and transforms the rest into monsters, the sole survivor in New York City struggles valiantly to find a cure.','2007',101,7.2,769161,'https://m.media-amazon.com/images/M/MV5BYTE1ZTBlYzgtNmMyNS00ZTQ2LWE4NjEtZjUxNDJkNTg2MzlhXkEyXkFqcGdeQXVyNjU0OTQ0OTY@._V1_SX300.jpg','I Am Legend','65/100','68%','tt0480249'),(254,'After their high school basketball coach passes away, five good friends and former teammates reunite for a Fourth of July holiday weekend.','2010',102,5.9,257253,'https://m.media-amazon.com/images/M/MV5BMjA0ODYwNzU5Nl5BMl5BanBnXkFtZTcwNTI1MTgxMw@@._V1_SX300.jpg','Grown Ups','30/100','11%','tt1375670'),(255,'A teenager\'s dreams come true when a former porn star moves in next door and they fall in love.','2004',109,6.7,228257,'https://m.media-amazon.com/images/M/MV5BMTQ0ODIyMzE1N15BMl5BanBnXkFtZTcwODEwODczMw@@._V1_SX300.jpg','The Girl Next Door','47/100','56%','tt0265208'),(256,'The Feds try to take down notorious American gangsters John Dillinger, Baby Face Nelson, and Pretty Boy Floyd during a booming crime wave in the 1930s.','2009',140,7,307336,'https://m.media-amazon.com/images/M/MV5BMGI4YTIxMDQtNDlmNC00ZDJhLWIyZGItM2QyODRiMTEzN2ViXkEyXkFqcGdeQXVyNTAyODkwOQ@@._V1_SX300.jpg','Public Enemies','70/100','68%','tt1152836'),(257,'A sendup of all the teen movies that have accumulated in the past two decades.','2001',89,5.7,108496,'https://m.media-amazon.com/images/M/MV5BNWFkYmJiZjQtYWMzZC00OGIyLThkZjktY2JlNGI4MGU0NjY5XkEyXkFqcGdeQXVyNDUzNzgxODE@._V1_SX300.jpg','Not Another Teen Movie','32/100',NULL,'tt0277371'),(258,'The story of how George Jung, along with the Medellín Cartel headed by Pablo Escobar, established the American cocaine market in the 1970s in the United States.','2001',124,7.5,264200,'https://m.media-amazon.com/images/M/MV5BYjg5ZDkzZWEtZDQ2ZC00Y2ViLThhMzYtMmIxZDYzYTY2Y2Y2XkEyXkFqcGdeQXVyODAwMTU1MTE@._V1_SX300.jpg','Blow','52/100','55%','tt0221027'),(259,'Hancock is a superhero whose ill-considered behavior regularly causes damage in the millions. He changes when the person he saves helps him improve his public image.','2008',92,6.4,490033,'https://m.media-amazon.com/images/M/MV5BMTgyMzc4ODU3NV5BMl5BanBnXkFtZTcwNjk5Mzc1MQ@@._V1_SX300.jpg','Hancock','49/100','41%','tt0448157'),(260,'A struggling salesman takes custody of his son as he\'s poised to begin a life-changing professional career.','2006',117,8,522447,'https://m.media-amazon.com/images/M/MV5BMTQ5NjQ0NDI3NF5BMl5BanBnXkFtZTcwNDI0MjEzMw@@._V1_SX300.jpg','The Pursuit of Happyness','64/100','67%','tt0454921'),(261,'Based on the life of Aileen Wuornos, a Daytona Beach prostitute who became a serial killer.','2003',109,7.3,154106,'https://m.media-amazon.com/images/M/MV5BMTI4NzI5NzEwNl5BMl5BanBnXkFtZTcwNjc1NjQyMQ@@._V1_SX300.jpg','Monster','74/100','81%','tt0340855'),(262,'In Thailand, John Rambo joins a group of mercenaries to venture into war-torn Burma, and rescue a group of Christian aid workers who were kidnapped by the ruthless local infantry unit.','2008',92,7,235731,'https://m.media-amazon.com/images/M/MV5BMTI5Mjg1MzM4NF5BMl5BanBnXkFtZTcwNTAyNzUzMw@@._V1_SX300.jpg','Rambo','46/100','37%','tt0462499'),(263,'A swinger on the cusp of being a senior citizen with a taste for young women falls in love with an accomplished woman closer to his age.','2003',128,6.7,123991,'https://m.media-amazon.com/images/M/MV5BODYyNmRlNDMtYzg1Zi00NzlhLWI4ZDMtZWUwOTQzMDZiYTQyXkEyXkFqcGdeQXVyNjE5MjUyOTM@._V1_SX300.jpg','Something\'s Gotta Give','66/100','72%','tt0337741'),(264,'A Korean-American office worker and his Indian-American stoner friend embark on a quest to satisfy their desire for White Castle burgers.','2004',88,7,198944,'https://m.media-amazon.com/images/M/MV5BMDc2M2I5MDQtNzliMS00ZmFjLWJmNzEtMTQwYTkxOWI4YzJlXkEyXkFqcGdeQXVyNTAyODkwOQ@@._V1_SX300.jpg','Harold & Kumar Go to White Castle','64/100','74%','tt0366551'),(265,'When Cyrus Kriticos, a very rich collector of unique things, dies, he leaves his house, fortune, and his prized collection of ghosts.','2001',91,5.6,89186,'https://m.media-amazon.com/images/M/MV5BODRjN2RkMTEtZGIzMi00ZGQ1LWE2ZDMtNWY4MGQ4Njg4OWEwXkEyXkFqcGdeQXVyMzQyMDgzOTU@._V1_SX300.jpg','Thir13en Ghosts','30/100','18%','tt0245674'),(266,'A local scientist is often regarded as a failure until he invents a machine that can make food fall from the sky. But little does he know that things are about to take a turn for the worst.','2009',90,6.9,238178,'https://m.media-amazon.com/images/M/MV5BMTg0MjAwNDI5MV5BMl5BanBnXkFtZTcwODkyMzg2Mg@@._V1_SX300.jpg','Cloudy with a Chance of Meatballs','66/100','86%','tt0844471'),(267,'After being committed for 15 years, Michael Myers, now a grown man and still very dangerous, escapes from the mental institution and immediately returns to Haddonfield to find his baby sister, Laurie.','2007',109,6,124630,'https://m.media-amazon.com/images/M/MV5BMTMzOTg4MzcxNF5BMl5BanBnXkFtZTcwMzY5MDE1MQ@@._V1_SX300.jpg','Halloween','47/100','28%','tt0373883'),(268,'Johnny Knoxville and his band of maniacs perform a variety of stunts and gross-out gags on the big screen for the first time.','2002',85,6.6,97190,'https://m.media-amazon.com/images/M/MV5BOTgwMmU0YzktOGNhNi00MDcyLTg1OGEtZGQwM2RlMTAyYzhlXkEyXkFqcGdeQXVyMTQxNzMzNDI@._V1_SX300.jpg','Jackass: The Movie','42/100','49%','tt0322802'),(269,'Jackie Moon, the owner-coach-player of the American Basketball Association\'s Flint Michigan Tropics, rallies his teammates to make their NBA dreams come true.','2008',91,5.8,83766,'https://m.media-amazon.com/images/M/MV5BMTc1MjQ4NTc3M15BMl5BanBnXkFtZTcwMTc3NTg1MQ@@._V1_SX300.jpg','Semi-Pro','47/100','22%','tt0839980'),(270,'A lonely doctor who once occupied an unusual lakeside house begins to exchange love letters with its former resident, a frustrated architect. They must try to unravel the mystery behind their extraordinary romance before it\'s too ...','2006',99,6.8,152115,'https://m.media-amazon.com/images/M/MV5BMTYxMTgxNDI3MV5BMl5BanBnXkFtZTcwMzIxMTIzMw@@._V1_SX300.jpg','The Lake House','52/100','35%','tt0410297'),(271,'Follows the unspeakable torture and abuses committed on a teenage girl in the care of her aunt and the boys who witness and fail to report the crime.','2007',91,6.5,27226,'https://m.media-amazon.com/images/M/MV5BMTUwMDcyNjE1MF5BMl5BanBnXkFtZTcwOTA1Njg0MQ@@._V1_SX300.jpg','The Girl Next Door','29/100','67%','tt0830558'),(272,'A post-apocalyptic tale, in which a lone man fights his way across America in order to protect a sacred book that holds the secrets to saving humankind.','2010',118,6.8,323206,'https://m.media-amazon.com/images/M/MV5BNTE1OWI1YzgtZjEyMy00MjQ4LWE0NWMtYTNhYjc0ZDQ3ZGRkXkEyXkFqcGdeQXVyNDQ2MTMzODA@._V1_SX300.jpg','The Book of Eli','53/100','47%','tt1037705'),(273,'A lonely landscape architect falls for the spirit of the beautiful woman who used to live in his new apartment.','2005',95,6.7,112822,'https://m.media-amazon.com/images/M/MV5BMTk0Njk2OTY2N15BMl5BanBnXkFtZTcwNTAxNjAzMQ@@._V1_SX300.jpg','Just Like Heaven','47/100','54%','tt0425123'),(274,'During the Japanese invasion of China, a wealthy martial artist is forced to leave his home when his city is occupied. With little means of providing for themselves, Ip Man and the remaining members of the city must find a way to ...','2008',106,8,226258,'https://m.media-amazon.com/images/M/MV5BNTFmMjM3M2UtOTIyZC00Zjk3LTkzODUtYTdhNGRmNzFhYzcyXkEyXkFqcGdeQXVyMTMxODk2OTU@._V1_SX300.jpg','Ip Man','59/100','86%','tt1220719'),(275,'Inspired by real events and people, 21 is about six MIT students who become trained to be experts in card counting in Black Jack and subsequently took Vegas casinos for millions in winnings.','2008',123,6.8,256081,'https://m.media-amazon.com/images/M/MV5BMjAyNTU5OTcxOV5BMl5BanBnXkFtZTcwMDEyNjM2MQ@@._V1_SX300.jpg','21','48/100','36%','tt0478087'),(276,'A group of young adults visit a boarded up campsite named Crystal Lake where they soon encounter the mysterious Jason Voorhees and his deadly intentions.','2009',97,5.5,110292,'https://m.media-amazon.com/images/M/MV5BMTQ5ODI5NTMzN15BMl5BanBnXkFtZTcwNzY4MTYxMg@@._V1_SX300.jpg','Friday the 13th','34/100','25%','tt0758746'),(277,'A bullied young boy befriends a young female vampire who lives in secrecy with her guardian.','2010',116,7.1,123427,'https://m.media-amazon.com/images/M/MV5BNDQ4MjQ4OTMwMF5BMl5BanBnXkFtZTcwOTYzNDc4Mw@@._V1_SX300.jpg','Let Me In','79/100','88%','tt1228987'),(278,'The spectre of a disfigured man haunts the children of the parents who murdered him, stalking and killing them in their dreams.','2010',95,5.2,102802,'https://m.media-amazon.com/images/M/MV5BODIxMTQ0NTIxM15BMl5BanBnXkFtZTcwMzY1NDAyMw@@._V1_SX300.jpg','A Nightmare on Elm Street','35/100','14%','tt1179056'),(279,'Gracie Hart abandons the life of a field agent to become the public face of FBI. Yet when Cheryl Frasier and Stan Fields are kidnapped, she is determined to rescue them, along with her reluctant partner.','2005',115,5.1,76682,'https://m.media-amazon.com/images/M/MV5BMjAxNzk2OTI2OV5BMl5BanBnXkFtZTcwODk0MDIzMw@@._V1_SX300.jpg','Miss Congeniality 2: Armed & Fabulous','34/100','15%','tt0385307'),(280,'Two terminally ill men escape from a cancer ward and head off on a road trip with a wish list of to-dos before they die.','2007',97,7.4,249241,'https://m.media-amazon.com/images/M/MV5BMTY2NTUyMjIyNF5BMl5BanBnXkFtZTYwNzYwMDM4._V1_SX300.jpg','The Bucket List','42/100','41%','tt0825232'),(281,'Cindy finds out the house she lives in is haunted by a little boy and goes on a quest to find out who killed him and why. Also, Alien \"Tr-iPods\" are invading the world and she has to uncover the secret in order to stop them.','2006',83,5.1,123736,'https://m.media-amazon.com/images/M/MV5BZmFkMzc2NTctN2U1Ni00MzE5LWJmMzMtYWQ4NjQyY2MzYmM1XkEyXkFqcGdeQXVyNTIzOTk5ODM@._V1_SX300.jpg','Scary Movie 4','40/100','34%','tt0362120'),(282,'Christina Walters spent years avoiding men, then suddenly met her perfect match while hanging with her best friends, Courtney and Jane. When she finds out that he has left town, she and Courtney set out on a trip.','2002',84,5.1,59977,'https://m.media-amazon.com/images/M/MV5BNDIyZTkwOGEtYTFlNC00MTU4LWIyNGItYjBlYmFhNDRmYzcwXkEyXkFqcGdeQXVyMTQxNzMzNDI@._V1_SX300.jpg','The Sweetest Thing','32/100','26%','tt0253867'),(283,'After being cut from the U.S.A. softball team and feeling a bit past her prime, Lisa finds herself evaluating her life and in the middle of a love triangle, as a corporate guy in crisis competes with her current, baseball-playing ...','2010',121,5.4,52063,'https://m.media-amazon.com/images/M/MV5BOTQyMzU4OTk1N15BMl5BanBnXkFtZTcwNTE5MTUxNA@@._V1_SX300.jpg','How Do You Know','46/100','31%','tt1341188'),(284,'Mr. Bean wins a trip to Cannes where he unwittingly separates a young boy from his father and must help the two reunite. On the way he discovers France, bicycling, and true love.','2007',90,6.4,128266,'https://m.media-amazon.com/images/M/MV5BZjBhN2MzMjYtMzUzNi00MWM0LWJjNWUtYjJiYzZjYTQ3Mjg4XkEyXkFqcGdeQXVyNTgyNTA4MjM@._V1_SX300.jpg','Mr. Bean\'s Holiday','56/100','51%','tt0453451'),(285,'Political intrigue and deception unfold inside the United Nations, where a U.S. Secret Service agent is assigned to investigate an interpreter who overhears an assassination plot.','2005',128,6.4,108675,'https://m.media-amazon.com/images/M/MV5BMTg3MjMxNDUzNV5BMl5BanBnXkFtZTcwNTM2NzgyMQ@@._V1_SX300.jpg','The Interpreter','62/100','57%','tt0373926'),(286,'John Quincy Archibald takes a hospital emergency room hostage when his insurance won\'t cover his son\'s heart transplant.','2002',116,7.1,137302,'https://m.media-amazon.com/images/M/MV5BMTcxNTQ1MzAyOF5BMl5BanBnXkFtZTYwNDg0ODk4._V1_SX300.jpg','John Q','30/100','25%','tt0251160'),(287,'Two friends are searching for their long lost companion. They revisit their college days and recall the memories of their friend who inspired them to think differently, even as the rest of the world called them \"idiots\".','2009',170,8.4,405836,'https://m.media-amazon.com/images/M/MV5BNTkyOGVjMGEtNmQzZi00NzFlLTlhOWQtODYyMDc2ZGJmYzFhXkEyXkFqcGdeQXVyNjU0OTQ0OTY@._V1_SX300.jpg','3 Idiots','67/100','100%','tt1187043'),(288,'A rogue Multiverse agent goes on a manhunt for alternate versions of himself, getting stronger with each kill. Only the last version of himself, an LASD cop, can stop his crusade before he becomes \"The One\".','2001',87,5.9,93344,'https://m.media-amazon.com/images/M/MV5BNzY4YmUzMDAtMDYyZS00MTBmLWEzZDAtOGY3MDE2YjJkMGUxL2ltYWdlL2ltYWdlXkEyXkFqcGdeQXVyMTQxNzMzNDI@._V1_SX300.jpg','The One','25/100','13%','tt0267804'),(289,'After picking up a traumatized young hitchhiker, five friends find themselves stalked and hunted by a deformed chainsaw-wielding loon and his family of equally psychopathic killers.','2003',98,6.2,145416,'https://m.media-amazon.com/images/M/MV5BZDg2NDJkOGYtMjM3My00Mzc2LWJiYjktODFlMzBjNmQwMTEyXkEyXkFqcGdeQXVyMTQxNzMzNDI@._V1_SX300.jpg','The Texas Chainsaw Massacre','38/100','37%','tt0324216'),(290,'Two bored children have their lives turned upside down when a talking cat comes to visit them.','2003',82,4,84261,'https://m.media-amazon.com/images/M/MV5BMTI5MDU3MTYyMF5BMl5BanBnXkFtZTYwODgyODc3._V1_SX300.jpg','The Cat in the Hat','19/100','10%','tt0312528'),(291,'A Special-Ops commander leads his team into the Nigerian jungle in order to rescue a doctor who will only join them if they agree to save 70 refugees too.','2003',121,6.6,125054,'https://m.media-amazon.com/images/M/MV5BMmI3YjQ4NjctZTk0Zi00ZDFhLTgyZjAtYWRjZTJjMjMwNjM2L2ltYWdlL2ltYWdlXkEyXkFqcGdeQXVyMTQxNzMzNDI@._V1_SX300.jpg','Tears of the Sun','48/100','34%','tt0314353'),(292,'High-strung father-to-be Peter Highman is forced to hitch a ride with aspiring actor Ethan Tremblay on a road trip in order to make it to his child\'s birth on time.','2010',95,6.5,347981,'https://m.media-amazon.com/images/M/MV5BMTU5MTgxODM3Nl5BMl5BanBnXkFtZTcwMjMxNDEwNA@@._V1_SX300.jpg','Due Date','51/100','39%','tt1231583'),(293,'When a plane crash claims the lives of members of the Marshall University football team and some of its fans, the team\'s new coach and his surviving players try to keep the football program alive.','2006',131,7,62718,'https://m.media-amazon.com/images/M/MV5BMTQwNDczNTg5MF5BMl5BanBnXkFtZTcwNDMwMzEzMw@@._V1_SX300.jpg','We Are Marshall','53/100','49%','tt0758794'),(294,'In Los Angeles, an ex-con takes the underground fighting world by storm in his quest to fulfill a promise to a dead friend.','2009',93,6.7,34359,'https://m.media-amazon.com/images/M/MV5BNjE0MDc4ODY4Ml5BMl5BanBnXkFtZTcwNDI2NjM4Mg@@._V1_SX300.jpg','Blood and Bone',NULL,NULL,'tt0346631'),(295,'Freddy Krueger and Jason Voorhees return to terrorize the teenagers of Elm Street. Only this time, they\'re out to get each other, too.','2003',97,5.7,121803,'https://m.media-amazon.com/images/M/MV5BODNlNWVjOTMtZjVjYy00MzRjLTg2MmQtNTM3MWVmZjFjYzgwXkEyXkFqcGdeQXVyMzM4MjM0Nzg@._V1_SX300.jpg','Freddy vs. Jason','37/100','42%','tt0329101'),(296,'In a parallel universe, young Lyra Belacqua journeys to the far North to save her best friend and other kidnapped children from terrible experiments by a mysterious organization.','2007',113,6.1,190964,'https://m.media-amazon.com/images/M/MV5BMTM2NDkxMjQxMV5BMl5BanBnXkFtZTYwNTMxMDM4._V1_SX300.jpg','The Golden Compass','51/100','43%','tt0385752'),(297,'A reporter in Iraq might just have the story of a lifetime when he meets Lyn Cassady, a guy who claims to be a former member of the U.S. Army\'s New Earth Army, a unit that employs paranormal powers in their missions.','2009',94,6.2,134202,'https://m.media-amazon.com/images/M/MV5BMjIwOTQwNzg1MV5BMl5BanBnXkFtZTcwODc4MDU4Mg@@._V1_SX300.jpg','The Men Who Stare at Goats','54/100','51%','tt1234548'),(298,'A former cop who now earns a wage as a crime scene cleaner unknowingly participates in a cover-up at his latest job.','2007',88,6.1,44125,'https://m.media-amazon.com/images/M/MV5BMmNiYTFkZWEtMWFiOC00MzU1LTkyZGQtNTQ0YmIwYTU2ODM4XkEyXkFqcGdeQXVyNDk3NzU2MTQ@._V1_SX300.jpg','Cleaner','49/100','17%','tt0896798'),(299,'Three teens discover that their neighbor\'s house is really a living, breathing, scary monster.','2006',91,6.6,125341,'https://m.media-amazon.com/images/M/MV5BMTIzNjE1NDg1N15BMl5BanBnXkFtZTcwOTg2NTMzMQ@@._V1_SX300.jpg','Monster House','68/100','75%','tt0385880'),(300,'In order to keep the woman of his dreams from falling for another guy, Charlie Logan has to break the curse that has made him wildly popular with single women: Sleep with Charlie once, and the next man you meet will be your true l...','2007',96,5.6,91737,'https://m.media-amazon.com/images/M/MV5BMTU1NzM1MTE1OV5BMl5BanBnXkFtZTYwNDQyMjU3._V1_SX300.jpg','Good Luck Chuck','19/100','5%','tt0452625'),(301,'In the prehistoric past, D\'Leh is a mammoth hunter who bonds with the beautiful Evolet. When warriors on horseback capture Evolet and the tribesmen, D\'Leh must embark on an odyssey to save his true love.','2008',109,5.1,132696,'https://m.media-amazon.com/images/M/MV5BMzc2NDMzNDY4Ml5BMl5BanBnXkFtZTYwNzM2Njk3._V1_SX300.jpg','10,000 BC','34/100','9%','tt0443649'),(302,'Jimmy\'s rare baseball card is robbed. Since it\'s his only hope to pay for his daughter\'s upcoming wedding, he recruits his cop partner Paul to track down the robber, a memorabilia-obsessed gangster.','2010',107,5.5,88945,'https://m.media-amazon.com/images/M/MV5BMTk0NzcxMjYwNF5BMl5BanBnXkFtZTcwMTI4MTIxMw@@._V1_SX300.jpg','Cop Out','31/100','18%','tt1385867'),(303,'Blood-thirsty creatures await a pack of divers who become trapped in an underwater cave network.','2005',97,5.1,39846,'https://m.media-amazon.com/images/M/MV5BM2YxNjNmYWYtMWJlYy00YmYyLThhYWUtNTFiMTkyZjhlYjU4XkEyXkFqcGdeQXVyMTUzMDUzNTI3._V1_SX300.jpg','The Cave','30/100','12%','tt0402901'),(304,'Two streetwise cops bust criminals in their red and white Ford Gran Torino, with the help of a police snitch called \"Huggy Bear\".','2004',101,6.1,149872,'https://m.media-amazon.com/images/M/MV5BMzU2NTQ1NTkxOV5BMl5BanBnXkFtZTcwNTE1MTEzMw@@._V1_SX300.jpg','Starsky & Hutch','55/100','63%','tt0335438'),(305,'Jane and Roxy Ryan are teenage Long Island twins who find themselves on numerous misadventures when they trek into Manhattan on a school day.','2004',91,4.9,24036,'https://m.media-amazon.com/images/M/MV5BMTI2Mjc0OTc0MV5BMl5BanBnXkFtZTcwMjM4MzUyMQ@@._V1_SX300.jpg','New York Minute','33/100','11%','tt0363282'),(306,'Sarah Huttinger is a woman who learns that her family was the inspiration for the book and film \"The Graduate\" -- and that she just might be the offspring of the well-documented event.','2005',97,5.5,59423,'https://m.media-amazon.com/images/M/MV5BOTg3Njk2NTIxNF5BMl5BanBnXkFtZTcwNTc4MTEzMw@@._V1_SX300.jpg','Rumor Has It...','35/100','21%','tt0398375'),(307,'A look at the work of two stand-up comics, Jerry Seinfeld and a lesser-known newcomer, detailing the effort and frustration behind putting together a successful act and career while living a life on the road.','2002',82,6.9,7101,'https://m.media-amazon.com/images/M/MV5BMTkyMDM0MzE5Nl5BMl5BanBnXkFtZTYwMDg1NjY3._V1_SX300.jpg','Comedian','62/100','77%','tt0328962'),(308,'A woman struggles to accept the death of her fiancé and the secrets he kept from her as she rebuilds her life.','2006',124,5.9,27579,'https://m.media-amazon.com/images/M/MV5BNTk2NjU1MjMyNV5BMl5BanBnXkFtZTcwMzc5NjE0MQ@@._V1_SX300.jpg','Catch and Release','43/100','22%','tt0395495'),(309,'The people of a small village in Victorian India stake their future on a game of cricket against their ruthless British rulers.','2001',224,8.1,115846,'https://m.media-amazon.com/images/M/MV5BNmYxZGJlNmQtMWY3OS00Njc0LThjODgtOWEwMWU4NTUxMDExXkEyXkFqcGdeQXVyNDAzNDk0MTQ@._V1_SX300.jpg','Lagaan: Once Upon a Time in India','84/100','95%','tt0169102'),(310,'After she quits her lucrative job, Olivia finds herself unsure about her future and her relationships with her successful and wealthy friends.','2006',88,5.8,31234,'https://m.media-amazon.com/images/M/MV5BMjE3Mjc3NjQ5NV5BMl5BanBnXkFtZTYwMjY5MjE3._V1_SX300.jpg','Friends with Money','68/100',NULL,'tt0436331'),(311,'Centering on Ip Man\'s migration to Hong Kong in 1949 as he attempts to propagate his discipline of Wing Chun martial arts.','2010',108,7.5,106891,'https://m.media-amazon.com/images/M/MV5BZWM2MTcyMDgtZTZkNS00NTg5LWIwNzEtMmY1Y2I1MTZjYTE0XkEyXkFqcGdeQXVyMTMxODk2OTU@._V1_SX300.jpg','Ip Man 2','67/100','97%','tt1386932'),(312,'Two single adults become caregivers to an orphaned girl when their mutual best friends die in an accident.','2010',114,6.5,134079,'https://m.media-amazon.com/images/M/MV5BMTc1OTQzNzE0Nl5BMl5BanBnXkFtZTcwNDU4NDk3Mw@@._V1_SX300.jpg','Life as We Know It','39/100','30%','tt1055292'),(313,'A funeral ceremony turns into a debacle of exposed family secrets and misplaced bodies.','2010',92,5.7,51282,'https://m.media-amazon.com/images/M/MV5BMTYzMDQxODE0NF5BMl5BanBnXkFtZTcwODE0MDk0Mw@@._V1_SX300.jpg','Death at a Funeral','51/100','43%','tt1321509'),(314,'Cale Crane catalyzes the rescue and rehabilitation of Sonador, a race horse with a broken leg.','2005',106,6.8,13543,'https://m.media-amazon.com/images/M/MV5BY2NjNjJkOTQtOTU1Ny00ZWYxLWFjOWYtYjZkOTg4MWU1MGYwXkEyXkFqcGdeQXVyNjc3MjQzNTI@._V1_SX300.jpg','Dreamer','59/100','64%','tt0418647'),(315,'A depressed woman learns that her husband was killed in a car accident the previous day, then awakens the next morning to find him alive and well at home; then awakens the day after that to find that he\'s dead.','2007',96,5.9,79609,'https://m.media-amazon.com/images/M/MV5BMTY1MDU1MzAwOV5BMl5BanBnXkFtZTYwMDkzNzY3._V1_SX300.jpg','Premonition','29/100','8%','tt0477071'),(316,'Things get raucously funny aboard the maiden flight of a black-owned airline, thanks to some last-minute passenger additions.','2004',86,4.5,23591,'https://m.media-amazon.com/images/M/MV5BMTc5NDcxNjg5N15BMl5BanBnXkFtZTcwMDIyNzczMw@@._V1_SX300.jpg','Soul Plane','33/100','18%','tt0367085'),(317,'','2004',0,0,0,'N/A','#DUPE#',NULL,'88%','tt0387412'),(318,'Before being sent to serve in Vietnam, two brothers and their girlfriends take one last road trip, but when they get into an accident, a terrifying experience will take them to a secluded house of horrors, with a chainsaw-wielding...','2006',91,5.8,74292,'https://m.media-amazon.com/images/M/MV5BMTIwMzAxNDcyMl5BMl5BanBnXkFtZTYwMjMwMDc2._V1_SX300.jpg','The Texas Chainsaw Massacre: The Beginning','30/100','15%','tt0420294'),(319,'In this unique and dynamic live concert experience, Louis C.K.\'s exploration of life after 40 destroys politically correct images of modern life with thoughts we have all had...but would rarely admit to.','2010',82,8.3,12380,'https://m.media-amazon.com/images/M/MV5BNTQyODYyNzcxN15BMl5BanBnXkFtZTgwOTA3MzcwMzE@._V1_SX300.jpg','Louis C.K.: Hilarious',NULL,NULL,'tt1421373'),(320,'Two neighbors have it out after one of them decorates his house for the holidays so brightly that it can be seen from space.','2006',93,5,30507,'https://m.media-amazon.com/images/M/MV5BMTIzNjA4OTM0OV5BMl5BanBnXkFtZTcwMDgwODkzMQ@@._V1_SX300.jpg','Deck the Halls','28/100','6%','tt0790604'),(321,'A group of bank robbers find their multi-million dollar plan interrupted by a hard-boiled detective.','2010',107,6.2,63634,'https://m.media-amazon.com/images/M/MV5BMTg4ODg5NzkzNl5BMl5BanBnXkFtZTcwNzAyODM5Mw@@._V1_SX300.jpg','Takers','45/100','28%','tt1135084'),(322,'An eight-year-old boy is thought to be a lazy trouble-maker, until the new art teacher has the patience and compassion to discover the real problem behind his struggles in school.','2007',165,8.3,195680,'https://m.media-amazon.com/images/M/MV5BMDhjZWViN2MtNzgxOS00NmI4LThiZDQtZDI3MzM4MDE4NTc0XkEyXkFqcGdeQXVyMTMxODk2OTU@._V1_SX300.jpg','Like Stars on Earth',NULL,'92%','tt0986264'),(323,'In New York City, an estranged couple who witness a murder are relocated to small town Wyoming as part of the Witness Protection Program.','2009',103,4.9,41228,'https://m.media-amazon.com/images/M/MV5BMjUzMDY0NDYzN15BMl5BanBnXkFtZTcwNjgxMDI5Mg@@._V1_SX300.jpg','Did You Hear About the Morgans?','27/100','12%','tt1314228'),(324,'Stuart and Snowbell set out across town to rescue a friend.','2002',77,5.5,55701,'https://m.media-amazon.com/images/M/MV5BMTYyNDg0Njc2Nl5BMl5BanBnXkFtZTYwMDc3NzQ3._V1_SX300.jpg','Stuart Little 2','66/100','81%','tt0243585'),(325,'A man goes undercover in a hi-tech prison to find information to help prosecute those who killed his wife. While there he stumbles onto a plot involving a death-row inmate and his $200 million stash of gold.','2002',98,4.6,16144,'https://m.media-amazon.com/images/M/MV5BNjJhOTVlNzMtODIwZi00NTI0LTkxNzUtNDczYjgyN2YzODkxXkEyXkFqcGdeQXVyNjQ2MjQ5NzM@._V1_SX300.jpg','Half Past Dead','23/100','3%','tt0297162'),(326,'With their daughter, Blair, away in Peru, Luther and Nora Krank decide to skip Christmas all together until she decides to come home, causing an uproar when they have to celebrate it at the last minute.','2004',99,5.4,52977,'https://m.media-amazon.com/images/M/MV5BMTQxMDMxODEwNF5BMl5BanBnXkFtZTYwNzM4OTc2._V1_SX300.jpg','Christmas with the Kranks','22/100','5%','tt0388419'),(327,'Two young wolves at opposite ends of their pack\'s social order are thrown together into a foreign land and need each other to return home, but love complicates everything.','2010',90,5.1,14675,'https://m.media-amazon.com/images/M/MV5BMTg4NzQ1ODcxMF5BMl5BanBnXkFtZTcwMDg0MTU2Mw@@._V1_SX300.jpg','Alpha and Omega','36/100','19%','tt1213012'),(328,'','2005',45,0,0,'N/A','Drift',NULL,NULL,'tt5320634'),(329,'A powerful spirit that once threatened to destroy the world is back! Naruto\'s mission is to protect a priestess named Shion, who is the only one with the power to seal away the monster.','2007',94,6.7,4288,'https://m.media-amazon.com/images/M/MV5BNWM0NTU4ZjQtNzRmYi00MzM0LTgxZDMtNjFlYWUxMTRhNDUxXkEyXkFqcGdeQXVyMjc4OTQ1OTA@._V1_SX300.jpg','Naruto Shippûden: The Movie',NULL,NULL,'tt0988982'),(330,'Biography of Ben Carson who grew up to be Dr. Ben Carson, a world famous neurosurgeon at Johns Hopkins.','2009',90,7.5,12414,'https://m.media-amazon.com/images/M/MV5BMzBiNThmMGQtODc3Ny00YjUxLWE4MWMtOTA1YTI4ZmY2NDM2XkEyXkFqcGdeQXVyNjYxNDMyMTE@._V1_SX300.jpg','Gifted Hands: The Ben Carson Story',NULL,NULL,'tt1295085'),(331,'The movie takes place in the year 1807 in the city of Puebla, New Spain. Leo San Juan, a shy 9-year-old boy, lives with his grandmother and his older brother Nando. Leo is constantly frightened, due to the legend of the Nahuala th...','2007',82,6.2,554,'https://m.media-amazon.com/images/M/MV5BYmZhMzM3MjUtYzY0Ni00ZTYwLWFjZmMtMGQ4MjU5MzRmZDRiXkEyXkFqcGdeQXVyNjA4MTEzMzQ@._V1_SX300.jpg','Legend Quest: The Legend of La Nahuala',NULL,NULL,'tt1003009'),(332,'Straw Hat Pirates must save their navigator and stop the legendary Pirate, Shiki the Golden Lion from conquering East Blue.','2009',113,7.5,6064,'https://m.media-amazon.com/images/M/MV5BMmIyNGQ3NmEtNGZkNi00MDFhLThhOTMtYjEyN2U1OTc1MjBlXkEyXkFqcGdeQXVyNTAyODkwOQ@@._V1_SX300.jpg','One Piece: Strong World',NULL,NULL,'tt1485763'),(333,'Two cops, a rookie and a grizzled vet, pursue an accomplished bank robber.','2005',106,6.4,55735,'https://m.media-amazon.com/images/M/MV5BMTc3NDU0MTgyN15BMl5BanBnXkFtZTcwNjgwMzY4NA@@._V1_SX300.jpg','Chaos',NULL,NULL,'tt0402910'),(334,'An ex-convict (Tyrese) gets tangled up with a gang after his car is hijacked with his son inside.','2006',97,5.8,10231,'https://m.media-amazon.com/images/M/MV5BODQ3OTkxNTgyN15BMl5BanBnXkFtZTcwMjA0ODQzMQ@@._V1_SX300.jpg','Waist Deep','37/100','28%','tt0456020'),(335,'Ricky, Julian, and Bubbles come up with a scheme to steal large amounts of untraceable coins.','2006',95,7.1,13133,'https://m.media-amazon.com/images/M/MV5BMTY5Mzg4MDM1M15BMl5BanBnXkFtZTcwNTk4MzkzMQ@@._V1_SX300.jpg','Trailer Park Boys: The Movie','38/100','57%','tt0425601'),(336,'This Egyptian action film is about Tito (Ahmad Al Saqa), who was sentenced to 16 years in jail after a burglary when he was a kid. After he gets out, he goes back to crime with a corrupt police officer (Khaled Saleh), but also bef...','2004',120,7.2,3358,'https://m.media-amazon.com/images/M/MV5BZWJlOTUzYTItZWUzYi00MjMwLWIzZDQtNmI0ZmIxMTU1MjU5XkEyXkFqcGdeQXVyMjg0MzMwNzg@._V1_SX300.jpg','Tito',NULL,'67%','tt0417202'),(337,'As a director and his crew shoot a controversial film about Christopher Columbus in Cochabamba, Bolivia, local people rise up against plans to privatize the water supply.','2010',103,7.4,13813,'https://m.media-amazon.com/images/M/MV5BYzYyNTEzMjAtYmZjNy00ODVlLWExZWYtMmU0YWYxNzdjNzI2XkEyXkFqcGdeQXVyMTA0MjU0Ng@@._V1_SX300.jpg','Even the Rain','69/100','88%','tt1422032'),(338,'In-demand comedian Katt Williams offers up The Pimp Chronicles courtesy of HBO. Williams shares his thoughts on such topics as drugs, politics and pop culture in this special event.','2006',45,7.7,1870,'https://m.media-amazon.com/images/M/MV5BODUwOTgyMjUtMTVkZS00N2IzLWE5ZDQtZjY1MWIxYjVhODE5XkEyXkFqcGdeQXVyNDUxMTg2MTU@._V1_SX300.jpg','Katt Williams: The Pimp Chronicles Pt. 1',NULL,NULL,'tt0865482'),(339,'Expelled from his school, a 16-year old boy returns home to his abusive and oppressive father.','2010',134,8.1,45559,'https://m.media-amazon.com/images/M/MV5BNzgxMzExMzUwNV5BMl5BanBnXkFtZTcwMDc2MjUwNA@@._V1_SX300.jpg','Udaan',NULL,NULL,'tt1639426'),(340,'','2005',0,6.9,25,'N/A','Om Shanti Om',NULL,NULL,'tt1423972'),(341,'The boys return from jail to find the park has deteriorated, with a brand new park being created beside it. They attempt a series of get rich quick schemes and robberies, while a freshly drunk Lahey threatens to derail their plans.','2009',102,7.3,7610,'https://m.media-amazon.com/images/M/MV5BMTExNzA5NDI5MTleQTJeQWpwZ15BbWU3MDg1NTc4NDU@._V1_SX300.jpg','Trailer Park Boys: Countdown to Liquor Day',NULL,'60%','tt1337032'),(342,'After marrying a poor woman, rich Rahul is disowned by his father and moves to London to build a new life. Years later, his now-grown younger brother Rohan embarks on a mission to bring Rahul back home and reunite the family.','2001',210,7.4,51573,'https://m.media-amazon.com/images/M/MV5BOTQ5Nzc3NzAtMzZlMS00ZWJjLWIxMGMtNDU4ZTQ1NmNjMjc5XkEyXkFqcGdeQXVyODE5NzE3OTE@._V1_SX300.jpg','Kabhi Khushi Kabhie Gham...',NULL,'100%','tt0248126'),(343,'Naina, an introverted, perpetually depressed girl\'s life changes when she meets Aman. But Aman has a secret of his own which changes their lives forever. Embroiled in all this is Rohit, Naina\'s best friend who conceals his love fo...','2003',186,7.9,71089,'https://m.media-amazon.com/images/M/MV5BYmVjNDIxODAtNWZiZi00ZDBlLWJmOTUtNDNjMGExNTViMzE1XkEyXkFqcGdeQXVyNTE0MDc0NTM@._V1_SX300.jpg','Kal Ho Naa Ho','54/100','70%','tt0347304'),(344,'A depressed wealthy businessman finds his life changing after he meets a spunky and care-free young woman.','2007',138,7.9,54756,'https://m.media-amazon.com/images/M/MV5BYmIzYmY4MGItM2I4YS00OWZhLWFmMzQtYzI2MWY1MmM3NGU1XkEyXkFqcGdeQXVyNjQ2MjQ5NzM@._V1_SX300.jpg','Jab We Met',NULL,'100%','tt1093370'),(345,'In a flat in Damascus/Syria. The four flatmates hang out in the kitchen and get drunk. In a spontaneous discussion they talk about their fathers and the various political powers having an impact in the region.','2009',12,0,0,'N/A','Inside',NULL,NULL,'tt1673402'),(346,'A film about the investigations following the 1993 serial Bombay bomb blasts, told through the different stories of the people involved --police, conspirators, victims, middlemen.','2004',143,8.4,21292,'https://m.media-amazon.com/images/M/MV5BYWRjMDlmNGYtOGFhYy00ZWU4LTk3MzEtOTI4ZTgxN2Y5NGNkXkEyXkFqcGdeQXVyNzU3Nzk4MDQ@._V1_SX300.jpg','Black Friday','76/100','90%','tt0400234'),(347,'A sixteenth century love story about a marriage of alliance that gave birth to true love between a great Mughal emperor, Akbar, and a Rajput princess, Jodha.','2008',213,7.5,33209,'https://m.media-amazon.com/images/M/MV5BYzFhNjI3YjgtZmNhNC00NzEyLTk2MTctMmNjZDgzYTNjYjViXkEyXkFqcGdeQXVyMTEzNzg0Mjkx._V1_SX300.jpg','Jodhaa Akbar','69/100','75%','tt0449994'),(348,'Unfolds the poignant story of three women and their search for justice from the daily plight of sexual harassment in Egypt.','2010',100,7.4,4539,'https://m.media-amazon.com/images/M/MV5BODNlNDRjNWMtZDhjMy00ZTcxLWIxZTktZGQzMThiMjFjYjllXkEyXkFqcGdeQXVyMjg0MzMwNzg@._V1_SX300.jpg','Cairo 678',NULL,'80%','tt1764141'),(349,'A master of the one-liner with an absurd rambling style, Zach\'s sharp, resonating humor makes his show at the famed Purple Onion in San Francisco one of the funniest performances in recent comedy.','2006',90,7.2,4076,'https://m.media-amazon.com/images/M/MV5BMTcyMDg1MTEwMl5BMl5BanBnXkFtZTcwMjExMTY0MQ@@._V1_SX300.jpg','Zach Galifianakis: Live at the Purple Onion',NULL,NULL,'tt0804558'),(350,'Two bungling, petty criminal BFFs try to rob a church, but someone from staff beat them to it. They spend the night with the church staff to get the money.','2008',96,4.5,11136,'https://m.media-amazon.com/images/M/MV5BMjE4MTYzMTMxMl5BMl5BanBnXkFtZTYwNzc0Nzc4._V1_SX300.jpg','First Sunday','41/100',NULL,'tt0486578'),(351,'Menomaru(a moth monster) was brought to life by a Shikon Shard. Inuyasha\'s father has defeated the monster\'s father 500 years ago. Inuyasha will need Kagome\'s feelings to win.','2001',100,7.2,2671,'https://m.media-amazon.com/images/M/MV5BMTQ1MTI3MzA0Ml5BMl5BanBnXkFtZTcwOTY3MTcyMQ@@._V1_SX300.jpg','Inuyasha the Movie: Affections Touching Across Time',NULL,NULL,'tt0322645'),(352,'A successful Indian scientist returns to an Indian village to take his nanny to America with him and in the process rediscovers his roots.','2004',189,8.2,92747,'https://m.media-amazon.com/images/M/MV5BODY2NGYxZTEtMzBiOS00Zjg2LWEyZjYtNjQ5Mjg1MzQ5N2FlXkEyXkFqcGdeQXVyNTE0MDc0NTM@._V1_SX300.jpg','Swades',NULL,'86%','tt0367110'),(353,'Accused of a terrible crime, Jerry\'s biggest enemy becomes himself when relentlessly pushed by two detectives.','2006',0,6.6,61,'https://m.media-amazon.com/images/M/MV5BNDkyOTQ4NjkwNl5BMl5BanBnXkFtZTcwNzk1MTAzMQ@@._V1_SX300.jpg','Good Cop, Bad Cop',NULL,'80%','tt0443521'),(354,'A Californian family inherits a castle in Romania. This is especially exciting to the son, who is obsessed with monsters. And he is not disappointed.','2010',83,5.9,3517,'https://m.media-amazon.com/images/M/MV5BMjU1MmJlMTctY2FiMC00MmU1LWI5NmYtMDc5OWM0NjEzMmI2XkEyXkFqcGdeQXVyNDgyODgxNjE@._V1_SX300.jpg','The Boy Who Cried Werewolf',NULL,NULL,'tt1451423'),(355,'The story of six young Indians who assist an English woman to film a documentary on the freedom fighters from their past, and the events that lead them to relive the long-forgotten saga of freedom.','2006',167,8.1,119787,'https://m.media-amazon.com/images/M/MV5BYThmZDA0YmQtMWJhNy00MDQwLTk0Y2YtMDhmZTE5ZjhlNjliXkEyXkFqcGdeQXVyODE5NzE3OTE@._V1_SX300.jpg','Rang De Basanti',NULL,NULL,'tt0405508'),(356,'A villager, Gurukant Desai, arrives in Bombay 1958, and rises from its streets to become the GURU, the biggest tycoon in Indian history.','2007',166,7.7,24243,'https://m.media-amazon.com/images/M/MV5BZWE3OGQyYTQtMGQzNy00YjI0LTkwYWUtY2FjZjNmODFlNDNkXkEyXkFqcGdeQXVyMTEzNzg0Mjkx._V1_SX300.jpg','Guru','70/100','83%','tt0499375'),(357,'Money Shot finds Cummings riffing on a wide range of topics chiefly, the differences between men and women and how both tend to behave in relationships.','2010',48,6.2,960,'https://m.media-amazon.com/images/M/MV5BOTc0ODYxMTA2NF5BMl5BanBnXkFtZTcwNDYwNTY0NA@@._V1_SX300.jpg','Whitney Cummings: Money Shot',NULL,NULL,'tt1659261'),(358,'A man falls in love with a beautiful woman, but later discovers that her brothers are gangsters.','2007',159,7,23342,'https://m.media-amazon.com/images/M/MV5BZjcyOTViMzUtOWQ5Yy00ZTVmLWJmYzctN2U2OGVlN2ZjNTA0XkEyXkFqcGdeQXVyODE5NzE3OTE@._V1_SX300.jpg','Welcome',NULL,NULL,'tt0488798'),(359,'The greatly anticipated follow-up to the platinum-selling \"Beyond the Pale.\" In this Austin performance that capped off his sold-out 2008 stand-up tour, Gaffigan does not let the audience catch their breath. This all-new show prov...','2009',60,7.7,2622,'https://m.media-amazon.com/images/M/MV5BMjI3ODgwMDU2NF5BMl5BanBnXkFtZTgwMTczMzA2MDE@._V1_SX300.jpg','Jim Gaffigan: King Baby',NULL,NULL,'tt1390471'),(360,'A few years ago my therapist suggested I keep a journal of the awkward moments occurring in my life. Around the same time audiences were demanding more material, so I started sending this journal to my mailing list and then tellin...','2008',60,7.6,1811,'https://m.media-amazon.com/images/M/MV5BMTk0NzY2NzM5Ml5BMl5BanBnXkFtZTcwNjE2Mjg2MQ@@._V1_SX300.jpg','Mike Birbiglia: What I Should Have Said Was Nothing',NULL,NULL,'tt1188112'),(361,'Three inseparable childhood friends are just out of college. Nothing comes between them - until they each fall in love, and their wildly different approaches to relationships creates tension.','2001',183,8.1,73277,'https://m.media-amazon.com/images/M/MV5BMjRjMTYwMTYtMmRkNi00MmVkLWE0MjQtNmM3YjI0NWFhZDNmXkEyXkFqcGdeQXVyODE5NzE3OTE@._V1_SX300.jpg','Dil Chahta Hai',NULL,'100%','tt0292490'),(362,'Two men, one young and arrogant, the other damaged - physically but not spiritually - by life, are thrown together by circumstances, and find that they are in some ways bound together by fate.','2003',160,8.6,23718,'https://m.media-amazon.com/images/M/MV5BYjY2NDNhOTItNjAwMi00ZjA0LTkzOGYtNWJkZmZiN2FlODU4XkEyXkFqcGdeQXVyMTEzNzg0Mjkx._V1_SX300.jpg','Anbe Sivam',NULL,NULL,'tt0367495'),(363,'A man is obsessed with John Travolta\'s disco dancing character from Saturday Night Fever (1977).','2008',97,6.8,4367,'https://m.media-amazon.com/images/M/MV5BMTY5ODQ3NzI3MV5BMl5BanBnXkFtZTcwNzM5NDA4MQ@@._V1_SX300.jpg','Tony Manero','72/100','85%','tt1223975'),(364,'Five families struggle with the ups and downs of cancer treatment over the course of six years.','2006',225,8.7,338,'https://m.media-amazon.com/images/M/MV5BNDI3NzcwMzA2MF5BMl5BanBnXkFtZTcwMTUzNDM5MQ@@._V1_SX300.jpg','A Lion in the House',NULL,'100%','tt0492472'),(365,'An explosion happens in the middle of Seireitei, and Rukia has a memory loss. Then Urahara tries to seek the background of the events.','2008',94,7.1,2409,'https://m.media-amazon.com/images/M/MV5BZmNkODUwNmUtZjdmNy00ZTAzLThmNjAtYjIyM2IyY2FlOGY3XkEyXkFqcGdeQXVyMTA1NjQyNjkw._V1_SX300.jpg','Bleach: Fade to Black, I Call Your Name',NULL,NULL,'tt1339302'),(366,'Three bumbling Army reservists bound for Iraq are accidentally dropped at Mexican village besieged by hostile forces.','2007',90,3.6,11285,'https://m.media-amazon.com/images/M/MV5BMjAxODg1NzU3M15BMl5BanBnXkFtZTcwNjI2ODc0MQ@@._V1_SX300.jpg','Delta Farce','17/100','5%','tt0800003'),(367,'A teen coming-of-age romantic dramedy about a media-obsessed geek and the most beautiful and twisted girl in school.','2009',107,7,2151,'https://m.media-amazon.com/images/M/MV5BOTRjZDFmNDQtODg1Yy00ZmNlLTkzMTAtOGI0NWJiNTQwZWVkXkEyXkFqcGdeQXVyMjQxNjIyMTE@._V1_SX300.jpg','My Suicide',NULL,'57%','tt0492896'),(368,'Baburao, Raju and Shyam are living happily after having risen from rags to riches. Still, money brings the joy of riches and with it the greed to make more money. And so, with a don as an unknowing investor, Raju initiates a new g...','2006',153,7.2,24830,'https://m.media-amazon.com/images/M/MV5BNzgzYjZjYzMtNjcyYy00NWI3LTg1NDItOTMzMzdhMjhjNWExXkEyXkFqcGdeQXVyNjA3OTI5MjA@._V1_SX300.jpg','Phir Hera Pheri',NULL,NULL,'tt0419058'),(369,'Our hero Naruto is caught in special chakra that propels him into the past. He finds himself in the City of Loran. As he encounters strange things, can he save the future with the past?','2010',85,6.8,3858,'https://m.media-amazon.com/images/M/MV5BMTc1MzA5MWMtNDI1My00NTkxLWJkZDAtY2RmMGYzY2ZkYzc3XkEyXkFqcGdeQXVyNjQzMzIxMTE@._V1_SX300.jpg','Naruto Shippûden: The Lost Tower',NULL,NULL,'tt1703048'),(370,'Separated by a checkpoint, Palestinian lovers from Jerusalem and Ramallah arrange clandestine meetings.','2002',92,6.6,3736,'https://m.media-amazon.com/images/M/MV5BMTI0Mzc0MDQxN15BMl5BanBnXkFtZTcwMjc2ODkyMQ@@._V1_SX300.jpg','Divine Intervention','74/100','81%','tt0274428'),(371,'Film adaptation of the Australian comedy series Kath and Kim.','2005',82,7.3,995,'https://m.media-amazon.com/images/M/MV5BMjc0Nzc5ZDAtNTdmMS00OGMyLWI1ZGEtMTIyZTFlYzcwYTkzXkEyXkFqcGdeQXVyNDQ2OTk4MzI@._V1_SX300.jpg','Da Kath & Kim Code',NULL,NULL,'tt0484275'),(372,'With his wisecracking one-of-a-kind style of comedy, Kevin Hart pokes fun at everyone - even his audience.','2009',73,7.5,4576,'https://m.media-amazon.com/images/M/MV5BZThmMjc5OGYtOWM3Yy00Yzg4LTlmZjctNzQ5NmZlNmJjM2FiXkEyXkFqcGdeQXVyMTMxODk2OTU@._V1_SX300.jpg','Kevin Hart: I\'m a Grown Little Man',NULL,NULL,'tt1420554'),(373,'When Ichigo\'s sister Yuzu is kidnapped by sinners &amp; he is asked to do something for them in order to get his sister released. Ichigo must find a way to take his sister back from hell with the help of Rukia, Renji &amp; Uryu.','2010',94,7.3,2819,'https://m.media-amazon.com/images/M/MV5BZWI1MTkxMmQtNjgyZC00YjhhLTlhZGQtYzcwODg5MDkzMjYzXkEyXkFqcGdeQXVyMTA3OTEyODI1._V1_SX300.jpg','Bleach the Movie: Hell Verse',NULL,NULL,'tt1785394'),(374,'A mysterious group of ninja called the Sora-nin from the Sky Country makes a surprise attack on Konoha. This is because Konoha nearly destroyed the Sky Country during the last Shinobi World War, yet they survived and now they\'re a...','2008',98,6.8,4774,'https://m.media-amazon.com/images/M/MV5BNTE2ODAyNTkxNl5BMl5BanBnXkFtZTgwNTAzMjA2MDE@._V1_SX300.jpg','Naruto Shippuden: The Movie - Bonds',NULL,NULL,'tt1160524'),(375,'Vijay is recruited by a police officer to masquerade as his lookalike Don, the leader of an international gang of smugglers. Things go wrong when the officer is killed and Vijay is left to fend for himself.','2006',171,7.1,38515,'https://m.media-amazon.com/images/M/MV5BMzAyMWE0MjgtMDVjNS00ZDMyLWE4NjQtNWU2ZDgyYTlmMjdjXkEyXkFqcGdeQXVyNjQ2MjQ5NzM@._V1_SX300.jpg','Don',NULL,NULL,'tt0461936'),(376,'A debt-ridden young man attempts suicide, but is rescued only to find that his luck is finally turning.','2006',164,6.9,11471,'https://m.media-amazon.com/images/M/MV5BMTg3MTMzNjUwOF5BMl5BanBnXkFtZTcwODgxODMzMQ@@._V1_SX300.jpg','Chup Chup Ke',NULL,NULL,'tt0464160'),(377,'Ninjas with bloodline limits begin disappearing in all the countries and blame points toward the fire nation. By Tsunade\'s order, Kakashi is sacrificed to prevent an all out war. Naruto fights through friends and foes to prevent h...','2009',95,7,3904,'https://m.media-amazon.com/images/M/MV5BOTllNzNlYjEtNGQ2OS00ZWE3LWFhNjctNmQyMzkzYWZjNWI4XkEyXkFqcGdeQXVyMjc2Nzg5OTQ@._V1_SX300.jpg','Naruto Shippûden: The Movie 3: Inheritors of the Will of Fire',NULL,NULL,'tt1481363'),(378,'A small-town girl finally realizes her dream of becoming a famous supermodel but soon finds out that her glamorous new life has a price.','2008',167,6.9,12704,'https://m.media-amazon.com/images/M/MV5BMTkxNzg4NDI0OV5BMl5BanBnXkFtZTcwNzIyMjk5MQ@@._V1_SX300.jpg','Fashion',NULL,NULL,'tt0964516'),(379,'As a dorky cop falls in with five Tao masters who admire his c\'hi, an ancient foe comes looking for them all.','2004',114,6.6,3902,'https://m.media-amazon.com/images/M/MV5BMjQxNjA1MTk4NV5BMl5BanBnXkFtZTgwNjYyMTQ2MzE@._V1_SX300.jpg','Arahan',NULL,NULL,'tt0404777'),(380,'When his long-lost brother resurfaces, Jacobo, desperate to prove his life has added up to something, looks to scrounge up a wife. He turns to Marta, an employee at his sock factory, with whom he has a prickly relationship.','2004',94,7.1,6481,'https://m.media-amazon.com/images/M/MV5BMDUxNTQwMGMtODE5ZS00ZWQ5LTk2MmUtYmRjZDA1MGM5NjNhXkEyXkFqcGdeQXVyNjYzMDA4MTI@._V1_SX300.jpg','Whisky','66/100','100%','tt0331370'),(381,'The wacky adventures of a young man who is willing to sacrifice his own love to insure the happiness of others, even trying to get the girl of his dreams married to the guy of her dreams.','2009',150,6.3,15214,'https://m.media-amazon.com/images/M/MV5BYmZhNjhkN2UtN2I3NS00MzUyLTg3M2YtNjRjN2Y2NmNhNzUxXkEyXkFqcGdeQXVyODE5NzE3OTE@._V1_SX300.jpg','Ajab Prem Ki Ghazab Kahani',NULL,NULL,'tt1252596'),(382,'Jean and Sylvia left France with a stolen diamond to start a new life in South America. They land in Lima to live their passion. But the diamond is not easy to sell. They meet a French couple and hope to sell them the stolen diamond.','2001',85,5,77,'https://m.media-amazon.com/images/M/MV5BMTc3NTY1MjkyNF5BMl5BanBnXkFtZTcwMDg5MjEyMQ@@._V1_SX300.jpg','Te quiero',NULL,NULL,'tt0217085'),(383,'NO! SIR! tells an almost entirely forgotten story of the military men and women who forced the U.S. government to end the Vietnam War','2005',85,7.6,804,'https://m.media-amazon.com/images/M/MV5BMjA4NDAxNDA2NV5BMl5BanBnXkFtZTcwNDU4MjYzMQ@@._V1_SX300.jpg','Sir! No Sir!','74/100','89%','tt0469589'),(384,'Destiny makes two brothers- Ranvir and Rajiv - enemies of each other. Everything is fair in love and war.','2008',149,6.6,15185,'https://m.media-amazon.com/images/M/MV5BOTUxODczMjI3MV5BMl5BanBnXkFtZTcwMTExODM2MQ@@._V1_SX300.jpg','Race',NULL,NULL,'tt1017456'),(385,'A software engineer comes to India to serve the nation and invest in nation\'s welfare. A few corrupt officials and politicians try to stop him while he tries to do good for the poor.','2007',188,7.5,20406,'https://m.media-amazon.com/images/M/MV5BYzdhMDM0NzItY2EyOC00YWMyLTgxNmMtODNhNjI1NDEzNGRkXkEyXkFqcGdeQXVyOTk3NTc2MzE@._V1_SX300.jpg','Sivaji',NULL,NULL,'tt0479751'),(386,'After seemingly defeating their common enemy, Naraku, What appears to be the near-end of their journey instead leads Inuyasha and the rest facing against a new threat of an mysterious demon princess named Kaguya.','2002',99,7.3,2206,'https://m.media-amazon.com/images/M/MV5BMmI4MzdlMzgtMGRjNC00OTZkLTkzNTAtNjUxY2ZiNWRiNTgyXkEyXkFqcGdeQXVyMzM4MjM0Nzg@._V1_SX300.jpg','InuYasha the Movie 2: The Castle Beyond the Looking Glass',NULL,NULL,'tt0366621'),(387,'In this jailhouse interview, Arthur Shawcross, the Genesee River Killer, shares candid details of his crimes and his surprising family bonds.','2008',44,5.9,632,'https://m.media-amazon.com/images/M/MV5BZDllYmVjNjMtYmZlYi00NWIwLWEzN2ItNGQyZDEwZTQ1ZmJmXkEyXkFqcGdeQXVyNTM3MDMyMDQ@._V1_SX300.jpg','Interview with a Serial Killer',NULL,NULL,'tt6978288'),(388,'A slick young Turk kidnapped by extraterrestrials shows his great « humanitarian spirit » by outwitting the evil commander-in-chief of the planet of G.O.R.A.','2004',127,8,63912,'https://m.media-amazon.com/images/M/MV5BMjE0MTY2MDI3NV5BMl5BanBnXkFtZTcwNTc1MzEzMQ@@._V1_SX300.jpg','G.O.R.A.',NULL,NULL,'tt0384116'),(389,'Ethan, a magician rendered paralyzed in an accident, sets off a furor when he makes a petition to the court to end his own life.','2010',126,7.4,19030,'https://m.media-amazon.com/images/M/MV5BMTMzMzIzOTQwOF5BMl5BanBnXkFtZTcwMTI2MTYxNA@@._V1_SX300.jpg','Guzaarish',NULL,'67%','tt1438298'),(390,'Samar, the son of a political family, has chosen to go to the USA to live with his girlfriend. However, the death of his father makes him put his plans on hold and enter the dirty world of politics.','2010',163,7.1,18058,'https://m.media-amazon.com/images/M/MV5BOGIzOTdjMDAtNjBkNy00ODdjLThjYzctOWU2NTU1MDc0MGE4XkEyXkFqcGdeQXVyMjY1MjkzMjE@._V1_SX300.jpg','Raajneeti',NULL,'22%','tt1291465'),(391,'Two best friends being convinced that they are not in love search for each other\'s love.','2008',155,7.4,27340,'https://m.media-amazon.com/images/M/MV5BNDUxYTFiODktNDI5NC00YmI1LThiMWUtN2FjYTU2ZTQ5ODQ1XkEyXkFqcGdeQXVyODE5NzE3OTE@._V1_SX300.jpg','Jaane Tu... Ya Jaane Na',NULL,NULL,'tt0473367'),(392,'A troubled assassin, who works by orchestrating \"accidents\", suspects that an accident that happens to his team is not an accident at all.','2009',89,6.6,3472,'https://m.media-amazon.com/images/M/MV5BZmIxNTE2NDMtOGRjNy00ZjRjLWJlZWItZjFjYjcyY2Q4ODAwXkEyXkFqcGdeQXVyMjQwMjk0NjI@._V1_SX300.jpg','Accident',NULL,NULL,'tt1202514'),(393,'Jeff and his characters Walter, Peanut, José Jalapeño, Bubba J, and Sweet Daddy Dee for a live show.','2006',76,8,4050,'https://m.media-amazon.com/images/M/MV5BMjI3ODQxOTYxMV5BMl5BanBnXkFtZTgwMzU5MDk3MDE@._V1_SX300.jpg','Jeff Dunham: Arguing with Myself',NULL,NULL,'tt0806102'),(394,'A man pursues a woman who is already engaged and eventually gets married to her. Differences between the two lead to a bitter separation that threatens to destroy their relationship forever.','2003',167,6.5,15835,'https://m.media-amazon.com/images/M/MV5BYzU4MjI2MjctMzExMC00NTAxLWFjZWMtODk2YzVjMzhkZmU2XkEyXkFqcGdeQXVyODE5NzE3OTE@._V1_SX300.jpg','Chalte Chalte',NULL,NULL,'tt0346723'),(395,'Naruto and his team are hired to protect a young actress from three rogue warriors in the Land of the Snow.','2004',82,6.6,7204,'https://m.media-amazon.com/images/M/MV5BYWFkMTJjODEtMjY2NC00OGRiLThkYjMtMzBjMzVhY2FlZTEyXkEyXkFqcGdeQXVyNjYwMjkwMjg@._V1_SX300.jpg','Naruto the Movie: Ninja Clash in the Land of Snow',NULL,NULL,'tt0476680'),(396,'A cabbie (Patekar) and businessman (Abraham) both in need of big money partake in a two-hour adventure together.','2006',116,7.3,10230,'https://m.media-amazon.com/images/M/MV5BOTgxMTc0NTItODUyYy00ODY1LTg0NDEtZGI0MzQxZGY5NmFhXkEyXkFqcGdeQXVyNDUzOTQ5MjY@._V1_SX300.jpg','Taxi No. 9 2 11: Nau Do Gyarah',NULL,NULL,'tt0476884'),(397,'Michael, Arjun and Lallan, three men from three different strata of society, cross paths one morning in Calcutta and change one another\'s lives forever.','2004',161,7.3,9050,'https://m.media-amazon.com/images/M/MV5BYThmMzU2OGMtYjY4OC00ZmQ2LTk5OWQtYzUyMjFmZTNiOWQwXkEyXkFqcGdeQXVyOTA0NTIzNzU@._V1_SX300.jpg','Yuva','63/100',NULL,'tt0382383'),(398,'The story of a lazy Mumbai college student who does absolutely nothing, with a turn of events will Sid realize his potential in this world and become a success in the fast-paced life of Mumbai.','2009',138,7.6,32151,'https://m.media-amazon.com/images/M/MV5BMDc1ZDBkODMtYjI0MC00NDcyLWFhMGUtYzM4NDQyMzgyYzg1XkEyXkFqcGdeQXVyODE5NzE3OTE@._V1_SX300.jpg','Wake Up Sid',NULL,'80%','tt1324059'),(399,'An alternate retelling of the winter island with no name.','2008',113,6.9,1342,'https://m.media-amazon.com/images/M/MV5BNDUyOWEyZGEtZTgzYi00MDhjLTg4YjgtNmQxODM4OThjOGRkL2ltYWdlL2ltYWdlXkEyXkFqcGdeQXVyNTAyODkwOQ@@._V1_SX300.jpg','One Piece: Episode of Chopper Plus - Bloom in the Winter, Miracle Sakura',NULL,NULL,'tt1206326'),(400,'A dentist\'s life turns into a roller coaster ride when he is unknowingly embroiled in gang wars.','2002',158,6.2,8673,'https://m.media-amazon.com/images/M/MV5BOGNiZDYxYWUtZGQ1MS00YmFjLWE2MTQtMzUzODAwYTE3NGZjXkEyXkFqcGdeQXVyNDUzOTQ5MjY@._V1_SX300.jpg','Awara Paagal Deewana',NULL,NULL,'tt0319020'),(401,'Dev, a former football player is married to Rhea, a successful fashion editor. Maya is a kindergarten teacher who is married to Rishi, an outgoing event planner. These couples\' lives intersect and they each question their own marr...','2006',193,6,20499,'https://m.media-amazon.com/images/M/MV5BNjllNTM0ZWQtMDMyOS00Yzc5LWFlNGYtNTA3MzY0ZjY5YWRiXkEyXkFqcGdeQXVyODE5NzE3OTE@._V1_SX300.jpg','Kabhi Alvida Naa Kehna',NULL,'55%','tt0449999'),(402,'In a small village when a little girl\'s prescious umbrella is stolen, things goes wrong for a greedy tea seller who was very much interested in buying that umbrella from her.','2005',90,7.3,2143,'https://m.media-amazon.com/images/M/MV5BZGJiZTRlM2UtN2IyOC00Yzk1LWE5ZTktYWM3ZWEwYWZiMWI0XkEyXkFqcGdeQXVyODE5NzE3OTE@._V1_SX300.jpg','The Blue Umbrella',NULL,NULL,'tt0457802'),(403,'Naruto, Kakashi, Sakura, and Rock Lee are assigned to protect Michiru, the prince of the Land of the Moon, while he travel the world. The prince purchased a tiger Sham and the whole circus, which became the team\'s protection.','2006',95,6.3,4259,'https://m.media-amazon.com/images/M/MV5BNjk2ZWIzOTYtMGUxMC00MzdhLWI3ZGMtZGJhNzZmMDYxYjJlXkEyXkFqcGdeQXVyMjQ3NTQ4MjQ@._V1_SX300.jpg','Naruto the Movie 3: Guardians of the Crescent Moon Kingdom',NULL,NULL,'tt1071815'),(404,'While on the run from goons, a man and his nephew fall for a kidnapper\'s seductive widow.','2010',118,7.3,10601,'https://m.media-amazon.com/images/M/MV5BNTc1Y2EyOWUtNWExMi00OGNkLTkxOGQtNDY0YzYxNTA0OWUxXkEyXkFqcGdeQXVyODE5NzE3OTE@._V1_SX300.jpg','Ishqiya',NULL,NULL,'tt1345777'),(405,'Six different stories, about nine people, each with different issues and problems, all occurring within one place: the METRO.','2007',132,7.4,12283,'https://m.media-amazon.com/images/M/MV5BNmVmMTEwMzQtMDNkNC00M2U5LWE5M2EtODM0NTM5NGU2OTQ2XkEyXkFqcGdeQXVyODE5NzE3OTE@._V1_SX300.jpg','Life in a Metro',NULL,NULL,'tt0800956'),(406,'Jay doesn\'t believe in love Stories, and Simran, is a girl who\'s in love with the idea of Love itself.','2010',129,5.6,8261,'https://m.media-amazon.com/images/M/MV5BZTRlMTAyNmQtZjA2Zi00MmMzLThlZjItODRmZWJhNTNiYWYxXkEyXkFqcGdeQXVyODE5NzE3OTE@._V1_SX300.jpg','I Hate Luv Storys',NULL,NULL,'tt1667838'),(407,'An army major goes undercover as a college student. His mission is both professional and personal: to protect his general\'s daughter from a radical militant, and to find his estranged half-brother.','2004',182,7,37152,'https://m.media-amazon.com/images/M/MV5BODVkNjU4NGMtODMwNi00ZWU4LWI3ZmYtNjgxNzIyNjY5MmI1XkEyXkFqcGdeQXVyODE5NzE3OTE@._V1_SX300.jpg','Main Hoon Na',NULL,NULL,'tt0347473'),(408,'In an Indian village, a struggling barber sees his luck begin to turn when residents learn that a famous actor he once knew is coming to town.','2009',137,6.3,12354,'https://m.media-amazon.com/images/M/MV5BYWI0MGZlNWYtMmZhMS00ZDIwLTg3N2ItNTgxNWIyOTY1YTNjXkEyXkFqcGdeQXVyODE5NzE3OTE@._V1_SX300.jpg','Billu',NULL,'60%','tt1230448'),(409,'A folk tale - supernatural love story about a ghost who falls in love with a newlywed woman.','2005',140,6.4,13581,'https://m.media-amazon.com/images/M/MV5BMjNmMDJjZWEtMTRjMS00YzMwLWI2NzMtYjY3YjA2NzY3ZWViXkEyXkFqcGdeQXVyODE5NzE3OTE@._V1_SX300.jpg','Paheli',NULL,'57%','tt0451850'),(410,'Four friends reunite to relive their moments of glory as a rock band.','2008',145,7.7,22401,'https://m.media-amazon.com/images/M/MV5BMTM2NjIwODc4N15BMl5BanBnXkFtZTcwMDgwMzM4MQ@@._V1_SX300.jpg','Rock On!!',NULL,NULL,'tt1230165'),(411,'A video camcorder, a store security camera, and concealed cameras candidly expose lives in three loosely-linked tales.','2010',155,7.2,5828,'https://m.media-amazon.com/images/M/MV5BMTgyMjc5Mjg2MF5BMl5BanBnXkFtZTcwNzQ2MjE5Mw@@._V1_SX300.jpg','LSD: Love, Sex Aur Dhokha',NULL,NULL,'tt1608777'),(412,'A re-telling of the Alabaster Arc from One Piece (TV). Luffy and his crew come to rescue a land in the midst of a civil war, due to a powerful devil fruit user.','2007',90,6.8,1794,'https://m.media-amazon.com/images/M/MV5BMDNiMzc2ZjctNTk0OC00NWU1LTk1MWItNGU2NjNkNjI0ZDc3XkEyXkFqcGdeQXVyNTAyODkwOQ@@._V1_SX300.jpg','One Piece: Episode of Alabasta - The Desert Princess and the Pirates',NULL,NULL,'tt1037116'),(413,'Aaliya is not ready for commitment even after a decade-long friendship with Abhay. She remains indifferent when he follows her to Australia, but is finally shaken when he announces his marriage.','2010',118,5.1,4372,'https://m.media-amazon.com/images/M/MV5BMTA1Nzg5NjI2NDZeQTJeQWpwZ15BbWU3MDY4OTgyMTQ@._V1_SX300.jpg','Break Ke Baad',NULL,'17%','tt1578261'),(414,'The desperate lives of two estranged twin brothers converge over missing drugs, politics, racial prejudice, corrupt cops and an unplanned pregnancy.','2009',130,7.4,17492,'https://m.media-amazon.com/images/M/MV5BMTM2MTQ4NTY1Nl5BMl5BanBnXkFtZTcwMDI3NTU2Mg@@._V1_SX300.jpg','Kaminey',NULL,'100%','tt1274295'),(415,'A film about a classical composer who goes insane.','2006',110,6.3,1149,'https://m.media-amazon.com/images/M/MV5BNDA1OGQxMGUtMzc2My00NzExLTk1MTgtNmZiYWE5MDQ3ZjJjXkEyXkFqcGdeQXVyMTcxNTYyMjM@._V1_SX300.jpg','Fuga',NULL,NULL,'tt0442236'),(416,'A Lebanese boy gets separated from his family during the civil war and ends up in Sweden.','2005',105,6.5,3266,'https://m.media-amazon.com/images/M/MV5BZDE4ZTkwMmUtMDhiNi00ZTgzLTg2ZjEtMTNiMjJhYTVlYzUyXkEyXkFqcGdeQXVyNTU5Mzk0NjE@._V1_SX300.jpg','Zozo',NULL,NULL,'tt0448267'),(417,'When Vikram gets tapped to play the male lead in a Bollywood film, he can\'t believe his luck. But it may ruin his relationship with his girlfriend.','2009',156,7.1,10455,'https://m.media-amazon.com/images/M/MV5BMTY4NjIxNDc3Nl5BMl5BanBnXkFtZTcwNDc4NTk5Mw@@._V1_SX300.jpg','Luck by Chance','58/100','81%','tt0886539'),(418,'It has been one year since the boys have become rich. Julian decided to keep the money safe, but when it comes time for everyone to get their share, the money is lost forever.','2008',47,7.8,3735,'https://m.media-amazon.com/images/M/MV5BMTcxNDkyMTk5Ml5BMl5BanBnXkFtZTcwNzIyMzA3Nw@@._V1_SX300.jpg','Say Goodnight to the Bad Guys',NULL,NULL,'tt1324027'),(419,'Naruto, Shikamaru and Sakura are on a mission to deliver a lost pet to a village when a mysterious knight appear to confront them.','2005',97,6.4,4621,'https://m.media-amazon.com/images/M/MV5BMDE3NjY3Y2MtODE4YS00YzFiLThhMTMtY2Q1NTZkODE4M2NlXkEyXkFqcGdeQXVyNjYwMjkwMjg@._V1_SX300.jpg','Naruto the Movie 2: Legend of the Stone of Gelel',NULL,NULL,'tt0791188'),(420,'Six newly-married, diverse, honeymooning couples face marital bliss and discord, finding out more about themselves, their significant others and life in this happy-go-lucky, quirky drama.','2007',118,6.1,2738,'https://m.media-amazon.com/images/M/MV5BYWFhOGRjMGQtMTgyMC00ZjA3LTliYmYtZjBiMDA2YjhlYmM4XkEyXkFqcGdeQXVyNDUzOTQ5MjY@._V1_SX300.jpg','Honeymoon Travels Pvt. Ltd.',NULL,NULL,'tt0808306'),(421,'Manorama, wife of an irrigation minister, tasks Satyaveer to find if her husband is cheating. As Satyaveer starts investigating, he gets trapped in a web of lies and must uncover the entire truth.','2007',137,7.5,8347,'https://m.media-amazon.com/images/M/MV5BOGNjN2M4MDItMzc3YS00ZjdiLTlhMDMtYjk0OWQzMzc1ZjRiXkEyXkFqcGdeQXVyNDUzOTQ5MjY@._V1_SX300.jpg','Manorama: Six Feet Under',NULL,NULL,'tt0920464'),(422,'The lives of four people intersect in Mumbai: a washer-man who wants to become an actor, a banker-turned-photographer, a painter looking for inspiration, and a newly-married immigrant who journals her experiences on home video.','2010',100,7,13404,'https://m.media-amazon.com/images/M/MV5BMTQ0NDIzMzE3OF5BMl5BanBnXkFtZTcwMDUxNzAzNA@@._V1_SX300.jpg','Mumbai Diaries','55/100','65%','tt1433810'),(423,'50 years ago, Inuyasha was marked with a blood scar on his back, and as of yet, he hasn\'t gotten revenge. He encounters children with the same scar desperate to find a way to escape. Inuyasha and his friends is taken to an island ...','2004',89,7.2,1896,'https://m.media-amazon.com/images/M/MV5BMTIwOTEwODQ2Nl5BMl5BanBnXkFtZTcwMTkzODQzMQ@@._V1_SX300.jpg','Inuyasha the Movie 4: Fire on the Mystic Island',NULL,NULL,'tt0473658'),(424,'After breaking up with his childhood sweetheart, a young man finds solace in drugs. Meanwhile, a teenage girl is caught in the world of prostitution. Will they be destroyed, or will they find redemption?','2009',144,7.9,31174,'https://m.media-amazon.com/images/M/MV5BYjU1NjczNzYtYmFjOC00NzkxLTg4YTUtNGYzMTk3NTU0ZDE3XkEyXkFqcGdeQXVyNDUzOTQ5MjY@._V1_SX300.jpg','Dev.D',NULL,NULL,'tt1327035'),(425,'A much abused loner achieves success, and even wins the heart of his gorgeous co-worker, after getting early morning mysterious phone calls from someone.','2010',135,7.1,12496,'https://m.media-amazon.com/images/M/MV5BMTg4NzUyNDExMl5BMl5BanBnXkFtZTcwOTg3NTk5Mw@@._V1_SX300.jpg','Karthik Calling Karthik',NULL,'80%','tt1373156'),(426,'Two straight guys pretend to be gay in order to secure a Miami apartment. When both of them fall for their roommate Neha, hilarity ensues as they strive to convince one and all that they\'re gay whilst secretly trying to win her he...','2008',145,6.5,15430,'https://m.media-amazon.com/images/M/MV5BOTE0NDU1ZTctYjRjYS00OTEyLTkzOWQtNmRiNDg5ZDU1ODBiXkEyXkFqcGdeQXVyNjQ2MjQ5NzM@._V1_SX300.jpg','Dostana',NULL,'87%','tt1185420'),(427,'Esra working for a logistics firm lives with her best friend Didem in the same house. She realizes at the wedding of her another best friend Zeynep that she has been leading a life she never wanted to. She decides to start a new l...','2010',95,5.3,5192,'https://m.media-amazon.com/images/M/MV5BNTI2OTYxNTczMF5BMl5BanBnXkFtZTgwNzMwODc0NDE@._V1_SX300.jpg','Romantik Komedi',NULL,NULL,'tt1587263'),(428,'A woman finds that her neighbors are terrorists, and her husband is not who he claims to be.','2009',161,5.7,5307,'https://m.media-amazon.com/images/M/MV5BMjE3NjQxMjg4NF5BMl5BanBnXkFtZTcwNDQ3NTk5Mw@@._V1_SX300.jpg','Kurbaan',NULL,NULL,'tt1185442'),(429,'The young wizard Merlin must rescue the helpless people from the evil King Vidus and his ruthless high counselor.','1998',89,6.4,377,'https://m.media-amazon.com/images/M/MV5BNDg2NDEyNDkyMF5BMl5BanBnXkFtZTgwMDgxMDYxNDE@._V1_SX300.jpg','Merlin',NULL,'82%','tt0139460'),(430,'A robot malfunction creates havoc and terror for unsuspecting vacationers at a futuristic, adult-themed amusement park.','1973',88,6.9,59925,'https://m.media-amazon.com/images/M/MV5BMWY0NzM5MDAtYTg2NC00MDZjLTgwM2UtZjdiOTEzMjQ4MjU0L2ltYWdlXkEyXkFqcGdeQXVyNTAyODkwOQ@@._V1_SX300.jpg','Westworld','77/100','85%','tt0070909'),(431,'A loyal and dedicated Hong Kong Inspector teams up with a reckless and loudmouthed L.A.P.D. detective to rescue the Chinese Consul\'s kidnapped daughter, while trying to arrest a dangerous crime lord along the way.','1998',98,7,282290,'https://m.media-amazon.com/images/M/MV5BYWM2NDZmYmYtNzlmZC00M2MyLWJmOGUtMjhiYmQ2OGU1YTE1L2ltYWdlL2ltYWdlXkEyXkFqcGdeQXVyMTQxNzMzNDI@._V1_SX300.jpg','Rush Hour','60/100','62%','tt0120812'),(432,'Elfina, top attraction at House Of The Dragon Bikini Bar is over 1000 years old, having traveled through a time warp to the year 2022 A.D. from the year 1022 A.D. She escaped patriarchy in another era, but finds it exists 1000 yea...','2020',9,0,0,'https://m.media-amazon.com/images/M/MV5BYzM1N2I2NmItNTJkNy00NGY4LWFlOWQtNzZjMzJmZmQwYjg1XkEyXkFqcGdeQXVyMjEzMjMzMjE@._V1_SX300.jpg','House of the Dragon - The Dancers',NULL,NULL,'tt12251966'),(433,'','2003',0,8.2,12,'https://m.media-amazon.com/images/M/MV5BYTM3N2ZiZTgtYjlhOC00NGI2LTk5MWItNDBiOGVhZmNhMzZkXkEyXkFqcGdeQXVyMTEwNDU1MzEy._V1_SX300.jpg','Game of Thrones',NULL,NULL,'tt13380510'),(434,'','',0,0,0,'','',NULL,NULL,''),(435,'','',0,0,0,'','',NULL,NULL,''),(436,'Luke Skywalker joins forces with a Jedi Knight, a cocky pilot, a Wookiee and two droids to save the galaxy from the Empire\'s world-destroying battle station, while also attempting to rescue Princess Leia from the mysterious Darth ...','1977',121,8.6,1405284,'https://m.media-amazon.com/images/M/MV5BOTA5NjhiOTAtZWM0ZC00MWNhLThiMzEtZDFkOTk2OTU1ZDJkXkEyXkFqcGdeQXVyMTA4NDI1NTQx._V1_SX300.jpg','Star Wars: Episode IV - A New Hope','90/100','93%','tt0076759'),(437,'Fugitive Jesse Pinkman runs from his captors, the law, and his past.','2019',122,7.3,273417,'https://m.media-amazon.com/images/M/MV5BNjk4MzVlM2UtZGM0ZC00M2M1LThkMWEtZjUyN2U2ZTc0NmM5XkEyXkFqcGdeQXVyOTAzMTc2MjA@._V1_SX300.jpg','El Camino: A Breaking Bad Movie','72/100','92%','tt9243946');
/*!40000 ALTER TABLE `movies` ENABLE KEYS */;
UNLOCK TABLES;

--
-- Table structure for table `seasons`
--

DROP TABLE IF EXISTS `seasons`;
/*!40101 SET @saved_cs_client     = @@character_set_client */;
/*!50503 SET character_set_client = utf8mb4 */;
CREATE TABLE `seasons` (
  `ID` int NOT NULL AUTO_INCREMENT,
  `TVShowID` int NOT NULL,
  `EpisodeCount` int DEFAULT NULL,
  `CoverArt` longtext CHARACTER SET utf8mb4 COLLATE utf8mb4_0900_ai_ci,
  `SeasonNumber` int NOT NULL DEFAULT '0',
  PRIMARY KEY (`ID`),
  KEY `IX_Seasons_TVShowID` (`TVShowID`),
  CONSTRAINT `FK_Seasons_TVShows_TVShowID` FOREIGN KEY (`TVShowID`) REFERENCES `tvshows` (`ID`) ON DELETE CASCADE
) ENGINE=InnoDB AUTO_INCREMENT=156 DEFAULT CHARSET=utf8mb4 COLLATE=utf8mb4_0900_ai_ci;
/*!40101 SET character_set_client = @saved_cs_client */;

--
-- Dumping data for table `seasons`
--

LOCK TABLES `seasons` WRITE;
/*!40000 ALTER TABLE `seasons` DISABLE KEYS */;
INSERT INTO `seasons` VALUES (2,24,NULL,NULL,1),(47,24,10,NULL,1),(48,24,10,NULL,2),(49,24,10,NULL,3),(50,25,10,NULL,1),(51,26,7,NULL,1),(52,26,13,NULL,2),(53,26,13,NULL,3),(54,26,13,NULL,4),(55,26,16,NULL,5),(56,27,10,NULL,1),(57,27,10,NULL,2),(58,27,10,NULL,3),(59,27,10,NULL,4),(60,27,10,NULL,5),(61,27,10,NULL,6),(62,27,7,NULL,7),(63,27,6,NULL,8),(64,28,18,NULL,1),(65,28,22,NULL,2),(66,28,15,NULL,3),(67,29,0,NULL,1),(68,29,0,NULL,2),(69,29,0,NULL,3),(70,29,0,NULL,4),(71,29,0,NULL,5),(72,29,0,NULL,6),(73,29,0,NULL,7),(74,29,0,NULL,8),(75,29,0,NULL,9),(76,29,0,NULL,10),(77,29,0,NULL,11),(78,29,0,NULL,12),(79,29,0,NULL,13),(80,29,0,NULL,14),(81,29,0,NULL,15),(82,29,0,NULL,16),(83,29,0,NULL,17),(84,29,0,NULL,18),(85,29,0,NULL,19),(86,29,0,NULL,20),(87,29,0,NULL,21),(88,29,0,NULL,22),(89,29,0,NULL,23),(90,29,0,NULL,24),(91,29,0,NULL,25),(92,29,0,NULL,26),(93,29,0,NULL,27),(94,29,0,NULL,28),(95,29,0,NULL,29),(96,29,0,NULL,30),(97,29,0,NULL,31),(98,29,0,NULL,32),(99,29,0,NULL,33),(100,29,0,NULL,34),(101,30,14,NULL,1),(102,30,18,NULL,2),(103,30,26,NULL,3),(104,30,10,NULL,4),(105,30,16,NULL,5),(106,30,10,NULL,6),(107,303,10,NULL,1),(108,303,10,NULL,2),(109,303,8,NULL,3),(110,303,8,NULL,4),(111,24,NULL,NULL,1),(116,24,NULL,NULL,1),(117,26,NULL,NULL,1),(118,29,NULL,NULL,1),(119,24,NULL,NULL,1),(120,27,NULL,NULL,1),(121,26,NULL,NULL,2),(122,26,NULL,NULL,4),(123,26,NULL,NULL,1),(124,26,NULL,NULL,2),(125,28,NULL,NULL,1),(126,28,NULL,NULL,2),(127,25,NULL,NULL,1),(128,25,NULL,NULL,1),(129,25,NULL,NULL,1),(131,26,NULL,NULL,2),(132,26,NULL,NULL,2),(133,28,NULL,NULL,3),(134,27,NULL,NULL,1),(136,27,NULL,NULL,1),(137,27,NULL,NULL,1),(138,29,NULL,NULL,2),(139,28,NULL,NULL,1),(140,28,NULL,NULL,2),(141,27,NULL,NULL,1),(142,24,NULL,NULL,1),(143,29,NULL,NULL,1),(144,29,NULL,NULL,1),(145,304,23,NULL,1),(146,304,22,NULL,2),(147,304,22,NULL,3),(148,304,22,NULL,4),(149,304,22,NULL,5),(150,307,60,NULL,1),(151,307,60,NULL,2),(152,26,8,NULL,6),(153,308,34,NULL,1),(154,308,60,NULL,2),(155,308,26,NULL,3);
/*!40000 ALTER TABLE `seasons` ENABLE KEYS */;
UNLOCK TABLES;

--
-- Table structure for table `shootingplaces`
--

DROP TABLE IF EXISTS `shootingplaces`;
/*!40101 SET @saved_cs_client     = @@character_set_client */;
/*!50503 SET character_set_client = utf8mb4 */;
CREATE TABLE `shootingplaces` (
  `ID` int NOT NULL AUTO_INCREMENT,
  `Country` longtext CHARACTER SET utf8mb4 COLLATE utf8mb4_0900_ai_ci NOT NULL,
  `City` varchar(20) CHARACTER SET utf8mb4 COLLATE utf8mb4_0900_ai_ci DEFAULT NULL,
  `MapsCoordinates` longtext CHARACTER SET utf8mb4 COLLATE utf8mb4_0900_ai_ci,
  PRIMARY KEY (`ID`)
) ENGINE=InnoDB AUTO_INCREMENT=58 DEFAULT CHARSET=utf8mb4 COLLATE=utf8mb4_0900_ai_ci;
/*!40101 SET character_set_client = @saved_cs_client */;

--
-- Dumping data for table `shootingplaces`
--

LOCK TABLES `shootingplaces` WRITE;
/*!40000 ALTER TABLE `shootingplaces` DISABLE KEYS */;
INSERT INTO `shootingplaces` VALUES (3,'United States','',''),(4,'United Kingdom','',''),(5,'New Zealand','',''),(6,'China','',''),(7,'Australia','',''),(8,'Netherlands','',''),(9,'Germany','',''),(10,'Spain','',''),(11,'Morocco','',''),(12,'Italy','',''),(13,'France','',''),(14,'USA','',''),(15,'Serbia','',''),(16,'Japan','',''),(17,'Sweden','',''),(18,'Canada','',''),(19,'Poland','',''),(20,'South Africa','',''),(21,'Hong Kong','',''),(22,'UK','',''),(23,'Egypt','',''),(24,'West Germany','',''),(25,'Algeria','',''),(26,'India','',''),(27,'Soviet Union','',''),(28,'N/A','',''),(29,'Lebanon','',''),(30,'Malaysia','',''),(31,'Argentina','',''),(32,'Mexico','',''),(33,'Brazil','',''),(34,'Peru','',''),(35,'Ghana','',''),(36,'Burkina Faso','',''),(37,'Ethiopia','',''),(39,'Israel','',''),(40,'Occupied Palestinian Territory','',''),(41,'Norway','',''),(42,'Belgium','',''),(43,'Denmark','',''),(44,'Czech Republic','',''),(45,'Bahamas','',''),(46,'Malta','',''),(47,'Ireland','',''),(48,'Finland','',''),(49,'Russia','',''),(50,'South Korea','',''),(51,'Austria','',''),(52,'Syria','',''),(53,'Colombia','',''),(54,'Chile','',''),(55,'Uruguay','',''),(56,'Turkey','',''),(57,'Taiwan','','');
/*!40000 ALTER TABLE `shootingplaces` ENABLE KEYS */;
UNLOCK TABLES;

--
-- Table structure for table `shootingplacesmovie`
--

DROP TABLE IF EXISTS `shootingplacesmovie`;
/*!40101 SET @saved_cs_client     = @@character_set_client */;
/*!50503 SET character_set_client = utf8mb4 */;
CREATE TABLE `shootingplacesmovie` (
  `ShootingPlaceID` int NOT NULL,
  `MovieID` int NOT NULL,
  PRIMARY KEY (`ShootingPlaceID`,`MovieID`),
  KEY `IX_ShootingPlacesMovie_MovieID` (`MovieID`),
  CONSTRAINT `FK_ShootingPlacesMovie_Movies_MovieID` FOREIGN KEY (`MovieID`) REFERENCES `movies` (`ID`) ON DELETE CASCADE,
  CONSTRAINT `FK_ShootingPlacesMovie_ShootingPlaces_ShootingPlaceID` FOREIGN KEY (`ShootingPlaceID`) REFERENCES `shootingplaces` (`ID`) ON DELETE CASCADE
) ENGINE=InnoDB DEFAULT CHARSET=utf8mb4 COLLATE=utf8mb4_0900_ai_ci;
/*!40101 SET character_set_client = @saved_cs_client */;

--
-- Dumping data for table `shootingplacesmovie`
--

LOCK TABLES `shootingplacesmovie` WRITE;
/*!40000 ALTER TABLE `shootingplacesmovie` DISABLE KEYS */;
INSERT INTO `shootingplacesmovie` VALUES (3,16),(4,16),(3,17),(4,17),(3,18),(3,19),(5,19),(3,20),(5,20),(3,22),(5,22),(15,23),(3,24),(6,24),(3,25),(5,25),(16,25),(3,26),(3,27),(7,27),(3,28),(3,34),(4,34),(6,34),(17,34),(3,37),(4,37),(9,37),(10,37),(11,37),(12,37),(13,37),(14,38),(3,39),(18,39),(4,40),(9,40),(13,40),(19,40),(3,41),(14,43),(3,44),(3,45),(16,45),(20,45),(21,47),(3,49),(4,49),(9,49),(3,51),(20,52),(3,53),(3,54),(4,54),(9,54),(3,55),(3,56),(3,58),(4,58),(13,58),(3,59),(3,60),(4,61),(3,62),(4,62),(4,63),(3,64),(3,65),(3,66),(3,67),(4,67),(3,68),(3,69),(3,70),(23,71),(24,72),(3,73),(23,74),(25,74),(23,75),(26,76),(23,77),(26,78),(27,78),(23,80),(13,81),(18,81),(29,81),(26,82),(30,82),(29,83),(23,84),(26,85),(26,86),(26,87),(13,88),(18,88),(29,88),(26,90),(3,91),(3,92),(4,92),(3,93),(12,93),(3,94),(3,95),(3,96),(3,97),(3,98),(3,99),(3,100),(3,101),(3,102),(3,103),(3,104),(26,105),(16,106),(16,107),(3,108),(31,109),(3,110),(16,111),(4,112),(26,113),(26,114),(4,115),(3,116),(3,117),(3,118),(26,119),(3,120),(3,121),(3,122),(26,123),(26,124),(13,125),(23,125),(26,126),(3,127),(26,128),(3,129),(26,130),(26,131),(28,132),(26,133),(23,134),(13,135),(29,135),(3,136),(3,137),(3,138),(3,139),(3,140),(3,141),(4,141),(3,142),(3,143),(32,143),(3,144),(3,145),(9,145),(3,146),(3,147),(3,148),(13,148),(3,149),(3,150),(16,150),(3,151),(3,152),(3,153),(16,153),(3,154),(3,155),(3,156),(9,156),(3,157),(3,158),(3,159),(3,160),(16,161),(3,162),(3,163),(3,164),(18,164),(3,165),(3,166),(33,166),(34,166),(3,167),(3,168),(4,168),(3,169),(3,170),(12,170),(13,170),(16,170),(3,171),(3,172),(18,172),(3,173),(16,173),(28,174),(19,175),(3,176),(28,177),(3,178),(3,179),(3,180),(21,180),(3,181),(3,182),(26,183),(4,184),(3,185),(26,186),(26,187),(3,188),(3,189),(4,189),(9,189),(35,189),(36,189),(37,189),(32,190),(10,191),(31,191),(3,192),(3,193),(4,194),(26,195),(28,196),(26,197),(3,198),(26,199),(26,200),(13,201),(23,201),(3,203),(9,203),(13,203),(39,203),(40,203),(28,204),(26,205),(3,206),(26,207),(26,208),(26,209),(28,210),(3,211),(26,212),(29,213),(28,214),(13,215),(29,215),(41,215),(42,215),(26,216),(12,217),(13,217),(42,217),(26,218),(3,219),(3,220),(26,221),(4,222),(13,223),(23,223),(26,224),(13,225),(23,225),(26,226),(26,227),(3,228),(26,229),(27,229),(3,230),(3,231),(18,231),(3,232),(18,232),(3,233),(3,234),(3,235),(4,235),(3,236),(21,236),(3,237),(18,237),(3,238),(3,239),(9,239),(3,240),(4,240),(9,240),(44,240),(45,240),(3,241),(3,242),(3,243),(3,244),(3,245),(3,246),(4,246),(46,246),(3,247),(4,247),(7,247),(9,247),(3,248),(4,248),(13,248),(3,249),(3,250),(4,250),(3,251),(3,252),(3,253),(3,254),(3,255),(3,256),(16,256),(3,257),(3,258),(3,259),(3,260),(3,261),(9,261),(3,262),(9,262),(3,263),(3,264),(9,264),(18,264),(3,265),(18,265),(3,266),(3,267),(3,268),(3,269),(3,270),(28,271),(3,272),(3,273),(6,274),(21,274),(3,275),(3,276),(3,277),(4,277),(3,278),(3,279),(3,280),(3,281),(3,282),(3,283),(3,284),(4,284),(9,284),(13,284),(3,285),(4,285),(9,285),(13,285),(3,286),(26,287),(3,288),(3,289),(3,290),(3,291),(3,292),(3,293),(3,294),(3,295),(3,296),(4,296),(3,297),(4,297),(3,298),(3,299),(3,300),(18,300),(3,301),(20,301),(3,302),(3,303),(9,303),(3,304),(3,305),(3,306),(7,306),(9,306),(3,307),(3,308),(26,309),(3,310),(6,311),(21,311),(3,312),(3,313),(3,314),(3,315),(3,316),(28,317),(3,318),(3,319),(3,320),(3,321),(26,322),(3,323),(3,324),(3,325),(9,325),(3,326),(3,327),(18,327),(26,327),(51,328),(16,329),(3,330),(32,331),(16,332),(3,333),(4,333),(18,333),(3,334),(18,335),(23,336),(10,337),(13,337),(32,337),(3,338),(26,339),(26,340),(18,341),(26,342),(28,343),(26,344),(9,345),(52,345),(26,346),(26,347),(28,348),(3,349),(3,350),(16,351),(26,352),(3,353),(3,354),(18,354),(26,355),(26,356),(3,357),(26,358),(3,359),(3,360),(26,361),(26,362),(33,363),(54,363),(3,364),(16,365),(3,366),(3,367),(26,368),(16,369),(9,370),(11,370),(13,370),(40,370),(7,371),(3,372),(16,373),(16,374),(26,375),(26,376),(16,377),(26,378),(50,379),(9,380),(10,380),(31,380),(55,380),(26,381),(13,382),(3,383),(26,384),(26,385),(16,386),(3,387),(56,388),(26,389),(26,390),(26,391),(21,392),(3,393),(28,394),(16,395),(26,396),(26,397),(26,398),(16,399),(26,400),(26,401),(26,402),(16,403),(26,404),(26,405),(26,406),(26,407),(26,408),(26,409),(28,410),(26,411),(16,412),(26,413),(26,414),(31,415),(54,415),(4,416),(8,416),(17,416),(43,416),(44,416),(26,417),(18,418),(16,419),(26,420),(26,421),(26,422),(16,423),(26,424),(26,425),(3,426),(26,426),(56,427),(26,428),(3,429),(18,429),(3,430),(3,431),(3,432),(22,433),(3,436),(3,437);
/*!40000 ALTER TABLE `shootingplacesmovie` ENABLE KEYS */;
UNLOCK TABLES;

--
-- Table structure for table `shootingplacestvshows`
--

DROP TABLE IF EXISTS `shootingplacestvshows`;
/*!40101 SET @saved_cs_client     = @@character_set_client */;
/*!50503 SET character_set_client = utf8mb4 */;
CREATE TABLE `shootingplacestvshows` (
  `ShootingPlaceID` int NOT NULL,
  `TVShowID` int NOT NULL,
  PRIMARY KEY (`ShootingPlaceID`,`TVShowID`),
  KEY `IX_ShootingPlacesTVShows_TVShowID` (`TVShowID`),
  CONSTRAINT `FK_ShootingPlacesTVShows_ShootingPlaces_ShootingPlaceID` FOREIGN KEY (`ShootingPlaceID`) REFERENCES `shootingplaces` (`ID`) ON DELETE CASCADE,
  CONSTRAINT `FK_ShootingPlacesTVShows_TVShows_TVShowID` FOREIGN KEY (`TVShowID`) REFERENCES `tvshows` (`ID`) ON DELETE CASCADE
) ENGINE=InnoDB DEFAULT CHARSET=utf8mb4 COLLATE=utf8mb4_0900_ai_ci;
/*!40101 SET character_set_client = @saved_cs_client */;

--
-- Dumping data for table `shootingplacestvshows`
--

LOCK TABLES `shootingplacestvshows` WRITE;
/*!40000 ALTER TABLE `shootingplacestvshows` DISABLE KEYS */;
INSERT INTO `shootingplacestvshows` VALUES (3,24),(3,25),(3,26),(3,27),(4,27),(3,28),(3,29),(3,30),(4,31),(3,56),(3,57),(3,58),(4,58),(18,58),(3,59),(3,60),(3,61),(28,62),(4,63),(5,97),(3,98),(3,99),(18,99),(16,100),(16,101),(3,102),(16,103),(16,104),(3,105),(3,106),(16,106),(3,108),(18,108),(3,109),(18,109),(16,110),(3,111),(3,112),(3,113),(16,114),(3,116),(3,117),(3,118),(3,119),(10,120),(13,121),(18,121),(13,123),(4,211),(3,212),(3,213),(4,214),(3,215),(43,216),(3,217),(3,218),(3,219),(18,220),(28,221),(3,222),(3,223),(3,224),(4,225),(3,226),(3,227),(16,228),(3,229),(16,230),(3,231),(18,231),(3,232),(3,233),(18,234),(3,235),(3,236),(18,236),(3,237),(9,237),(3,238),(4,239),(3,240),(3,241),(7,242),(16,243),(28,247),(3,248),(4,248),(47,248),(3,249),(13,249),(16,249),(7,250),(4,251),(16,252),(3,253),(4,253),(3,254),(4,255),(9,255),(48,255),(16,256),(3,257),(16,258),(4,259),(10,259),(3,260),(13,260),(18,260),(7,261),(49,263),(16,264),(13,265),(3,268),(13,268),(4,269),(3,271),(3,272),(50,274),(13,277),(3,278),(18,278),(18,279),(3,280),(16,282),(53,283),(4,284),(53,285),(4,287),(50,288),(50,289),(3,290),(13,291),(3,292),(4,293),(13,293),(4,294),(53,298),(26,300),(57,301),(3,302),(3,303),(3,304),(3,305),(3,306),(23,307),(3,308);
/*!40000 ALTER TABLE `shootingplacestvshows` ENABLE KEYS */;
UNLOCK TABLES;

--
-- Table structure for table `subtitlemovies`
--

DROP TABLE IF EXISTS `subtitlemovies`;
/*!40101 SET @saved_cs_client     = @@character_set_client */;
/*!50503 SET character_set_client = utf8mb4 */;
CREATE TABLE `subtitlemovies` (
  `ID` int NOT NULL AUTO_INCREMENT,
  `MovieID` int NOT NULL,
  `LanguageID` int NOT NULL,
  `DownloadCount` int NOT NULL,
  `SubtitlePath` longtext CHARACTER SET utf8mb4 COLLATE utf8mb4_0900_ai_ci NOT NULL,
  `RatingValue` double NOT NULL,
  `RatingCount` int NOT NULL,
  `AdminID` int DEFAULT NULL,
  `FrameRate` int DEFAULT NULL,
  `Release` longtext CHARACTER SET utf8mb4 COLLATE utf8mb4_0900_ai_ci,
  PRIMARY KEY (`ID`),
  KEY `IX_SubtitleMovies_AdminID` (`AdminID`),
  KEY `IX_SubtitleMovies_LanguageID` (`LanguageID`),
  KEY `IX_SubtitleMovies_MovieID` (`MovieID`),
  CONSTRAINT `FK_SubtitleMovies_Admins_AdminID` FOREIGN KEY (`AdminID`) REFERENCES `admins` (`ID`),
  CONSTRAINT `FK_SubtitleMovies_Languages_LanguageID` FOREIGN KEY (`LanguageID`) REFERENCES `languages` (`ID`) ON DELETE CASCADE,
  CONSTRAINT `FK_SubtitleMovies_Movies_MovieID` FOREIGN KEY (`MovieID`) REFERENCES `movies` (`ID`) ON DELETE CASCADE
) ENGINE=InnoDB AUTO_INCREMENT=35 DEFAULT CHARSET=utf8mb4 COLLATE=utf8mb4_0900_ai_ci;
/*!40101 SET character_set_client = @saved_cs_client */;

--
-- Dumping data for table `subtitlemovies`
--

LOCK TABLES `subtitlemovies` WRITE;
/*!40000 ALTER TABLE `subtitlemovies` DISABLE KEYS */;
INSERT INTO `subtitlemovies` VALUES (1,22,8,0,'subtitleMovieUploads\\TheLordOfTheRings-TheReturnOfTheKing.srt314202334356PM',0,0,NULL,25,'Blue-Ray'),(8,18,8,0,'subtitleMovieUploads\\The.Godfather.1972.1080p.BrRip.x264.BOKUTOX.YIFY.srt315202331609PM',0,0,NULL,25,'Blue-Ray'),(13,16,8,0,'subtitleMovieUploads\\BatmanBegins.srt315202342332PM',3.75,4,NULL,1,'1'),(16,19,15,0,'subtitleMovieUploads\\The326202383417PM.srt',0,0,NULL,25,'CrniRay'),(18,16,3,0,'subtitleMovieUploads\\sd-Copy002-Apr-23211921.srt',0,0,NULL,0,'BluRay'),(19,16,3,0,'subtitleMovieUploads\\sd-Copy002-Apr-23211936.srt',0,0,NULL,0,'sds'),(23,17,15,1,'subtitleMovieUploads\\The18072023211317.srt',0,0,NULL,23,'Blu-Ray'),(24,17,15,1,'subtitleMovieUploads/The01082023015137.srt',0,0,NULL,25,'Blue-Ray'),(25,17,15,0,'subtitleMovieUploads/The01082023022357.srt',0,0,NULL,25,'DVDRIp'),(26,25,15,1,'subtitleMovieUploads/The01082023022657.srt',0,0,NULL,25,'Blue-Ray'),(27,25,15,0,'subtitleMovieUploads/The01082023023344.srt',0,0,NULL,25,'The.Last.Samurai.2003.1080p.BrRip.x264.YIFY'),(28,16,8,2,'subtitleMovieUploads\\batman81202394337AM.srt',0,0,NULL,0,''),(29,16,8,0,'subtitleMovieUploads\\batman832023110526AM.srt',0,0,NULL,99,'PlaviRey'),(30,16,8,0,'subtitleMovieUploads\\batman832023110600AM.srt',0,0,NULL,99,'PlaviRey'),(31,16,8,0,'subtitleMovieUploads\\batman832023110708AM.srt',0,0,NULL,0,''),(33,16,2,0,'subtitleMovieUploads\\batman832023111828AM.srt',0,0,NULL,0,''),(34,18,15,1,'subtitleMovieUploads/The84202355453PM.srt',0,0,NULL,25,'Godfather-Blue-Ray-Release-Thingy');
/*!40000 ALTER TABLE `subtitlemovies` ENABLE KEYS */;
UNLOCK TABLES;

--
-- Table structure for table `subtitletvshows`
--

DROP TABLE IF EXISTS `subtitletvshows`;
/*!40101 SET @saved_cs_client     = @@character_set_client */;
/*!50503 SET character_set_client = utf8mb4 */;
CREATE TABLE `subtitletvshows` (
  `ID` int NOT NULL AUTO_INCREMENT,
  `EpisodeID` int NOT NULL,
  `LanguageID` int NOT NULL,
  `DownloadCount` int NOT NULL,
  `SubtitlePath` longtext CHARACTER SET utf8mb4 COLLATE utf8mb4_0900_ai_ci NOT NULL,
  `RatingValue` double NOT NULL,
  `RatingCount` int NOT NULL,
  `AdminID` int DEFAULT NULL,
  `FrameRate` int DEFAULT NULL,
  `Release` longtext CHARACTER SET utf8mb4 COLLATE utf8mb4_0900_ai_ci,
  PRIMARY KEY (`ID`),
  KEY `IX_SubtitleTVShows_AdminID` (`AdminID`),
  KEY `IX_SubtitleTVShows_EpisodeID` (`EpisodeID`),
  KEY `IX_SubtitleTVShows_LanguageID` (`LanguageID`),
  CONSTRAINT `FK_SubtitleTVShows_Admins_AdminID` FOREIGN KEY (`AdminID`) REFERENCES `admins` (`ID`),
  CONSTRAINT `FK_SubtitleTVShows_Episodes_EpisodeID` FOREIGN KEY (`EpisodeID`) REFERENCES `episodes` (`ID`) ON DELETE CASCADE,
  CONSTRAINT `FK_SubtitleTVShows_Languages_LanguageID` FOREIGN KEY (`LanguageID`) REFERENCES `languages` (`ID`) ON DELETE CASCADE
) ENGINE=InnoDB AUTO_INCREMENT=34 DEFAULT CHARSET=utf8mb4 COLLATE=utf8mb4_0900_ai_ci;
/*!40101 SET character_set_client = @saved_cs_client */;

--
-- Dumping data for table `subtitletvshows`
--

LOCK TABLES `subtitletvshows` WRITE;
/*!40000 ALTER TABLE `subtitletvshows` DISABLE KEYS */;
INSERT INTO `subtitletvshows` VALUES (2,747,8,0,'subtitleTVShowUploads\\TheLordOfTheRings-TheReturnOfTheKing.srt315202311333AM',0,0,NULL,NULL,NULL),(4,3,8,0,'subtitleTVShowUploads\\TheLordOfTheRings-TheReturnOfTheKing.srt315202310624AM',0,0,NULL,NULL,NULL),(5,752,8,0,'subtitleTVShowUploads\\aaaaaaaaaaaaa.srt315202312424AM',0,0,NULL,NULL,NULL),(6,753,8,0,'subtitleTVShowUploads\\Breaking.Bad.S01E01.srt315202333026PM',0,0,NULL,NULL,NULL),(7,754,8,0,'subtitleTVShowUploads\\Simpsons.S01E01.srt315202341151PM',0,0,NULL,NULL,NULL),(8,755,8,0,'subtitleTVShowUploads\\aaaaaaaaaaaaa3222023105513AM.srt',0,0,NULL,NULL,NULL),(9,756,8,1,'subtitleTVShowUploads\\GameofThronesS01E01326202361007PM.srt',5,1,NULL,NULL,NULL),(10,757,8,0,'subtitleTVShowUploads\\BreakingBadS02E03BitByADeadBee326202381507PM.srt',0,0,NULL,NULL,NULL),(11,758,8,0,'subtitleTVShowUploads\\BreakingBadS02E03BitByADeadBee326202381708PM.srt',0,0,NULL,NULL,NULL),(12,759,8,0,'subtitleTVShowUploads\\BreakingBadS02E03BitByADeadBee326202382529PM.srt',0,0,NULL,NULL,NULL),(13,760,8,0,'subtitleTVShowUploads\\BreakingBadS02E03BitByADeadBee326202382726PM.srt',0,0,NULL,NULL,NULL),(14,761,8,0,'subtitleTVShowUploads\\Simpsons326202382952PM.srt',0,0,NULL,NULL,NULL),(15,762,8,0,'subtitleTVShowUploads\\BatmanBegins326202383131PM.srt',5,1,NULL,NULL,NULL),(16,763,15,0,'subtitleTVShowUploads\\House27032023154427.srt',0,0,NULL,NULL,NULL),(17,764,15,0,'subtitleTVShowUploads\\test19-May-23204044.srt',0,0,NULL,NULL,NULL),(18,765,15,0,'subtitleTVShowUploads\\test19-May-23204049.srt',0,0,NULL,NULL,NULL),(23,770,15,0,'subtitleTVShowUploads/Game01082023010417.srt',0,0,NULL,NULL,NULL),(25,772,15,0,'subtitleTVShowUploads/Game01082023010659.srt',0,0,NULL,NULL,NULL),(26,773,15,1,'subtitleTVShowUploads/Game01082023011822.srt',0,0,NULL,NULL,NULL),(27,774,8,0,'subtitleTVShowUploads\\BatmanBegins81202394454AM.srt',0,0,NULL,NULL,NULL),(28,775,3,0,'subtitleTVShowUploads\\BatmanBegins81202395842AM.srt',0,0,NULL,NULL,NULL),(29,776,12,1,'subtitleTVShowUploads\\BatmanBegins812023100441AM.srt',0,0,NULL,NULL,NULL),(30,777,8,0,'subtitleTVShowUploads\\batman832023105233AM.srt',0,0,NULL,NULL,NULL),(31,778,1,1,'subtitleTVShowUploads\\batman83202315803PM.srt',0,0,NULL,99,'PlaviRey'),(32,779,15,0,'subtitleTVShowUploads/TheSimpsons-Season1Complete[DVDRIPVP7KEGGERMAN](1)84202373520PM.srt',0,0,NULL,25,'Simspons-S01E01-Blue-Ray'),(33,780,8,0,'subtitleTVShowUploads/Simspons-S01E01-Blue-Ray84202374605PM.srt',0,0,NULL,25,'Simspons-S01E01-Bosnian');
/*!40000 ALTER TABLE `subtitletvshows` ENABLE KEYS */;
UNLOCK TABLES;

--
-- Table structure for table `subtitleusers`
--

DROP TABLE IF EXISTS `subtitleusers`;
/*!40101 SET @saved_cs_client     = @@character_set_client */;
/*!50503 SET character_set_client = utf8mb4 */;
CREATE TABLE `subtitleusers` (
  `ID` int NOT NULL AUTO_INCREMENT,
  `UserID` int NOT NULL,
  `SubtitleMovieID` int DEFAULT NULL,
  `SubtitleTVShowID` int DEFAULT NULL,
  `TranslationID` int DEFAULT NULL,
  `RatingValue` double NOT NULL,
  `RatingCount` int NOT NULL,
  PRIMARY KEY (`ID`),
  KEY `IX_SubtitleUsers_SubtitleMovieID` (`SubtitleMovieID`),
  KEY `IX_SubtitleUsers_SubtitleTVShowID` (`SubtitleTVShowID`),
  KEY `IX_SubtitleUsers_TranslationID` (`TranslationID`),
  KEY `IX_SubtitleUsers_UserID` (`UserID`),
  CONSTRAINT `FK_SubtitleUsers_SubtitleMovies_SubtitleMovieID` FOREIGN KEY (`SubtitleMovieID`) REFERENCES `subtitlemovies` (`ID`),
  CONSTRAINT `FK_SubtitleUsers_SubtitleTVShows_SubtitleTVShowID` FOREIGN KEY (`SubtitleTVShowID`) REFERENCES `subtitletvshows` (`ID`),
  CONSTRAINT `FK_SubtitleUsers_Translations_TranslationID` FOREIGN KEY (`TranslationID`) REFERENCES `translations` (`ID`),
  CONSTRAINT `FK_SubtitleUsers_Users_UserID` FOREIGN KEY (`UserID`) REFERENCES `users` (`ID`) ON DELETE CASCADE
) ENGINE=InnoDB AUTO_INCREMENT=60 DEFAULT CHARSET=utf8mb4 COLLATE=utf8mb4_0900_ai_ci;
/*!40101 SET character_set_client = @saved_cs_client */;

--
-- Dumping data for table `subtitleusers`
--

LOCK TABLES `subtitleusers` WRITE;
/*!40000 ALTER TABLE `subtitleusers` DISABLE KEYS */;
INSERT INTO `subtitleusers` VALUES (9,69,NULL,2,NULL,0,0),(10,69,NULL,5,NULL,0,0),(11,69,8,NULL,NULL,0,0),(12,69,NULL,6,NULL,0,0),(14,69,NULL,7,NULL,0,0),(15,69,13,NULL,NULL,0,0),(17,69,NULL,8,NULL,0,0),(19,69,NULL,9,NULL,0,0),(20,69,NULL,10,NULL,0,0),(21,69,NULL,11,NULL,0,0),(22,69,NULL,12,NULL,0,0),(23,69,NULL,13,NULL,0,0),(24,69,NULL,14,NULL,0,0),(25,69,NULL,15,NULL,0,0),(26,69,16,NULL,NULL,0,0),(29,71,18,NULL,NULL,0,0),(30,71,19,NULL,NULL,0,0),(31,71,NULL,17,NULL,0,0),(32,71,NULL,18,NULL,0,0),(39,75,23,NULL,NULL,0,0),(40,76,NULL,23,NULL,0,0),(41,76,NULL,25,NULL,0,0),(42,76,NULL,26,NULL,0,0),(43,76,24,NULL,NULL,0,0),(44,76,25,NULL,NULL,0,0),(45,76,26,NULL,NULL,0,0),(46,76,27,NULL,NULL,0,0),(47,77,28,NULL,NULL,0,0),(48,77,NULL,27,NULL,0,0),(49,77,NULL,28,NULL,0,0),(50,77,NULL,29,NULL,0,0),(51,77,29,NULL,NULL,0,0),(52,77,30,NULL,NULL,0,0),(53,77,31,NULL,NULL,0,0),(55,77,33,NULL,NULL,0,0),(56,77,NULL,31,NULL,0,0),(57,76,34,NULL,NULL,0,0),(58,76,NULL,32,NULL,0,0),(59,76,NULL,33,NULL,0,0);
/*!40000 ALTER TABLE `subtitleusers` ENABLE KEYS */;
UNLOCK TABLES;

--
-- Table structure for table `translations`
--

DROP TABLE IF EXISTS `translations`;
/*!40101 SET @saved_cs_client     = @@character_set_client */;
/*!50503 SET character_set_client = utf8mb4 */;
CREATE TABLE `translations` (
  `ID` int NOT NULL AUTO_INCREMENT,
  `LanguageID` int NOT NULL,
  `SubtitlePath` longtext CHARACTER SET utf8mb4 COLLATE utf8mb4_0900_ai_ci NOT NULL,
  `Release` longtext CHARACTER SET utf8mb4 COLLATE utf8mb4_0900_ai_ci NOT NULL,
  PRIMARY KEY (`ID`),
  KEY `IX_Translations_LanguageID` (`LanguageID`),
  CONSTRAINT `FK_Translations_Languages_LanguageID` FOREIGN KEY (`LanguageID`) REFERENCES `languages` (`ID`) ON DELETE CASCADE
) ENGINE=InnoDB AUTO_INCREMENT=30 DEFAULT CHARSET=utf8mb4 COLLATE=utf8mb4_0900_ai_ci;
/*!40101 SET character_set_client = @saved_cs_client */;

--
-- Dumping data for table `translations`
--

LOCK TABLES `translations` WRITE;
/*!40000 ALTER TABLE `translations` DISABLE KEYS */;
INSERT INTO `translations` VALUES (1,8,'translations\\bs\\The.Dark.Knight.2008.PROPER.720p.BluRay.x264-SiNNERS.srt','The.Dark.Knight.2008.PROPER.720p.BluRay.x264-SiNNERS'),(2,32,'translations\\ja\\The.Dark.Knight.2008.BluRay.720p.x264.DTS-WiKi.srt','The.Dark.Knight.2008.BluRay.720p.x264.DTS-WiKi'),(3,8,'translations\\bs\\THE GODFATHER - 1972_Cd2.srt','THE GODFATHER - 1972_Cd2'),(4,8,'translations\\bs\\The.Godfather.Part.I.1972.720p.BrRip.x264.YIFY.srt','The.Godfather.Part.I.1972.720p.BrRip.x264.YIFY'),(5,8,'translations\\bs\\The Godfather (1972) XviD SD from 1080p (moviesbyrizzo).srt','The Godfather (1972) XviD SD from 1080p (moviesbyrizzo)'),(6,22,'translations\\de\\Last Samurai, The (2003).srt','Last Samurai, The (2003)'),(7,58,'translations\\uk\\LastSamurai_cro.srt','LastSamurai_cro'),(8,49,'translations\\es\\Lord.of.The.Rings-Fellowship.of.The.Ring.DVDRIP-DragonRipper624-NDR.srt','Lord.of.The.Rings-Fellowship.of.The.Ring.DVDRIP-DragonRipper624-NDR'),(9,22,'translations\\de\\The.Dark.Knight.2008.720p.BluRay.x264.YIFY.srt','The.Dark.Knight.2008.720p.BluRay.x264.YIFY'),(10,49,'translations/es/The.Dark.Knight.2008.BluRay.720p.x264.DTS-WiKi.srt','The.Dark.Knight.2008.BluRay.720p.x264.DTS-WiKi'),(11,8,'translations/bs/The.Dark.Knight[2008]DvDrip-aXXo.srt','The.Dark.Knight[2008]DvDrip-aXXo'),(12,8,'translations/bs/The.Dark.Knight.2008.1080p.Bluray.x264.anoXmous.srt','The.Dark.Knight.2008.1080p.Bluray.x264.anoXmous'),(13,8,'translations/bs/[BluRay 1080p x264 AC3-Dts DUAL][Grupo HD-Spain].srt','[BluRay 1080p x264 AC3-Dts DUAL][Grupo HD-Spain]'),(14,22,'translations/de/LOTR- The Two Towers.srt','LOTR- The Two Towers'),(15,8,'translations/bs/Game Of Thrones S01E01 Winter Is Coming.English.srt','Game Of Thrones S01E01 Winter Is Coming.English'),(16,49,'translations/es/The.Dark.Knight.2008.720p.BluRay.DTS.x264-ESiR.srt','The.Dark.Knight.2008.720p.BluRay.DTS.x264-ESiR'),(17,32,'translations/ja/The.Last.Samurai.2003.1080p.BrRip.x264.YIFY.srt','The.Last.Samurai.2003.1080p.BrRip.x264.YIFY'),(18,18,'translations/fi/The.Last.Samurai.2003.DVD9.720p.HDDVD.x264-REVEiLLE.srt','The.Last.Samurai.2003.DVD9.720p.HDDVD.x264-REVEiLLE'),(19,8,'translations/bs/The.Godfather.1972.1080p.BrRip.x264.BOKUTOX.YIFY.srt','The.Godfather.1972.1080p.BrRip.x264.BOKUTOX.YIFY'),(20,20,'translations/fr/Godfather-Blue-Ray-Release-Thingy.srt','Godfather-Blue-Ray-Release-Thingy'),(21,18,'translations/fi/[BluRay 1080p x264 AC3-Dts DUAL][Grupo HD-Spain].srt','[BluRay 1080p x264 AC3-Dts DUAL][Grupo HD-Spain]'),(22,20,'translations/fr/Batman.Begins.2005.720p.BluRay.DTS.x264-ESiR.srt','Batman.Begins.2005.720p.BluRay.DTS.x264-ESiR'),(23,8,'translations/bs/The Simpsons - Season 1 Complete [DVDRIP VP7 KEGGERMAN].srt','The Simpsons - Season 1 Complete [DVDRIP VP7 KEGGERMAN]'),(24,18,'translations/fi/Godfather-Blue-Ray-Release-Thingy.srt','Godfather-Blue-Ray-Release-Thingy'),(25,18,'translations/fi/Simspons-S01E01-Blue-Ray.srt','Simspons-S01E01-Blue-Ray'),(26,15,'translations/en/Simspons-S01E01-Blue-Ray.srt','Simspons-S01E01-Blue-Ray'),(27,20,'translations/fr/Simspons-S01E01-Blue-Ray.srt','Simspons-S01E01-Blue-Ray'),(28,31,'translations/it/Simspons-S01E01-Blue-Ray.srt','Simspons-S01E01-Blue-Ray'),(29,31,'translations/it/Simspons-S01E01-Bosnian.srt','Simspons-S01E01-Bosnian');
/*!40000 ALTER TABLE `translations` ENABLE KEYS */;
UNLOCK TABLES;

--
-- Table structure for table `tvshows`
--

DROP TABLE IF EXISTS `tvshows`;
/*!40101 SET @saved_cs_client     = @@character_set_client */;
/*!50503 SET character_set_client = utf8mb4 */;
CREATE TABLE `tvshows` (
  `ID` int NOT NULL AUTO_INCREMENT,
  `Synopsis` varchar(600) CHARACTER SET utf8mb4 COLLATE utf8mb4_0900_ai_ci NOT NULL,
  `Year` varchar(10) CHARACTER SET utf8mb4 COLLATE utf8mb4_0900_ai_ci NOT NULL,
  `SeasonCount` int NOT NULL,
  `EpisodeCount` int DEFAULT NULL,
  `IMDBRatingValue` double NOT NULL,
  `IMDBRatingCount` int NOT NULL,
  `CoverArt` longtext CHARACTER SET utf8mb4 COLLATE utf8mb4_0900_ai_ci,
  `Title` longtext CHARACTER SET utf8mb4 COLLATE utf8mb4_0900_ai_ci NOT NULL,
  `MetacriticValue` longtext CHARACTER SET utf8mb4 COLLATE utf8mb4_0900_ai_ci,
  `RottenTomatoesValue` longtext CHARACTER SET utf8mb4 COLLATE utf8mb4_0900_ai_ci,
  `IMDBId` longtext CHARACTER SET utf8mb4 COLLATE utf8mb4_0900_ai_ci NOT NULL,
  PRIMARY KEY (`ID`)
) ENGINE=InnoDB AUTO_INCREMENT=309 DEFAULT CHARSET=utf8mb4 COLLATE=utf8mb4_0900_ai_ci;
/*!40101 SET character_set_client = @saved_cs_client */;

--
-- Dumping data for table `tvshows`
--

LOCK TABLES `tvshows` WRITE;
/*!40000 ALTER TABLE `tvshows` DISABLE KEYS */;
INSERT INTO `tvshows` VALUES (24,'The origin story of Alfred Pennyworth, a former special-forces soldier living in London and how he came to work for Bruce Wayne\'s father.','2019–',3,30,7.9,15231,'https://m.media-amazon.com/images/M/MV5BODk5ZmRlYjMtZDMzNS00M2Y4LTkzNWQtMThiODIyOGJkZGY5XkEyXkFqcGdeQXVyMDM2NDM2MQ@@._V1_SX300.jpg','Pennyworth','','','tt8425532'),(25,'An internal succession war within House Targaryen at the height of its power, 172 years before the birth of Daenerys Targaryen.','2022–',1,10,8.6,195655,'https://m.media-amazon.com/images/M/MV5BZjBiOGIyY2YtOTA3OC00YzY1LThkYjktMGRkYTNhNTExY2I2XkEyXkFqcGdeQXVyMTEyMjM2NDc2._V1_SX300.jpg','House of the Dragon','','','tt11198330'),(26,'A high school chemistry teacher diagnosed with inoperable lung cancer turns to manufacturing and selling methamphetamine in order to secure his family\'s future.','2008–2013',1,8,9.5,1847129,'https://m.media-amazon.com/images/M/MV5BNDkyZThhNmMtZDBjYS00NDBmLTlkMjgtNWM2ZWYzZDQxZWU1XkEyXkFqcGdeQXVyMTMzNDExODE5._V1_SX300.jpg','Breaking Bad','','96%','tt0903747'),(27,'Nine noble families fight for control over the lands of Westeros, while an ancient enemy returns after being dormant for millennia.','2011–2019',8,73,9.2,2083397,'https://m.media-amazon.com/images/M/MV5BYTRiNDQwYzAtMzVlZS00NTI5LWJjYjUtMzkwNTUzMWMxZTllXkEyXkFqcGdeQXVyNDIzMzcwNjc@._V1_SX300.jpg','Game of Thrones','','','tt0944947'),(28,'A slightly unhinged cop is partnered with a veteran detective trying to maintain a low stress level in his life.','2016–2019',3,55,7.8,38417,'https://m.media-amazon.com/images/M/MV5BMzMyNzM1MTczM15BMl5BanBnXkFtZTgwNDg4MzA0NjM@._V1_SX300.jpg','Lethal Weapon','','','tt5164196'),(29,'The satiric adventures of a working-class family in the misfit city of Springfield.','1989–',0,0,8.7,406588,'https://m.media-amazon.com/images/M/MV5BYjFkMTlkYWUtZWFhNy00M2FmLThiOTYtYTRiYjVlZWYxNmJkXkEyXkFqcGdeQXVyNTAyODkwOQ@@._V1_SX300.jpg','The Simpsons','','89%','tt0096697'),(30,'Lucifer Morningstar has decided he\'s had enough of being the dutiful servant in Hell and decides to spend some time on Earth to better understand humanity. He settles in Los Angeles - the City of Angels.','2016–2021',6,94,8.1,321625,'https://m.media-amazon.com/images/M/MV5BNDJjMzc4NGYtZmFmNS00YWY3LThjMzQtYzJlNGFkZGRiOWI1XkEyXkFqcGdeQXVyMTkxNjUyNQ@@._V1_SX300.jpg','Lucifer','','','tt4052886'),(31,'The original surreal sketch comedy showcase for the Monty Python troupe.','1969–1974',0,0,8.8,75389,'https://m.media-amazon.com/images/M/MV5BYzllMDg4ZDQtYWZmNS00YWE5LWFjYmEtOTZhMzk5ZDlkZjdlXkEyXkFqcGdeQXVyMTA0MTM5NjI2._V1_SX300.jpg','Monty Python\'s Flying Circus','','','tt0063929'),(56,'The continuing misadventures of neurotic New York City stand-up comedian Jerry Seinfeld and his equally neurotic New York City friends.','1989–1998',0,0,8.9,325399,'https://m.media-amazon.com/images/M/MV5BZjZjMzQ2ZmUtZWEyZC00NWJiLWFjM2UtMzhmYzZmZDcxMzllXkEyXkFqcGdeQXVyNTA4NzY1MzY@._V1_SX300.jpg','Seinfeld','','','tt0098904'),(57,'A lone crimefighter battles the forces of evil with the help of a virtually indestructible and artificially intelligent supercar.','1982–1986',0,0,6.9,35349,'https://m.media-amazon.com/images/M/MV5BMjVjMmY2ZTctZWNjMS00MzQ1LTgzZjItN2ZmNzMwMmUxNDlkXkEyXkFqcGdeQXVyNjExODE1MDc@._V1_SX300.jpg','Knight Rider','','','tt0083437'),(58,'This series follows the adventures of Thomas the Tank Engine and all of his engine friends on the Island of Sodor.','1984–2021',0,0,6.5,5509,'https://m.media-amazon.com/images/M/MV5BMWNiYTk3ZGQtNDI4Mi00YWYzLWIyOGUtMGMzNTMzMmY1NjZkXkEyXkFqcGdeQXVyMTQ4NTcxNTI0._V1_SX300.jpg','Thomas & Friends','','','tt0086815'),(59,'A close-knit group of six friends get through their teens together while attending Bayside High School in Palisades, California.','1989–1992',0,0,7,35810,'https://m.media-amazon.com/images/M/MV5BNzEzMzM2ODc1Ml5BMl5BanBnXkFtZTcwMTg2MjAzMQ@@._V1_SX300.jpg','Saved by the Bell','','','tt0096694'),(60,'Hosted by Pat Sajak, this game show features 3 contestants who try to solve a puzzle by spinning the wheel and guessing letters in a word or phrase.','1983–',0,0,6.7,3298,'https://m.media-amazon.com/images/M/MV5BY2Q0MmM0NjUtYTdlNC00OGJkLTgwM2MtODU2YTA5MzZmN2ZlXkEyXkFqcGdeQXVyNTU2NDQ3NjU@._V1_SX300.jpg','Wheel of Fortune','','','tt0072584'),(61,'A hard-nosed, conservative Marine impulsively proposes to the liberal reporter doing a story on him and agrees to help her raise her three daughters.','1989–1993',0,0,6.5,3020,'https://m.media-amazon.com/images/M/MV5BY2JjNjhmN2YtYTkwYy00NTM3LTljZTYtZmNjMDk5ZGVlZTFhXkEyXkFqcGdeQXVyMTA0MzI0NzA3._V1_SX300.jpg','Major Dad','','','tt0096643'),(62,'Danger Mouse, the greatest secret agent in the world, must follow Colonel K\'s orders (and try not to break Professor Squawkencluck\'s inventions) to foil Baron Greenback\'s and his henchman Stiletto\'s plans.','1981–1992',0,0,7.4,3656,'https://m.media-amazon.com/images/M/MV5BZDQ0NjJmNWEtY2QzZS00OTgzLThmMTItZTM0MzQ0NDcwZmE4XkEyXkFqcGdeQXVyNTAyODkwOQ@@._V1_SX300.jpg','Danger Mouse','','','tt0081848'),(63,'The adventures of a community fireman, Sam.','1987–2022',0,0,6.1,1863,'https://m.media-amazon.com/images/M/MV5BYzFmNGIwOWEtNWNjOS00MGQ2LWE2ZGUtYTYwNGIzOTkzOTZjXkEyXkFqcGdeQXVyMTMxODk2OTU@._V1_SX300.jpg','Fireman Sam','','','tt0329829'),(97,'High Risk is a comedy drama that follows Eric, a low-level criminal petrol head who takes the easiest community service option offered - working the phones at a helpline for youth at risk. ...','2015–',0,0,0,0,'N/A','High Risk','','','tt5944220'),(98,'A reality show where a group of contestants are stranded in a remote location with little more than the clothes on their back. The lone survivor of this contest takes home a million dollars.','2000–',0,0,7.5,25645,'https://m.media-amazon.com/images/M/MV5BMzRjYjcyZTItNTA1Mi00YTVkLWE2Y2MtMmRlMzllODkyYzQ2XkEyXkFqcGdeQXVyNjg4NzAyOTA@._V1_SX300.jpg','Survivor','','','tt0239195'),(99,'A secret military team, SG-1, is formed to explore other planets through the recently discovered Stargates.','1997–2007',0,0,8.4,95434,'https://m.media-amazon.com/images/M/MV5BMTc3MjEwMTc5N15BMl5BanBnXkFtZTcwNzQ2NjQ4NA@@._V1_SX300.jpg','Stargate SG-1','','','tt0118480'),(100,'Covering the continuing adventures of series protagonist Ash Ketchum and Pikachu, and his best friend Brock, the two meet a new coordinator named Dawn, who travels with them through Sinnoh and enters Pokemon Contests.','2006–2010',0,0,7.6,148,'https://m.media-amazon.com/images/M/MV5BY2EzZjE4YjgtZDlmZS00MDUxLWJhNTItODhkZTNmNGY1MzlmXkEyXkFqcGdeQXVyNjg0NDgwMjk@._V1_SX300.jpg','Pokémon: Diamond and Pearl','','','tt14053732'),(101,'Follows the adventures of Monkey D. Luffy and his pirate crew in order to find the greatest treasure ever left by the legendary Pirate, Gold Roger. The famous mystery treasure named \"One Piece\".','1999–',0,0,8.9,131251,'https://m.media-amazon.com/images/M/MV5BODcwNWE3OTMtMDc3MS00NDFjLWE1OTAtNDU3NjgxODMxY2UyXkEyXkFqcGdeQXVyNTAyODkwOQ@@._V1_SX300.jpg','One Piece','','','tt0388629'),(102,'N/A','1997–',0,0,0,0,'https://m.media-amazon.com/images/M/MV5BZjMwNDk1YzMtM2Q2ZC00N2U2LTg4Y2YtZjE5NDRkM2E3MzYyL2ltYWdlL2ltYWdlXkEyXkFqcGdeQXVyNjk4OTIwMjE@._V1_SX300.jpg','The Challenge','','','tt6274074'),(103,'The futuristic misadventures and tragedies of an easygoing bounty hunter and his partners.','1998–1999',0,0,8.9,123221,'https://m.media-amazon.com/images/M/MV5BZjY0YzdjNmYtNTZlNy00N2NmLWFiMzctZmQ5ZTNhYzNiNzkzXkEyXkFqcGdeQXVyNjAwNDUxODI@._V1_SX300.jpg','Cowboy Bebop','','','tt0213338'),(104,'A teenage boy finds himself recruited as a member of an elite team of pilots by his father.','1995–1996',0,0,8.5,73260,'https://m.media-amazon.com/images/M/MV5BODZkZjUxNmEtMGEyOS00ZDY5LTkxZDMtZTJkZDBiZTkyOWRkXkEyXkFqcGdeQXVyNjAwNDUxODI@._V1_SX300.jpg','Neon Genesis Evangelion','','','tt0112159'),(105,'A dramedy centering around the relationship between a thirtysomething single mother and her teen daughter living in Stars Hollow, Connecticut.','2000–2007',0,0,8.2,130941,'https://m.media-amazon.com/images/M/MV5BMTQ3NDA1ZWYtYjBmMC00NmJjLWI1NjgtYjg2NDhmMTY2YWQ4XkEyXkFqcGdeQXVyNzA5NjUyNjM@._V1_SX300.jpg','Gilmore Girls','','','tt0238784'),(106,'A team of teenagers with attitude are recruited to save Angel Grove from the evil witch, Rita Repulsa, and later, Lord Zedd, Emperor of all he sees, and their horde of monsters.','1993–1996',0,0,6.5,23027,'https://m.media-amazon.com/images/M/MV5BMWMxMTgyODAtNTMwNS00ZGVjLTlkODAtZWJlYjIxMGRmZWY0XkEyXkFqcGdeQXVyNTk5ODg4NDA@._V1_SX300.jpg','Mighty Morphin Power Rangers','','','tt0106064'),(108,'An eccentric school-teacher takes her class on wondrous educational field trips with the help of a magical school bus.','1994–1997',0,0,7.8,10255,'https://m.media-amazon.com/images/M/MV5BZDA1OWI3MzMtZTgzMC00ZGRiLWI2NjctNTYwZDViNjg4MWI1XkEyXkFqcGdeQXVyODk1MjAxNzQ@._V1_SX300.jpg','The Magic School Bus','','','tt0108847'),(109,'A series of scary anthology stories based on the children\'s books by R.L. Stine. Series one was hosted by R.L. Stine for twelve episodes.','1995–1998',0,0,7.6,14036,'https://m.media-amazon.com/images/M/MV5BMmViMGI3NDYtYzIzNi00OTVlLWI1YjMtNDJiNmVmMzE3NjUxXkEyXkFqcGdeQXVyNjk1Njg5NTA@._V1_SX300.jpg','Goosebumps','','','tt0111987'),(110,'A teenage girl periodically travels back in time to feudal Japan to help a young half-demon recover the shards of a jewel of great power.','2000–2004',0,0,7.9,16723,'https://m.media-amazon.com/images/M/MV5BMGNmMWI4MGUtYmU0ZS00ZDkxLTgzMTAtZDU4YmQ1MDM3Y2IyXkEyXkFqcGdeQXVyNTA4NzY1MzY@._V1_SX300.jpg','Inuyasha','','','tt0290223'),(111,'A zany sketch comedy featuring many wacky characters hosted for kids and by kids.','1994–2020',0,0,7.5,7892,'https://m.media-amazon.com/images/M/MV5BZjk4NTc1MjYtYmI2Yy00NzRjLTkwNmItOGM1NjExMThlNzhkXkEyXkFqcGdeQXVyNjc0MjkzNjc@._V1_SX300.jpg','All That','','','tt0111875'),(112,'From pretending to be a pilot on a make-believe airplane to pretending to be a pirate in search of buried treasure, Barney\'s friends discover that creativity lets them soar in the wings of imagination!','1992–2010',0,0,3.9,7857,'https://m.media-amazon.com/images/M/MV5BZDJiZWY5ZjAtZjEwNi00NzliLWE3ZTAtZDdiMDgxMmY3Y2QwXkEyXkFqcGdeQXVyODk1MjAxNzQ@._V1_SX300.jpg','Barney & Friends','','','tt0144701'),(113,'Kenan and Kel: two best friends who live in Chicago are always dragged down by Kenan\'s get rich quick schemes while orange soda-loving buddy Kel is dragged along but tends to mess things up.','1996–2000',0,0,7.8,16031,'https://m.media-amazon.com/images/M/MV5BNTk2MzEzMmUtMGNhMC00ZGYyLTg1ZDUtZmMxNjc3MDVmZjg0XkEyXkFqcGdeQXVyNjExODE1MDc@._V1_SX300.jpg','Kenan & Kel','','','tt0115231'),(114,'Sakura stumbled upon the book of Clow Cards in a library. Accidentally setting the magical cards loose, it\'s now up to Sakura to catch them all with her best friend Tomoyo, and Kerberos, the guardian of the cards.','1998–2000',0,0,8,5220,'https://m.media-amazon.com/images/M/MV5BYThkZTBiN2UtZWJkMC00NzQ1LTg4ODktYjlhN2UwMTYzZWVhXkEyXkFqcGdeQXVyNjk1Njg5NTA@._V1_SX300.jpg','Cardcaptor Sakura','','','tt0221735'),(116,'A look at the lives, loves, and losses of four different women, Toni, Maya, Lynn, and Joan.','2000–2008',0,0,7.2,4714,'https://m.media-amazon.com/images/M/MV5BOGNlMTJlNmMtN2VmYS00YjhiLTk5ZGEtNzg3OGIyYTIxODIzXkEyXkFqcGdeQXVyMTE1MTYxMzk2._V1_SX300.jpg','Girlfriends','','','tt0247102'),(117,'Nikki and Kim Parker attend Santa Monica college to earn their degrees.','1999–2004',0,0,6.8,2484,'https://m.media-amazon.com/images/M/MV5BNzE1ODhkZGMtZmQyMi00ZjcxLWE3ZTQtOTBlOGFjMGFhNGU2XkEyXkFqcGdeQXVyMTE4NTI1NDQx._V1_SX300.jpg','The Parkers','','','tt0200353'),(118,'Tia Landry and Tamera Campbell are twins separated at birth who learn of each other\'s existence and come together as teenagers.','1994–1999',0,0,6.3,13012,'https://m.media-amazon.com/images/M/MV5BNmZmOGM2ZGMtNzc1Yi00NWVjLTlhZjktZDQ2MzFkOWVlODk1XkEyXkFqcGdeQXVyMjczOTU2NTI@._V1_SX300.jpg','Sister, Sister','','','tt0108927'),(119,'A teenager struggles to come to terms with everything life throws at her.','1996–2001',0,0,5.8,3893,'https://m.media-amazon.com/images/M/MV5BOWJhNjQxOTctZGYyNS00NGViLWJiMGMtODNkNTU0YzJmNWY1XkEyXkFqcGdeQXVyMTUyNjc3NDQ4._V1_SX300.jpg','Moesha','','','tt0115275'),(120,'N/A','2016–',0,0,0,0,'N/A','Los Rompecorazones','','','tt5582224'),(121,'Oggy would be the happiest of cats if three cockroaches hadn\'t decided to settle inside his comfortable home.','1997–2018',0,0,7.5,4533,'https://m.media-amazon.com/images/M/MV5BODU4ZjJmMmItYjFhNi00MTU4LWE1ZmEtNzU1NDk0YTFhYmEwXkEyXkFqcGdeQXVyMTQ4NTcxNTI0._V1_SX300.jpg','Oggy and the Cockroaches','','','tt0213363'),(123,'A group of people in a dysfunctional hospital have new challenges every day, while trying to work out love, friendship, and work.','1998–2002',0,0,7.4,1802,'https://m.media-amazon.com/images/M/MV5BMTY4ODA2MzcyOF5BMl5BanBnXkFtZTcwMzk3MzMyMQ@@._V1_SX300.jpg','H','','','tt0173554'),(211,'The hosts talk about everything car-related. From new cars to how they\'re fueled, this show has it all.','2002–',0,0,8.7,120315,'https://m.media-amazon.com/images/M/MV5BYzkwZDgwZmQtOWE4Yy00ZjgyLTgxZTYtZTRiMTg5MWY4NTFiXkEyXkFqcGdeQXVyNTA4NzY1MzY@._V1_SX300.jpg','Top Gear','','','tt1628033'),(212,'Sheriff Deputy Rick Grimes wakes up from a coma to learn the world is in ruins and must lead a group of survivors to stay alive.','2010–2022',0,0,8.1,1009943,'https://m.media-amazon.com/images/M/MV5BZmU5NTcwNjktODIwMi00ZmZkLTk4ZWUtYzVjZWQ5ZTZjN2RlXkEyXkFqcGdeQXVyMTkxNjUyNQ@@._V1_SX300.jpg','The Walking Dead','','','tt1520211'),(213,'Two brothers follow their father\'s footsteps as hunters, fighting evil supernatural beings of many kinds, including monsters, demons, and gods that roam the earth.','2005–2020',0,0,8.4,452021,'https://m.media-amazon.com/images/M/MV5BNzRmZWJhNjUtY2ZkYy00N2MyLWJmNTktOTAwY2VkODVmOGY3XkEyXkFqcGdeQXVyMTkxNjUyNQ@@._V1_SX300.jpg','Supernatural','','','tt0460681'),(214,'Bakers attempt three challenges each week trying to impress the judges enough to go through to the next round and eventually are crowned Britain\'s best amateur baker.','2010–',0,0,8.6,11073,'https://m.media-amazon.com/images/M/MV5BOTQ0NGFkYmUtODQ2YS00N2FiLWIyNWUtNmJjMDkzMjVlNzIyXkEyXkFqcGdeQXVyMDE4MzA0NQ@@._V1_SX300.jpg','The Great British Baking Show','','','tt1877368'),(215,'Liz Lemon, head writer of the sketch-comedy show \"TGS with Tracy Jordan\", must deal with an arrogant new boss and a crazy new star while trying to run a successful television show without losing her mind.','2006–2013',0,0,8.3,126214,'https://m.media-amazon.com/images/M/MV5BMTQ4NDQ4OTUzOV5BMl5BanBnXkFtZTcwMjMzMTUyNw@@._V1_SX300.jpg','30 Rock','','','tt0496424'),(216,'A political drama about a prime minister\'s rise to power, and how power changes a prime minister.','2010–2022',0,0,8.5,27572,'https://m.media-amazon.com/images/M/MV5BZjQxYzczNDAtZGYxYi00NGFmLWEwMmEtNzVkOGQ5MGY1ZmZmXkEyXkFqcGdeQXVyNjkyODA0MTc@._V1_SX300.jpg','Borgen','','','tt1526318'),(217,'A suspended lawyer is forced to enroll in a community college with an eccentric staff and student body.','2009–2015',0,0,8.5,271041,'https://m.media-amazon.com/images/M/MV5BNDQ5NDZiYjktZmFmMy00MjAxLTk1MDktOGZjYTY5YTE1ODdmXkEyXkFqcGdeQXVyNjcwMzEzMTU@._V1_SX300.jpg','Community','','','tt1439629'),(218,'A drama centered on the personal and professional lives of five surgical interns and their supervisors.','2005–',0,0,7.6,315099,'https://m.media-amazon.com/images/M/MV5BODA2Mjk0N2MtNGY0Mi00ZWFjLTkxODEtZDFjNDg4ZDliMGVmXkEyXkFqcGdeQXVyMzAzNTY3MDM@._V1_SX300.jpg','Grey\'s Anatomy','','','tt0413573'),(219,'Level-headed son Michael Bluth takes over family affairs after his father is imprisoned. But the rest of his spoiled, dysfunctional family are making his job unbearable.','2003–2019',0,0,8.7,309009,'https://m.media-amazon.com/images/M/MV5BNTFlYTE2YTItZmQ1NS00ZWQ5LWI3OGUtYTQzNDMyZmEyYTZjXkEyXkFqcGdeQXVyNDg4NjY5OTQ@._V1_SX300.jpg','Arrested Development','','','tt0367279'),(220,'A multi-generational saga set in Alberta, Canada and centered on a family getting through life together in both happy and trying times.','2007–',0,0,8.5,17559,'https://m.media-amazon.com/images/M/MV5BY2Q2ZjdhZGYtMmMwMS00ZWJhLTlhMjktNDU0ZDJiN2M3ZGNkXkEyXkFqcGdeQXVyMzc0ODEwMg@@._V1_SX300.jpg','Heartland','','','tt1094229'),(221,'N/A','2004–2018',0,0,0,0,'N/A','#DUPE#','','','tt0388644'),(222,'The cases of the Naval Criminal Investigative Service\'s Washington, D.C. Major Case Response Team.','2003–',0,0,7.8,150360,'https://m.media-amazon.com/images/M/MV5BYjVlMjZhYzYtOGQxNC00OTQxLTk2NzEtMWFmMmNhODA4YjYzXkEyXkFqcGdeQXVyNjQ3MDgwNjY@._V1_SX300.jpg','NCIS','','','tt0364845'),(223,'In a war-torn world of elemental magic, a young boy reawakens to undertake a dangerous mystic quest to fulfill his destiny as the Avatar, and bring peace to the world.','2005–2008',0,0,9.3,323938,'https://m.media-amazon.com/images/M/MV5BODc5YTBhMTItMjhkNi00ZTIxLWI0YjAtNTZmOTY0YjRlZGQ0XkEyXkFqcGdeQXVyODUwNjEzMzg@._V1_SX300.jpg','Avatar: The Last Airbender','','','tt0417299'),(224,'A drama that follows the lives of the Dillon Panthers, one of the nation\'s best high school football teams, and their head coach Eric Taylor.','2006–2011',0,0,8.7,68128,'https://m.media-amazon.com/images/M/MV5BYTkxZDVhZGItZjM3Yi00YTU1LTk2ZDYtYTI4NTg2Mjc0NWY1XkEyXkFqcGdeQXVyNTA4NzY1MzY@._V1_SX300.jpg','Friday Night Lights','','','tt0758745'),(225,'The comedic misadventures of Roy, Moss and their grifting supervisor Jen, a rag-tag team of IT support workers at a large corporation headed by a hotheaded yuppie.','2006–2013',0,0,8.5,154783,'https://m.media-amazon.com/images/M/MV5BMjE5MThjMzAtNWVmNC00YThkLTlmNzktMTM3Yzk4YTZhMTgwXkEyXkFqcGdeQXVyNTAyODkwOQ@@._V1_SX300.jpg','The IT Crowd','','','tt0487831'),(226,'An animated television show that focuses on a sixteen-year-old Peter Parker, and the origins of Spider-Man.','2008–2009',0,0,8.3,16361,'https://m.media-amazon.com/images/M/MV5BNzlkN2NlODMtNDU5OC00NTU3LTlkZWEtOTU4MjA2ZmU0YTViXkEyXkFqcGdeQXVyNjExODE1MDc@._V1_SX300.jpg','The Spectacular Spider-Man','','','tt0976192'),(227,'Zoey Brooks and her brother, Dustin, attend their first day at Pacific Coast Academy, a private boarding school that enrolls girls for the first time in its history.','2005–2008',0,0,6.1,16383,'https://m.media-amazon.com/images/M/MV5BNzMyMDM3MTY1M15BMl5BanBnXkFtZTgwMjQxNDIzMTE@._V1_SX300.jpg','Zoey 101','','','tt0415463'),(228,'An intelligent high school student goes on a secret crusade to eliminate criminals from the world after discovering a notebook capable of killing anyone whose name is written into it.','2006–2007',0,0,9,334348,'https://m.media-amazon.com/images/M/MV5BNjRiNmNjMmMtN2U2Yi00ODgxLTk3OTMtMmI1MTI1NjYyZTEzXkEyXkFqcGdeQXVyNjAwNDUxODI@._V1_SX300.jpg','Death Note','','','tt0877057'),(229,'The lives, loves, dangers and disasters in the town, Mystic Falls, Virginia. Creatures of unspeakable horror lurk beneath this town as a teenage girl is suddenly torn between two vampire brothers.','2009–2017',0,0,7.7,327052,'https://m.media-amazon.com/images/M/MV5BMDk3YzgxNDQtNTEzOS00NDMyLWFlYmYtYTZlMDk1NDkxNmMyXkEyXkFqcGdeQXVyNzA5NjUyNjM@._V1_SX300.jpg','The Vampire Diaries','','','tt1405406'),(230,'Naruto Uzumaki, a mischievous adolescent ninja, struggles as he searches for recognition and dreams of becoming the Hokage, the village\'s leader and strongest ninja.','2002–2007',0,0,8.4,106554,'https://m.media-amazon.com/images/M/MV5BMDI3ZDY4MDgtN2U2OS00Y2YzLWJmZmYtZWMzOTM3YWFjYmUyXkEyXkFqcGdeQXVyNjAwNDUxODI@._V1_SX300.jpg','Naruto','','','tt0409591'),(231,'After learning that her friends, as well as herself, are the magical Elements of Harmony, studious unicorn Twilight Sparkle is sent by her mentor, Princess Celestia, to Ponyville to study the magic of friendship with help from her...','2010–2020',0,0,7.7,21467,'https://m.media-amazon.com/images/M/MV5BMGU0ZDVjYTctNjgwNi00MjI1LWIwMjYtZDE1MmE1NzAwMzgzXkEyXkFqcGdeQXVyNjUzMDIyNzE@._V1_SX300.jpg','My Little Pony: Friendship Is Magic','','','tt1751105'),(232,'Comedian Dave Chappelle hosts this sketch-comedy show that parodies many of the nuances of race and culture.','2003–2006',0,0,8.8,66155,'https://m.media-amazon.com/images/M/MV5BOWNjYTg5NGMtOWRjNy00ZGNlLTg2MmYtZjQ5NTM0MTQxOGM2XkEyXkFqcGdeQXVyNTA4NzY1MzY@._V1_SX300.jpg','Chappelle\'s Show','','','tt0353049'),(233,'Aspiring singer Tori Vega navigates life while attending a performing arts high school called Hollywood Arts.','2010–2013',0,0,7,26290,'https://m.media-amazon.com/images/M/MV5BZWM2Zjg4MTgtNjA3My00OWIyLTg2ODgtNDM4ZTdjYjQ2YjU2XkEyXkFqcGdeQXVyODUwNjEzMzg@._V1_SX300.jpg','Victorious','','','tt1604099'),(234,'Three petty felons have a documentary made about their life in a trailer park.','2001–2018',0,0,8.6,45680,'https://m.media-amazon.com/images/M/MV5BOTA0NTAwMTc1MF5BMl5BanBnXkFtZTgwODk2NjY0ODE@._V1_SX300.jpg','Trailer Park Boys','','','tt0290988'),(235,'A cyclical competition in which women from all over the U.S. compete for the honor of being America\'s next \"it girl\" in the modeling world.','2003–',0,0,5.6,18160,'https://m.media-amazon.com/images/M/MV5BNjlmZjBkMzUtOGFmYy00Nzk0LTg0ZWUtNThiMGQzODAxOGUyXkEyXkFqcGdeQXVyMTkzODUwNzk@._V1_SX300.jpg','America\'s Next Top Model','','','tt0363307'),(236,'After being tortured and humiliated by his babysitter, a ten year old boy is put under the care of two fairy godparents, who can grant him almost any wish, which leads to dire consequences.','2001–2017',0,0,7.2,41846,'https://m.media-amazon.com/images/M/MV5BNzUyOGEyMDQtOWVkMS00NGFkLTgxNWQtOWJiZTE0OTY3NjE2XkEyXkFqcGdeQXVyODA4OTIyMzY@._V1_SX300.jpg','Fairly OddParents','','','tt0235918'),(237,'Ned Bigby shares his advice on how to survive middle school.','2004–2007',0,0,7.4,18431,'https://m.media-amazon.com/images/M/MV5BMjE2MzE0NDE0MV5BMl5BanBnXkFtZTcwNjkyMDQ1MQ@@._V1_SX300.jpg','Ned\'s Declassified School Survival Guide','','','tt0405576'),(238,'Carly hosts her own home-grown web show, iCarly, Carly and sidekick Sam\'s regular webcasts ultimately feature everything from comedy sketches and talent contests to interviews, recipes, and problem-solving.','2007–2012',0,0,6.7,40711,'https://m.media-amazon.com/images/M/MV5BMTIwY2M1NWEtZWQxYy00YjVkLTgwMmQtYjY1NmU5ZGQxODk4XkEyXkFqcGdeQXVyNjcyNzkwMTc@._V1_SX300.jpg','iCarly','','','tt0972534'),(239,'These are the brand new adventures of Merlin, the legendary sorcerer as a young man, when he was just a servant to young Prince Arthur on the royal court of Camelot, who has soon become his best friend, and turned Arthur into a gr...','2008–2012',0,0,7.9,83300,'https://m.media-amazon.com/images/M/MV5BZTBjYjM3ZjItZTI1MS00ODZhLWFhZDgtODgxMmMzN2JlOTExXkEyXkFqcGdeQXVyNTA4NzY1MzY@._V1_SX300.jpg','Merlin','','','tt1199099'),(240,'In this new set of adventures the Autobots live on Earth and maintain their secret identity. They are joined by 3 teens as they battle the Decepticons.','2010–2013',0,0,7.9,7142,'https://m.media-amazon.com/images/M/MV5BMGY0ZGMwY2QtMGUwOC00MmVhLTljMzktNGYzNDFmYzAzODMwXkEyXkFqcGdeQXVyODk1MjAxNzQ@._V1_SX300.jpg','Transformers Prime','','','tt1659175'),(241,'A game show in which globe-trotting contestants solve puzzles and complete tasks in order to win a cash prize -- all while trying to figure out who among them is a player planted to sabotage the game.','2001–',0,0,7.4,1262,'https://m.media-amazon.com/images/M/MV5BM2NhYjQyMGYtYjkxZi00MzEyLWFjMjctNzllYmExZTM4MThhXkEyXkFqcGdeQXVyNjExODE1MDc@._V1_SX300.jpg','The Mole','','','tt0270792'),(242,'The story of the impossible loves of 30-something obstetrician Nina Proudman and her fabulously messy family.','2010–2017',0,0,8.3,5113,'https://m.media-amazon.com/images/M/MV5BN2UxZjgzNzEtZDk4ZC00ZjNmLTkzMWYtNTA0YzhkYmUyMzE2XkEyXkFqcGdeQXVyMTExNDQ2MTI@._V1_SX300.jpg','Offspring','','','tt1530541'),(243,'After being given a mysterious power to control others, an outcast prince becomes the masked leader of the rebellion against an all-powerful empire.','2006–2008',0,0,8.7,70733,'https://m.media-amazon.com/images/M/MV5BYzZjY2MzYTAtMmQxMi00MWVjLTlkZGQtYjJmNWVhODY3YjdjXkEyXkFqcGdeQXVyNjAwNDUxODI@._V1_SX300.jpg','Code Geass','','','tt0994314'),(247,'N/A','2004–2019',0,0,0,0,'N/A','#DUPE#','','','tt0421482'),(248,'An intrepid band of explorers roam the oceans in search of adventure and fun. Led by a valiant polar bear and a daredevil kitten, these eight talented critters are always ready to embark on an exciting new mission.','2010–2021',0,0,7.6,1203,'https://m.media-amazon.com/images/M/MV5BNzY2M2E0N2MtZWI1Ni00YWYyLWFhOWQtYmMxZWE4NTc2YjUwXkEyXkFqcGdeQXVyNDE5Nzg5NDY@._V1_SX300.jpg','The Octonauts','','','tt1710177'),(249,'A slight malfunction causes Chaos Control, and sends Sonic the Hedgehog to Earth. While there, Sonic meets Chris Thorndyke, who aids at collecting the Chaos Emeralds, so Sonic and friends can go home.','2003–2006',0,0,6.2,4978,'https://m.media-amazon.com/images/M/MV5BMzE3NmQ5ZmQtZTU0ZS00YjEyLWJiOTItMTAzNzNkYWYyZDcyXkEyXkFqcGdeQXVyNTUxMTQwOTg@._V1_SX300.jpg','Sonic X','','','tt0367413'),(250,'Three girls become mermaids after a mysterious island transforms them and gives them special powers.','2006–2010',0,0,7.2,16138,'https://m.media-amazon.com/images/M/MV5BNjUwZWFmMmUtM2U1Zi00NmQ2LThkOTYtNDAyODMyYWE4NDUxXkEyXkFqcGdeQXVyMjM2Mzk0MDk@._V1_SX300.jpg','H2O: Just Add Water','','','tt0491603'),(251,'Cult Scottish comedy about the lives of two OAP\'s Jack and Victor and their views on how it used to be in the old days and how bad it is now in the fictional area of Craiglang, Glasgow.','2002–2019',0,0,8.9,8253,'https://m.media-amazon.com/images/M/MV5BMTIwNTQwMDIwNV5BMl5BanBnXkFtZTcwMzExMzAzMQ@@._V1_SX300.jpg','Still Game','','','tt0281491'),(252,'Ciel Phantomhive takes care of the many unsettling events in Victorian England. Aided by Sebastian Michaelis, his loyal butler with seemingly inhuman abilities. But is there more to this black-clad butler than meets the eye?','2008–2011',0,0,7.7,8408,'https://m.media-amazon.com/images/M/MV5BNzE3MmQ4ZjEtYmQxNC00MWJmLWJkMGItYWQwNTk2ZmJlZTgxXkEyXkFqcGdeQXVyMTMxODk2OTU@._V1_SX300.jpg','Black Butler','','','tt1316554'),(253,'As the reappearance of 4,400 missing persons on a single day confounds the global community, federal agents on the case slowly discover the ways in which the victims have been changed.','2004–2007',0,0,7.3,45782,'https://m.media-amazon.com/images/M/MV5BOWM4ZWYzMTQtMzQ2ZS00ZDQzLWFhNDItZDEyNjhmYjdmNjNjXkEyXkFqcGdeQXVyNTA4NzY1MzY@._V1_SX300.jpg','The 4400','','','tt0389564'),(254,'A girl named Strawberry Shortcake, along with her cat Custard and dog Pupcake, has adventures in friendship in Strawberryland.','2003–2008',0,0,5.2,418,'https://m.media-amazon.com/images/M/MV5BOWQxOWNmZWQtM2E2YS00MWJkLWFiYTMtMGQ5ZWE4YzQzODU4XkEyXkFqcGdeQXVyMjM5NDQzNTk@._V1_SX300.jpg','Strawberry Shortcake','','','tt1190823'),(255,'Shaun The Sheep is a cheeky and mischievous sheep at Mossy Bottom farm who\'s the leader of the flock and always plays slapstick jokes, pranks and causes trouble especially on Farmer X and his grumpy guide dog, Bitzer.','2007–2020',0,0,8.2,15122,'https://m.media-amazon.com/images/M/MV5BNDExMGUxMjAtMTY0Mi00MDBiLTg3MGItOWY4ZTM3NGZjYTBjXkEyXkFqcGdeQXVyNzMwOTY2NTI@._V1_SX300.jpg','Shaun the Sheep','','','tt0983983'),(256,'Ryuji Takasu lives in a falling down house with his mother, and although being a nice guy is cursed with the evil look of his father causing people to avoid him. Taiga Aisaka is a tiny,self centered and unexpectedly strong girl wh...','2008–2009',0,0,8,16482,'https://m.media-amazon.com/images/M/MV5BNWEwMjE2MjQtZTQ3NC00OTUxLWEwMWUtMThjZjg4Zjc5ZDYwXkEyXkFqcGdeQXVyMzgxODM4NjM@._V1_SX300.jpg','Toradora!','','','tt1279024'),(257,'Four hockey players from Minnesota aspire to become a boyband. Kendall, Logan, Carlos, and James embark on a life-changing journey and face challenges along the way.','2009–2013',0,0,6.4,12959,'https://m.media-amazon.com/images/M/MV5BMjIzNDE4MTM2Ml5BMl5BanBnXkFtZTcwNjYyNTA2Mw@@._V1_SX300.jpg','Big Time Rush','','','tt1131746'),(258,'Shinya Shokudo is a tv series from Japan since 2009. It tells many stories about ordinary people eat in shinya shokudo, which means a restaurant at midnight. This small restaurant opens from 12 in the evening to 7 in the morning.','2009–2014',0,0,8.6,2545,'https://m.media-amazon.com/images/M/MV5BODNiMzIyNWYtODY2Yy00YTcyLWIxMGItMzZkMWM3NmUwZTYwXkEyXkFqcGdeQXVyNzI1NzMxNzM@._V1_SX300.jpg','Midnight Diner','','','tt1882928'),(259,'Pocoyo, the curious toddler dressed all in blue, joins Pato the yellow duck, Elly the pink elephant, Loula the dog, Sleepy Bird and many others in learning new things and having fun.','2005–',0,0,7.3,1761,'https://m.media-amazon.com/images/M/MV5BMTUxNzQ3MTI5Ml5BMl5BanBnXkFtZTcwNzcyNTE0MQ@@._V1_SX300.jpg','Pocoyo','','','tt0487849'),(260,'Animated satire of survivor reality shows featuring random teenage archetypes vying for the final prize by any means necessary.','2007–2014',0,0,7.4,11963,'https://m.media-amazon.com/images/M/MV5BOTAzMjM0N2MtOWYwZS00N2Q1LWFhNjMtNWEyMTIxMmFhNmY4XkEyXkFqcGdeQXVyOTQ1MjE4OTE@._V1_SX300.jpg','Total Drama','','','tt1173427'),(261,'A mother, her daughter, and their respective \"hunks of spunk\" negotiate life in suburban Australia.','2002–2007',0,0,8.3,4565,'https://m.media-amazon.com/images/M/MV5BNjU5M2YxNTctMDhmMS00YTE0LTg1MTItNzhmYzcyZmUxYmYzXkEyXkFqcGdeQXVyMTA3MzQ4MTc0._V1_SX300.jpg','Kath & Kim','','','tt0272397'),(263,'A retired circus bear settles into the woods and prepares for a quiet new life surrounded by peace and tranquility until he is introduced to an adventurous little girl named Masha.','2007–',0,0,7.5,3341,'https://m.media-amazon.com/images/M/MV5BOTBkNWQ3OWEtYjUyNy00ODBmLWE3ZTMtOWJhZWYyMmE2MGI1XkEyXkFqcGdeQXVyNzMwOTY2NTI@._V1_SX300.jpg','Masha and the Bear','','','tt1884856'),(264,'A conspiracy around Laplace\'s Box is potentially going to start another war between the Earth Federation and Neo Zeon. Chosen by fate, Banagher Links gets the key to the box, and must follow his heart to decide what to do with it.','2010–2014',0,0,7.7,1454,'https://m.media-amazon.com/images/M/MV5BY2RmOTBkMWItYzJlYy00MDQ3LWEyNDUtMDg3YzI0YTNlYTlmXkEyXkFqcGdeQXVyNzgzODI1OTE@._V1_SX300.jpg','Mobile Suit Gundam Unicorn','','','tt1587790'),(265,'Saving the world from an evil madman? Not a problem for this kid. Finding his birth parents? That\'s the real adventure!','2008–2017',0,0,8.1,1642,'https://m.media-amazon.com/images/M/MV5BMjNlMzNjMTMtNDAxYi00M2QxLTlmYWQtMTdkZDljMmIzYjI5XkEyXkFqcGdeQXVyMzM4NjcxOTc@._V1_SX300.jpg','Wakfu','','','tt1807824'),(268,'A lasagne-loving pussycat adventures and explores the differences between good and bad, and right and wrong.','2008–2016',0,0,5.4,2791,'https://m.media-amazon.com/images/M/MV5BYWJkODE3NjMtNTUzMi00MDg4LTk3NTYtZDEyZmU5OTFhYTBhXkEyXkFqcGdeQXVyMTA1NTQ5Nzcz._V1_SX300.jpg','The Garfield Show','','','tt1470837'),(269,'The friendship between fairy princess Holly and Ben Elf in the magical Kingdom of elves and fairies.','2009–2013',0,0,7.4,1372,'https://m.media-amazon.com/images/M/MV5BYTViNmY1MmEtNDNmMi00ODgyLWJhNDgtY2E5NzA0NGFmMTk5XkEyXkFqcGdeQXVyNjMxMzM3NDI@._V1_SX300.jpg','Ben & Holly\'s Little Kingdom','','','tt1436544'),(271,'Shrek and his pals have a series of adventures.','2010',0,0,6.6,421,'https://m.media-amazon.com/images/M/MV5BNzczODM5ZDItZDg3Ny00Yjk0LWFjZDAtNGJiNWQxM2U5YTcwXkEyXkFqcGdeQXVyNDQ5MDYzMTk@._V1_SX300.jpg','DreamWorks Shrek\'s Swamp Stories','','','tt6950338'),(272,'A spinoff of Girlfriends (2000) featuring a group of women who all have relationships with professional football players.','2006–2015',0,0,6.8,4590,'https://m.media-amazon.com/images/M/MV5BNmQ3ZDBlMWItZDFkNS00Y2NjLWFmMDYtYTBmMTJjYWVjNzVhXkEyXkFqcGdeQXVyODQ1NTk5OQ@@._V1_SX300.jpg','The Game','','','tt0772137'),(274,'The adventures, escapades and mishaps of Pororo the little penguin and his many varied friends.','2003–',0,0,6.1,99,'https://m.media-amazon.com/images/M/MV5BMDg4YmZmZWMtMGJhYi00M2NjLTljMDQtNzU5YjhlYmRiYjYxXkEyXkFqcGdeQXVyNzEzNjU1NDg@._V1_SX300.jpg','Pororo the Little Penguin','','','tt3968668'),(277,'Zig, a famished hyena comes up with the craziest plans to make a meal out of Marina, the carefree mermaid. But that\'s forgetting all about Sharko, the muscly shark who will do anything to protect her.','2010–',0,0,6.8,729,'https://m.media-amazon.com/images/M/MV5BYmRhN2I1YTItMTQ0Yi00ZmUzLThkZWItZGY1NzljMGNiZGY5XkEyXkFqcGdeQXVyMTMxODU3NzM@._V1_SX300.jpg','Zig & Sharko','','','tt2046005'),(278,'The adventures of average suburban boy Johnny Test, who wittingly plays test subject for his genius twin sisters\' various experiments, reluctantly fighting evil villains in the process.','2005–2014',0,0,5.1,8663,'https://m.media-amazon.com/images/M/MV5BZDVhZWVkNTUtMTE1OC00YmViLWJlMzYtNTQwYmI3MmQ3OGYzXkEyXkFqcGdeQXVyODk1MjAxNzQ@._V1_SX300.jpg','Johnny Test','','','tt0454349'),(279,'In this creative animation about a girl and her dragon best friend they go on adventures where they have to move all around to get to the next door. This series is great if you want your kids to keep moving while watching TV.','2007–',0,0,4.3,136,'https://m.media-amazon.com/images/M/MV5BNmMzYjgyZDEtZmE1Yi00NGExLTg1NGYtYTYwNjc0MWUxMmE4XkEyXkFqcGdeQXVyNjExODE1MDc@._V1_SX300.jpg','Bo on the GO!','','','tt1516172'),(280,'Mona and Dee Dee are half-sisters with the same father who didn\'t really know each other when they were little and are complete opposites, but as adults they live in the same apartment building and at least try to bond.','2002–2006',0,0,7.1,1930,'https://m.media-amazon.com/images/M/MV5BMjAxNTUzZmItZWFmZS00NzQzLWE1MGQtNzJkNjQ3Mjc3MjZhXkEyXkFqcGdeQXVyNjE4OTY3NTg@._V1_SX300.jpg','Half & Half','','','tt0320024'),(282,'Max Taylor is the son of paleontologist Dr. Spike Taylor and is a fan of dinosaurs. Upon falling out of bed one morning, he sees something crashing into the woods. With his friends/fellow D-Team members Rex Owen and Zoe Drake, the...','2007–2009',0,0,5.8,792,'https://m.media-amazon.com/images/M/MV5BNmIwNzVkOTMtMTVkOC00ZGNkLWJhMTUtZGJiM2MyMDYyMDA5XkEyXkFqcGdeQXVyOTA1ODU0Mzc@._V1_SX300.jpg','Dinosaur King','','','tt1524993'),(283,'A colombian macho guy with fellings, a heart-breaker, an unintentional womanizer and a avid dancer.','2001–',0,0,7.4,356,'https://m.media-amazon.com/images/M/MV5BMjE4NzAwODM3MV5BMl5BanBnXkFtZTcwMDM5MzkyMQ@@._V1_SX300.jpg','Pedro el escamoso','','','tt0283770'),(284,'For Horrid Henry, life is just not fair! He feels that the rest of the world is against him and he wages a constant war against the tyranny of adults. Like any headstrong young boy, he is determined, relentless, he doesn\'t hold ba...','2006–',0,0,6.4,1046,'https://m.media-amazon.com/images/M/MV5BNzg4MmE5NGUtMjVjZi00NjI4LWE3NjAtOGQzM2RkNDE1Y2JiXkEyXkFqcGdeQXVyMjI4NjA4OTg@._V1_SX300.jpg','Horrid Henry','','','tt0985991'),(285,'Follows the lives of five young women in Colombia and each of their ties with drug traffickers and trafficking.','2009–',0,0,6.6,322,'https://m.media-amazon.com/images/M/MV5BNjk4ODk3MTEtYzU1ZS00ZDBlLTkzZGItZDZmNDcyYzA2ODFmXkEyXkFqcGdeQXVyMTMxODk2OTU@._V1_SX300.jpg','Las muñecas de la mafia','','','tt1585368'),(287,'Timmy, adorable he may be. He\'s a little lamb with a lot to learn. He has just turned 3 (in sheep years) and being an only lamb in the flock he is used to his own way. Timmy is going to have to learn to get along with other little...','2009–2019',0,0,6.8,1170,'https://m.media-amazon.com/images/M/MV5BMTgyZDdkMmEtNDA3NS00ZDk3LWJmMzEtMGRlOTgwMDBmMGZhXkEyXkFqcGdeQXVyNzMwOTY2NTI@._V1_SX300.jpg','Timmy Time','','','tt1125758'),(288,'The National Security Service (NSS) is a secret South Korean black ops agency that takes on a secret terrorist organization, called IRIS.','2009–2013',0,0,7.7,2123,'https://m.media-amazon.com/images/M/MV5BMzgwZDZiYzEtZjdmYS00NDVlLTg4MWUtNzJhNjc4ZmI5YzBiXkEyXkFqcGdeQXVyMzE4MDkyNTA@._V1_SX300.jpg','Ailiseu','','','tt1757202'),(289,'In a big city where various vehicles are happily living together, our little bus Tayo has just started learning his route in the city. There is lots more to learn for Tayo. Tayo and his friendly friends Rogi, Lani and Gani are hel...','2010–2019',0,0,5.3,162,'https://m.media-amazon.com/images/M/MV5BM2M3N2QyNjYtZTg4OS00ODkxLWJjOGYtMzlhZTdmMDkyNGJkXkEyXkFqcGdeQXVyNTM3MDMyMDQ@._V1_SX300.jpg','Tayo, the Little Bus','','','tt3270208'),(290,'A sportscaster must take on the responsibility of being a full-time dad when his teenage daughter moves in with him.','2001–2006',0,0,7.1,2397,'https://m.media-amazon.com/images/M/MV5BNTdlNjUyOTMtOWIxNC00MzQ0LTk2OGItNzgwMzVlZWYwMTczXkEyXkFqcGdeQXVyNTg3Njg4ODI@._V1_SX300.jpg','One on One','','','tt0284770'),(291,'Trotro is a little donkey with a head full of ideas. He knows exactly what he likes and doesn\'t like. He\'s a positive and engaging hero, with whom young children will easily identify.','2004–',0,0,6.3,132,'https://m.media-amazon.com/images/M/MV5BMjQ4YmQ2MGMtZDVlYy00ZWI5LTk0ZmEtNDE3MDVlYjk3N2Q5XkEyXkFqcGdeQXVyNTM3MDMyMDQ@._V1_SX300.jpg','Trotro','','','tt1074443'),(292,'A collection of animated tales includes shrek\'s thrilling tales and scared shrekless.','2009–2010',0,0,5.7,23,'N/A','DreamWorks Spooky Stories','','','tt6958564'),(293,'Follows the sun-baked adventures of Oscar, a lizard in the middle of the desert finding himself misadventures wherever he goes, from finding water to fleeing from a band of misfits.','2011–',0,0,7.4,637,'https://m.media-amazon.com/images/M/MV5BZGM3ZjQ3YmEtMmNkNi00NDAzLWIwYzAtNjRjYmIyY2VmYWVlXkEyXkFqcGdeQXVyMTcwMjMzNTQ@._V1_SX300.jpg','Oscar\'s Oasis','','','tt2080922'),(294,'Leading astronomers reveal the latest discoveries about death-trap planets, asteroids, comets and other wonders of the cosmos.','2002–',0,0,7.2,219,'https://m.media-amazon.com/images/M/MV5BYzZiMjBjNzYtZjYzMC00OTdiLWJmZjgtNGRhZDAzM2M4YmY3XkEyXkFqcGdeQXVyNTM3MDMyMDQ@._V1_SX300.jpg','Edge of the Universe','','','tt6951568'),(298,'A \"switch at birth\" story... Set in Colombia... two baby boys are the víctims.','2007–',0,0,7.2,234,'https://m.media-amazon.com/images/M/MV5BNjJhYzlkY2MtYjUxNy00YTQwLWFlZWQtNzg2NGUwYTk1MjBkXkEyXkFqcGdeQXVyNDUzNzExOTE@._V1_SX300.jpg','Nuevo rico, nuevo pobre','','','tt1233451'),(300,'Chhota Bheem is an Indian animated series adventures about a boy named Bheem and his friends in fictional village of Dholakpur.Bheem and his friends are usually involved in protecting the village from various evil forces.','2008–',0,0,4.4,986,'https://m.media-amazon.com/images/M/MV5BMzAyMDQwMGYtMGNmNS00OWM4LTlmMTAtM2E5YjQ4Yjk1ZmEwXkEyXkFqcGdeQXVyMTMxODk2OTU@._V1_SX300.jpg','Chhota Bheem','','','tt4570986'),(301,'An ordinary girl marries a handsome heir after she became pregnant with his child from a one night stand.','2008–',0,0,7.4,507,'https://m.media-amazon.com/images/M/MV5BZjA3MTY3MTEtYjg2NC00OGZmLThiOGEtOTc1MjBiMjc4OWRmXkEyXkFqcGdeQXVyMjg0MTI5NzQ@._V1_SX300.jpg','Ming zhong zhu ding wo ai ni','','','tt1483930'),(302,'Documentary about the creation of the Commando\'s and their exploits in all areas of conflict','2001–',0,0,7.3,48,'https://m.media-amazon.com/images/M/MV5BZTUyOTA0OTctNDA4ZC00MGFmLWFjY2YtMDVhZDBkY2U0ZDQxXkEyXkFqcGdeQXVyNTI3NTM4MTA@._V1_SX300.jpg','Behind Enemy Lines','','','tt5170230'),(303,'At the intersection of the near future and the reimagined past, waits a world in which every human appetite can be indulged without consequence.','2016–2022',4,36,8.5,511424,'https://m.media-amazon.com/images/M/MV5BZDg1OWRiMTktZDdiNy00NTZlLTg2Y2EtNWRiMTcxMGE5YTUxXkEyXkFqcGdeQXVyMTM2MDY0OTYx._V1_SX300.jpg','Westworld','','','tt0475784'),(304,'In the mid 23rd century, the Earth Alliance space station Babylon 5, located in neutral territory, is a major focal point for political intrigue, racial tensions and various wars over the course of five years.','1993–1998',5,111,8.4,33208,'https://m.media-amazon.com/images/M/MV5BN2Q3ZWM0YzgtMGU0Mi00OWM0LWIwNzctNmQ4NTUyYTk0ZWY2XkEyXkFqcGdeQXVyMzYyMzU2OA@@._V1_SX300.jpg','Babylon 5','','','tt0105946'),(305,'Epic drama set thousands of years before the events of J.R.R. Tolkien\'s \'The Hobbit\' and \'The Lord of the Rings\' follows an ensemble cast of characters, both familiar and new, as they confront the long-feared re-emergence of evil ...','2022–',0,0,7,335341,'https://m.media-amazon.com/images/M/MV5BNTg3NjcxYzgtYjljNC00Y2I2LWE3YmMtOTliZTkwYTE1MmZiXkEyXkFqcGdeQXVyNTY4NDc5MDE@._V1_SX300.jpg','The Lord of the Rings: The Rings of Power','','','tt7631058'),(306,'Jedi Knights lead the Grand Army of the Republic against the droid army of the Separatists.','2008–2020',0,0,8.4,109356,'https://m.media-amazon.com/images/M/MV5BZWFlNzRmOTItZjY1Ni00ZjZkLTk5MDgtOGFhOTYzNWFhYzhmXkEyXkFqcGdeQXVyMDM2NDM2MQ@@._V1_SX300.jpg','Star Wars: The Clone Wars','','','tt0458290'),(307,'Zain, the patriarch of the \'Atareen\' family built a dynasty around him that controls his clandestine empire.','2017–',2,120,5.7,185,'https://m.media-amazon.com/images/M/MV5BNzUyZWViMDQtNzVkZC00OWM0LWFiZTEtMDZhZmY5ZTJkYzFjL2ltYWdlXkEyXkFqcGdeQXVyMzcxNzczMDM@._V1_SX300.jpg','The Godfather','','','tt6439506'),(308,'The Caped Crusader and his young ward battle evildoers in Gotham City.','1966–1968',3,120,7.5,24849,'https://m.media-amazon.com/images/M/MV5BYTc5NGZhNjktOTVhNi00NzBmLTk1MTgtMjEzNDI0OWYxYWVlXkEyXkFqcGdeQXVyMTEyNzgwMDUw._V1_SX300.jpg','Batman','','','tt0059968');
/*!40000 ALTER TABLE `tvshows` ENABLE KEYS */;
UNLOCK TABLES;

--
-- Table structure for table `users`
--

DROP TABLE IF EXISTS `users`;
/*!40101 SET @saved_cs_client     = @@character_set_client */;
/*!50503 SET character_set_client = utf8mb4 */;
CREATE TABLE `users` (
  `ID` int NOT NULL AUTO_INCREMENT,
  `Username` longtext CHARACTER SET utf8mb4 COLLATE utf8mb4_0900_ai_ci NOT NULL,
  `Email` longtext CHARACTER SET utf8mb4 COLLATE utf8mb4_0900_ai_ci NOT NULL,
  `Password` longtext CHARACTER SET utf8mb4 COLLATE utf8mb4_0900_ai_ci NOT NULL,
  `ProfileImage` longtext CHARACTER SET utf8mb4 COLLATE utf8mb4_0900_ai_ci,
  `AdminID` int DEFAULT NULL,
  `Designation` longtext CHARACTER SET utf8mb4 COLLATE utf8mb4_0900_ai_ci,
  `RegistrationDate` datetime(6) NOT NULL DEFAULT '0001-01-01 00:00:00.000000',
  `SubtitleDownload` int NOT NULL DEFAULT '0',
  `SubtitleUpload` int NOT NULL DEFAULT '0',
  `funFact` longtext CHARACTER SET utf8mb4 COLLATE utf8mb4_0900_ai_ci,
  `isBanned` tinyint(1) NOT NULL DEFAULT '0',
  PRIMARY KEY (`ID`),
  KEY `IX_Users_AdminID` (`AdminID`),
  CONSTRAINT `FK_Users_Admins_AdminID` FOREIGN KEY (`AdminID`) REFERENCES `admins` (`ID`)
) ENGINE=InnoDB AUTO_INCREMENT=81 DEFAULT CHARSET=utf8mb4 COLLATE=utf8mb4_0900_ai_ci;
/*!40101 SET character_set_client = @saved_cs_client */;

--
-- Dumping data for table `users`
--

LOCK TABLES `users` WRITE;
/*!40000 ALTER TABLE `users` DISABLE KEYS */;
INSERT INTO `users` VALUES (69,'berunTest','berun.agic@edu.fit.ba','$2a$11$P8W0ZVMLePDLFoV/0uXNvOtElKFX6YOSDz3//OI18iSelvJ00//1O','',NULL,'Not specified','2023-03-14 15:41:06.049286',12,10,'',0),(71,'random','random@gmail.com','$2a$11$HMaZNPJc5R0H2I3R2WKGLeLqKuc1LmhaxkEztwsUemVdfK8g.OLAu','images/users/random08-May-23181622.jpg',NULL,'','2023-03-28 16:39:56.789000',0,10,'nesto novo',0),(72,'test','test@gmail.com','$2a$11$EC/R9Yi9zTsRey6XB8mMHOw2zpkywfcGeb/YBQY9xFMwxT9yJHafC','images/users/test09-May-23230855.jpg',NULL,'Administrator','2023-04-02 15:41:19.208334',0,0,'',0),(73,'farisTest','farisTest@gmail.com','$2a$11$aEpsLnjnIZiJsP6TUPSR5.UZ60QCh8UT4mZH9ukUbClNUOlNXgUk6','',NULL,'Not specified','2023-05-13 00:35:12.929947',0,0,'',0),(74,'testiramo','testiramo@gmail.com','$2a$11$qogYfMpMEsvM6TgqO3lUxO66ji1LoJTy2ffWidxU8GM1UQvTXy9xS','',NULL,'Not specified','2023-05-18 21:36:23.159683',0,0,'',0),(75,'nekibruda','nekibruda@gmail.com','$2a$11$nrbs9v7bi2qgv8bTd5ugUeP8kjoXIlk7V6ItyeDN7.mPg8y1ABMEK','',NULL,'Not specified','2023-07-18 21:08:51.568499',1,1,'',0),(76,'elvedin_sakic','elvedin_sakic@gmail.com','$2a$11$Ie0J5wDSQec3dGFxRF1couoUCKQPag8iyBPuN/jhOIH6KKRxdbi7W','',NULL,'Not specified','2023-08-01 00:19:11.058987',4,10,'',0),(77,'berunTest123','berun.test@hotmail.com','$2a$11$gC8b6OmRqQ2DjJkXDM7arOH7f9aMZBJlWPHvVrzv5O2Qms4q.PJFK','',NULL,'Not specified','2023-08-01 09:42:28.699776',4,11,'',0),(78,'Everest','everest.mountain@hotmail.com','$2a$11$voHslBt2WWz9rh/VbWqIpunRJAG8BWHNtYL21pUdi.z6Qwc69in9O','',NULL,'Not specified','2023-08-18 09:17:43.571083',0,0,'',0),(79,'Planina','everest.planina@hotmail.com','$2a$11$w3G.ylBpo7YrNlIo5M5tfeIlHAuGQ7e5kNJx55w5ZRDhHb2E.M7HS','',NULL,'Not specified','2023-08-21 10:21:43.533494',0,0,'',0),(80,'TaDa','taDa.mountain@hotmail.com','$2a$11$MW4TvBXoh2ergGip2liQPOAq33KGmuxNSbfITmMRGxVMZP.V9S.w2','',NULL,'Not specified','2023-08-25 14:58:01.385897',0,0,'',0);
/*!40000 ALTER TABLE `users` ENABLE KEYS */;
UNLOCK TABLES;

--
-- Table structure for table `userslanguages`
--

DROP TABLE IF EXISTS `userslanguages`;
/*!40101 SET @saved_cs_client     = @@character_set_client */;
/*!50503 SET character_set_client = utf8mb4 */;
CREATE TABLE `userslanguages` (
  `UserID` int NOT NULL,
  `LanguageID` int NOT NULL,
  PRIMARY KEY (`UserID`,`LanguageID`),
  KEY `IX_UsersLanguages_LanguageID` (`LanguageID`),
  CONSTRAINT `FK_UsersLanguages_Languages_LanguageID` FOREIGN KEY (`LanguageID`) REFERENCES `languages` (`ID`) ON DELETE CASCADE,
  CONSTRAINT `FK_UsersLanguages_Users_UserID` FOREIGN KEY (`UserID`) REFERENCES `users` (`ID`) ON DELETE CASCADE
) ENGINE=InnoDB DEFAULT CHARSET=utf8mb4 COLLATE=utf8mb4_0900_ai_ci;
/*!40101 SET character_set_client = @saved_cs_client */;

--
-- Dumping data for table `userslanguages`
--

LOCK TABLES `userslanguages` WRITE;
/*!40000 ALTER TABLE `userslanguages` DISABLE KEYS */;
INSERT INTO `userslanguages` VALUES (71,2),(71,12),(71,15),(71,17),(71,18);
/*!40000 ALTER TABLE `userslanguages` ENABLE KEYS */;
UNLOCK TABLES;

--
-- Table structure for table `usersmovies`
--

DROP TABLE IF EXISTS `usersmovies`;
/*!40101 SET @saved_cs_client     = @@character_set_client */;
/*!50503 SET character_set_client = utf8mb4 */;
CREATE TABLE `usersmovies` (
  `UserID` int NOT NULL,
  `MovieID` int NOT NULL,
  PRIMARY KEY (`UserID`,`MovieID`),
  KEY `IX_UsersMovies_MovieID` (`MovieID`),
  CONSTRAINT `FK_UsersMovies_Movies_MovieID` FOREIGN KEY (`MovieID`) REFERENCES `movies` (`ID`) ON DELETE CASCADE,
  CONSTRAINT `FK_UsersMovies_Users_UserID` FOREIGN KEY (`UserID`) REFERENCES `users` (`ID`) ON DELETE CASCADE
) ENGINE=InnoDB DEFAULT CHARSET=utf8mb4 COLLATE=utf8mb4_0900_ai_ci;
/*!40101 SET character_set_client = @saved_cs_client */;

--
-- Dumping data for table `usersmovies`
--

LOCK TABLES `usersmovies` WRITE;
/*!40000 ALTER TABLE `usersmovies` DISABLE KEYS */;
INSERT INTO `usersmovies` VALUES (69,17),(71,17),(71,18),(71,19),(72,22),(69,51);
/*!40000 ALTER TABLE `usersmovies` ENABLE KEYS */;
UNLOCK TABLES;

--
-- Table structure for table `userstvshows`
--

DROP TABLE IF EXISTS `userstvshows`;
/*!40101 SET @saved_cs_client     = @@character_set_client */;
/*!50503 SET character_set_client = utf8mb4 */;
CREATE TABLE `userstvshows` (
  `UserID` int NOT NULL,
  `TVShowID` int NOT NULL,
  PRIMARY KEY (`UserID`,`TVShowID`),
  KEY `IX_UsersTVShows_TVShowID` (`TVShowID`),
  CONSTRAINT `FK_UsersTVShows_TVShows_TVShowID` FOREIGN KEY (`TVShowID`) REFERENCES `tvshows` (`ID`) ON DELETE CASCADE,
  CONSTRAINT `FK_UsersTVShows_Users_UserID` FOREIGN KEY (`UserID`) REFERENCES `users` (`ID`) ON DELETE CASCADE
) ENGINE=InnoDB DEFAULT CHARSET=utf8mb4 COLLATE=utf8mb4_0900_ai_ci;
/*!40101 SET character_set_client = @saved_cs_client */;

--
-- Dumping data for table `userstvshows`
--

LOCK TABLES `userstvshows` WRITE;
/*!40000 ALTER TABLE `userstvshows` DISABLE KEYS */;
INSERT INTO `userstvshows` VALUES (69,25);
/*!40000 ALTER TABLE `userstvshows` ENABLE KEYS */;
UNLOCK TABLES;

--
-- Dumping routines for database 'captioneer'
--
/*!50003 DROP PROCEDURE IF EXISTS `POMELO_AFTER_ADD_PRIMARY_KEY` */;
/*!50003 SET @saved_cs_client      = @@character_set_client */ ;
/*!50003 SET @saved_cs_results     = @@character_set_results */ ;
/*!50003 SET @saved_col_connection = @@collation_connection */ ;
/*!50003 SET character_set_client  = utf8mb4 */ ;
/*!50003 SET character_set_results = utf8mb4 */ ;
/*!50003 SET collation_connection  = utf8mb4_0900_ai_ci */ ;
/*!50003 SET @saved_sql_mode       = @@sql_mode */ ;
/*!50003 SET sql_mode              = 'ONLY_FULL_GROUP_BY,STRICT_TRANS_TABLES,NO_ZERO_IN_DATE,NO_ZERO_DATE,ERROR_FOR_DIVISION_BY_ZERO,NO_ENGINE_SUBSTITUTION' */ ;
DELIMITER ;;
CREATE DEFINER=`captioneerdev`@`%` PROCEDURE `POMELO_AFTER_ADD_PRIMARY_KEY`(IN `SCHEMA_NAME_ARGUMENT` VARCHAR(255), IN `TABLE_NAME_ARGUMENT` VARCHAR(255), IN `COLUMN_NAME_ARGUMENT` VARCHAR(255))
BEGIN
	DECLARE HAS_AUTO_INCREMENT_ID INT(11);
	DECLARE PRIMARY_KEY_COLUMN_NAME VARCHAR(255);
	DECLARE PRIMARY_KEY_TYPE VARCHAR(255);
	DECLARE SQL_EXP VARCHAR(1000);
	SELECT COUNT(*)
		INTO HAS_AUTO_INCREMENT_ID
		FROM `information_schema`.`COLUMNS`
		WHERE `TABLE_SCHEMA` = (SELECT IFNULL(SCHEMA_NAME_ARGUMENT, SCHEMA()))
			AND `TABLE_NAME` = TABLE_NAME_ARGUMENT
			AND `COLUMN_NAME` = COLUMN_NAME_ARGUMENT
			AND `COLUMN_TYPE` LIKE '%int%'
			AND `COLUMN_KEY` = 'PRI';
	IF HAS_AUTO_INCREMENT_ID THEN
		SELECT `COLUMN_TYPE`
			INTO PRIMARY_KEY_TYPE
			FROM `information_schema`.`COLUMNS`
			WHERE `TABLE_SCHEMA` = (SELECT IFNULL(SCHEMA_NAME_ARGUMENT, SCHEMA()))
				AND `TABLE_NAME` = TABLE_NAME_ARGUMENT
				AND `COLUMN_NAME` = COLUMN_NAME_ARGUMENT
				AND `COLUMN_TYPE` LIKE '%int%'
				AND `COLUMN_KEY` = 'PRI';
		SELECT `COLUMN_NAME`
			INTO PRIMARY_KEY_COLUMN_NAME
			FROM `information_schema`.`COLUMNS`
			WHERE `TABLE_SCHEMA` = (SELECT IFNULL(SCHEMA_NAME_ARGUMENT, SCHEMA()))
				AND `TABLE_NAME` = TABLE_NAME_ARGUMENT
				AND `COLUMN_NAME` = COLUMN_NAME_ARGUMENT
				AND `COLUMN_TYPE` LIKE '%int%'
				AND `COLUMN_KEY` = 'PRI';
		SET SQL_EXP = CONCAT('ALTER TABLE `', (SELECT IFNULL(SCHEMA_NAME_ARGUMENT, SCHEMA())), '`.`', TABLE_NAME_ARGUMENT, '` MODIFY COLUMN `', PRIMARY_KEY_COLUMN_NAME, '` ', PRIMARY_KEY_TYPE, ' NOT NULL AUTO_INCREMENT;');
		SET @SQL_EXP = SQL_EXP;
		PREPARE SQL_EXP_EXECUTE FROM @SQL_EXP;
		EXECUTE SQL_EXP_EXECUTE;
		DEALLOCATE PREPARE SQL_EXP_EXECUTE;
	END IF;
END ;;
DELIMITER ;
/*!50003 SET sql_mode              = @saved_sql_mode */ ;
/*!50003 SET character_set_client  = @saved_cs_client */ ;
/*!50003 SET character_set_results = @saved_cs_results */ ;
/*!50003 SET collation_connection  = @saved_col_connection */ ;
/*!50003 DROP PROCEDURE IF EXISTS `POMELO_BEFORE_DROP_PRIMARY_KEY` */;
/*!50003 SET @saved_cs_client      = @@character_set_client */ ;
/*!50003 SET @saved_cs_results     = @@character_set_results */ ;
/*!50003 SET @saved_col_connection = @@collation_connection */ ;
/*!50003 SET character_set_client  = utf8mb4 */ ;
/*!50003 SET character_set_results = utf8mb4 */ ;
/*!50003 SET collation_connection  = utf8mb4_0900_ai_ci */ ;
/*!50003 SET @saved_sql_mode       = @@sql_mode */ ;
/*!50003 SET sql_mode              = 'ONLY_FULL_GROUP_BY,STRICT_TRANS_TABLES,NO_ZERO_IN_DATE,NO_ZERO_DATE,ERROR_FOR_DIVISION_BY_ZERO,NO_ENGINE_SUBSTITUTION' */ ;
DELIMITER ;;
CREATE DEFINER=`captioneerdev`@`%` PROCEDURE `POMELO_BEFORE_DROP_PRIMARY_KEY`(IN `SCHEMA_NAME_ARGUMENT` VARCHAR(255), IN `TABLE_NAME_ARGUMENT` VARCHAR(255))
BEGIN
	DECLARE HAS_AUTO_INCREMENT_ID TINYINT(1);
	DECLARE PRIMARY_KEY_COLUMN_NAME VARCHAR(255);
	DECLARE PRIMARY_KEY_TYPE VARCHAR(255);
	DECLARE SQL_EXP VARCHAR(1000);
	SELECT COUNT(*)
		INTO HAS_AUTO_INCREMENT_ID
		FROM `information_schema`.`COLUMNS`
		WHERE `TABLE_SCHEMA` = (SELECT IFNULL(SCHEMA_NAME_ARGUMENT, SCHEMA()))
			AND `TABLE_NAME` = TABLE_NAME_ARGUMENT
			AND `Extra` = 'auto_increment'
			AND `COLUMN_KEY` = 'PRI'
			LIMIT 1;
	IF HAS_AUTO_INCREMENT_ID THEN
		SELECT `COLUMN_TYPE`
			INTO PRIMARY_KEY_TYPE
			FROM `information_schema`.`COLUMNS`
			WHERE `TABLE_SCHEMA` = (SELECT IFNULL(SCHEMA_NAME_ARGUMENT, SCHEMA()))
				AND `TABLE_NAME` = TABLE_NAME_ARGUMENT
				AND `COLUMN_KEY` = 'PRI'
			LIMIT 1;
		SELECT `COLUMN_NAME`
			INTO PRIMARY_KEY_COLUMN_NAME
			FROM `information_schema`.`COLUMNS`
			WHERE `TABLE_SCHEMA` = (SELECT IFNULL(SCHEMA_NAME_ARGUMENT, SCHEMA()))
				AND `TABLE_NAME` = TABLE_NAME_ARGUMENT
				AND `COLUMN_KEY` = 'PRI'
			LIMIT 1;
		SET SQL_EXP = CONCAT('ALTER TABLE `', (SELECT IFNULL(SCHEMA_NAME_ARGUMENT, SCHEMA())), '`.`', TABLE_NAME_ARGUMENT, '` MODIFY COLUMN `', PRIMARY_KEY_COLUMN_NAME, '` ', PRIMARY_KEY_TYPE, ' NOT NULL;');
		SET @SQL_EXP = SQL_EXP;
		PREPARE SQL_EXP_EXECUTE FROM @SQL_EXP;
		EXECUTE SQL_EXP_EXECUTE;
		DEALLOCATE PREPARE SQL_EXP_EXECUTE;
	END IF;
END ;;
DELIMITER ;
/*!50003 SET sql_mode              = @saved_sql_mode */ ;
/*!50003 SET character_set_client  = @saved_cs_client */ ;
/*!50003 SET character_set_results = @saved_cs_results */ ;
/*!50003 SET collation_connection  = @saved_col_connection */ ;
/*!40103 SET TIME_ZONE=@OLD_TIME_ZONE */;

/*!40101 SET SQL_MODE=@OLD_SQL_MODE */;
/*!40014 SET FOREIGN_KEY_CHECKS=@OLD_FOREIGN_KEY_CHECKS */;
/*!40014 SET UNIQUE_CHECKS=@OLD_UNIQUE_CHECKS */;
/*!40101 SET CHARACTER_SET_CLIENT=@OLD_CHARACTER_SET_CLIENT */;
/*!40101 SET CHARACTER_SET_RESULTS=@OLD_CHARACTER_SET_RESULTS */;
/*!40101 SET COLLATION_CONNECTION=@OLD_COLLATION_CONNECTION */;
/*!40111 SET SQL_NOTES=@OLD_SQL_NOTES */;

-- Dump completed on 2023-08-28 20:08:00
